id,problem,first_name,last_name,name_display,legacy
e0add481-e6e9-4a6e-84d8-1b090da52c2e,O_ist_vermutlich_O_apostroph,O,Connell,,True
4b59f667-ebac-424c-8eb1-23e5a07c31e7,V_ist_vermutlich_von,V.,Arnim,,True
0bf697fd-2670-4071-af2e-98eeb2fa6729,V_ist_vermutlich_von,V.,Bredow,,True
89cb094d-7326-46f9-bf99-74f81f8eacd8,V_ist_vermutlich_von,V.,Buelow,,True
2dd909e3-fdb8-4c04-a987-0d2fde74bd94,V_ist_vermutlich_von,V.,Cornberg,,True
a1aedf3f-a416-48ff-8ff1-77ec846e2d5e,V_ist_vermutlich_von,V.,Daeniken,,True
7eef860c-9431-4b28-8393-ff0b1642fe1e,V_ist_vermutlich_von,V.,Felinau,,True
390b894b-a99e-4735-b26f-bacd94218b62,V_ist_vermutlich_von,V.,Gersdorff,,True
216cfb9f-9f27-4119-933c-ced8eb939e50,V_ist_vermutlich_von,V.,Gottberg,,True
c324d425-21fa-4471-8d1a-863f5e35cf62,V_ist_vermutlich_von,V.,Grote,,True
f7bb0d36-a8c3-4b38-b21d-8b522af5bbce,V_ist_vermutlich_von,V.,Hechelhammer,,True
c1cd937b-88d9-4423-8bd7-c45e710e666b,V_ist_vermutlich_von,V.,Kamphoevener,,True
ef11d570-515c-4b03-bd5d-01a9d1a018e9,V_ist_vermutlich_von,V.,Kuhwede,,True
5f705b69-4337-45bc-b932-5bb8057bfdf3,V_ist_vermutlich_von,V.,La Roche,,True
1476630f-2828-472d-a19f-ad23734e7937,V_ist_vermutlich_von,V.,Marschall,,True
43002f5d-a45b-4ba8-ba0e-6c48ea49cfe6,V_ist_vermutlich_von,V.,Peest,,True
72f89a5f-974b-4fdd-9991-3c5356c1c0f6,V_ist_vermutlich_von,V.,Ranke,,True
81fc8a58-cc65-4365-b9eb-04026bff879d,V_ist_vermutlich_von,V.,Retyi,,True
4109ab88-db34-4763-a905-9a77a9ad3b2a,V_ist_vermutlich_von,V.,Roeder Gnadeberg,,True
ebebb771-b5c5-42e2-b352-ce4916d07db9,V_ist_vermutlich_von,V.,Romaszkan,,True
e7537e20-d8b4-4221-93b5-aaab3146ffe6,V_ist_vermutlich_von,V.,Schoenfels,,True
368a4ee0-3170-4686-8863-fcce2d263de9,V_ist_vermutlich_von,V.,Smercek,,True
cfde5f5d-f3a4-4e03-b566-4b7aecd8f329,V_ist_vermutlich_von,V.,Wegen,,True
79c2faec-683d-4425-9e2d-f03a5c19d8d8,V_ist_vermutlich_von,V.,Weizsaecker,,True
82661ded-60a4-47c2-b68d-d92d2f1f88b5,V_ist_vermutlich_von,V.,Wolff,,True
fc7ccd03-8643-4f30-a72d-ec80485be9a2,V_ist_vermutlich_von,V.,Ziegesar,,True
6bd60e29-083d-4322-8e6a-d36d412f3eb4,nur_initialen,E. M.,Almedingen,,True
d5db88f9-8ae8-4fdc-be16-4b4688fd948e,nur_initialen,V. C.,Andrews,v c andrews,False
fdd26a50-6644-4b7e-b2eb-4fa5ffa6fc01,nur_initialen,A. A.,Attanasio,a. a. attanasio,False
4c243d6e-a3c9-49cf-a401-d99eaf63cfb7,nur_initialen,C.C.,Bergius,,True
0a834bf5-d70e-403e-99a3-f37399202676,nur_initialen,C. W.,Ceram,C. W. Ceram,False
9fc713d0-251e-4b7d-8e92-ad89052a89b2,nur_initialen,C. J.,Cherryh,c. j. cherryh,False
bb8f1ea6-97cd-42c3-8734-70241bce6c65,nur_initialen,G.,Clauß,g. clauß,False
ee04d99e-a914-474e-9f40-e0a5ce633707,nur_initialen,JP,Delaney,jp delaney,False
1561fb7c-01b9-4efb-9935-3e22e03c0473,nur_initialen,E.W.,Eschmann,e.w. eschmann,False
007c9d6a-9dff-4c2f-b637-a78f9fc8339e,nur_initialen,E.J.,Feuchtwanger,,True
6a0e839b-d708-43ad-934c-7a2435a83e23,nur_initialen,ANNA.,FUNDER,anna. funder,False
a2e531da-3954-4b33-b6f9-7bcaeb69c0a6,nur_initialen,E. W.,Heine,,True
63b295ea-8df6-4416-9432-3202584ebdd3,nur_initialen,E. T. A.,Hoffmann,E. T. A. Hoffmann,False
46aecc4c-18b2-4c3f-a072-4b51a34a7594,nur_initialen,P. D.,James,p_d_james,False
e68d0354-ca9e-42cb-8e53-80e325ffb767,nur_initialen,C.A.,James,,True
d417e1c5-bf85-4660-b198-314432a2ec22,nur_initialen,W.,Jan,w. jan,False
32f6a500-729f-4a7c-99c4-8b5c85a86c8e,nur_initialen,M. M.,Kaye,M. M. Kaye,False
7233fd5a-723c-46f9-a0d7-a2a9e8d30c15,nur_initialen,C. S.,Lewis,C. S. Lewis,False
2576d509-15ae-44b1-bcca-ed5452acd0ad,nur_initialen,M.,Li,,True
655b6069-576a-4f46-9b68-695e57274ac8,nur_initialen,T.T.,Mundakel,,True
ef5c21c1-035e-483c-b654-a8603fc69beb,nur_initialen,J. K.,Rowling,,True
f6dbf7b9-1100-4787-880e-f5c174f3b7bc,nur_initialen,B. C.,Schiller,b c schiller,False
552b2f2f-87cc-41fa-b9ec-9a222f74c9cd,nur_initialen,M. Z.,Thomas,m. z. thomas,False
956cad16-87d6-49bf-a4a7-e029ad4278dd,nur_initialen,J. R. R.,Tolkien,,True
63f15d82-da8c-40e5-a37c-1e2a56272f32,nur_initialen,B.,Traven,,True
4e670655-a170-4e6e-8cd9-e7c3f0722ff2,nur_initialen,E. E.,Vardiman,e. e. vardiman,False
5d3ffcc6-75eb-4ba2-b060-9d2f6b521e2c,nur_initialen,T. H.,White,T. H. White,False
edebac5d-b5a1-46c1-a5ba-8df2ddbc5964,nur_initialen,R. M.,Williams,R. M. Williams,False
c6441cc3-fec3-49a8-b60f-f98bf87dfee6,platzhalter,,Anonym,,True
3fd8dedd-32a4-4aef-a45f-d53d71946281,platzhalter,Beo,Unbekannt,,True
185d1464-566c-42fe-8d85-0fb71d0a140e,platzhalter,,Unknown,Unknown,False
6d3ac11f-a062-46ac-9993-d977f54adc9e,vorname_fehlt,,?,,True
6463bd66-b98e-4a24-8f9c-579e30f67972,vorname_fehlt,,A'Adamo,,True
e41d1d64-be08-4970-b5d9-899d2f887af4,vorname_fehlt,,Aaker,,True
97e6946c-5dc7-4916-a3cb-a1532d248cf9,vorname_fehlt,,Abbey,,True
cc01df76-a666-475b-adbe-ae6d7eeb2ba4,vorname_fehlt,,Abbing,,True
7266b894-b7c0-4c33-9585-89d7362b8913,vorname_fehlt,,Abdel-Samad,,True
04efd529-b844-426e-8170-381b7962e544,vorname_fehlt,,Abe,,True
6e6dc3b1-72c7-46bc-9004-b1ea7c816fbd,vorname_fehlt,,Abele,,True
84d01cd1-ee51-4e68-bd69-440d417671a8,vorname_fehlt,,Abraham,,True
e1e8fe56-169a-40b7-803a-4f35fc06b674,vorname_fehlt,,Adorf,,True
a7836064-8636-4353-af1e-a9382ebf21d0,vorname_fehlt,,Adridge,,True
9bdc907e-0165-4bdc-b2a5-b1843fdfcc5b,vorname_fehlt,,Afheldt,,True
4e6dd754-71b5-4d97-8341-8cd966615b55,vorname_fehlt,,Ahrens,,True
40dba5bd-858f-479c-ae4a-1063f5b573e7,vorname_fehlt,,Ahrnstedt,,True
1689ffa0-065e-47cf-9bef-669bbb18e5b3,vorname_fehlt,,Akers,,True
a86b6170-ff16-4e4e-a9de-c404e5827fda,vorname_fehlt,,Akunin,,True
d4e06cd1-72b5-44c0-abe5-0a42f60ff4fa,vorname_fehlt,,Akutagawa,,True
0ca9c7fc-bcf7-450c-a094-80c146c69f87,vorname_fehlt,,Akyol,,True
789c5757-675e-4485-9d36-44052bc0b80a,vorname_fehlt,,Al-Aswani,,True
d59dacca-c2f5-4c3b-b8f3-4aea21331462,vorname_fehlt,,Alaiyan,,True
6e01656c-e0b6-42bf-9634-1293200f87b6,vorname_fehlt,,Alanyali,,True
3324e6f3-1014-444f-8d95-3349e1efc330,vorname_fehlt,,Albery,,True
e24a4b52-a035-48a3-a272-98b2a5443ff1,vorname_fehlt,,Albin,,True
03e2bb4d-974c-4cee-8b10-04a2d5d22ded,vorname_fehlt,,Albrecht,,True
b57dddd3-b7c0-4081-b7d7-44286dd3c393,vorname_fehlt,,Alcantara,,True
4a8aa57f-6de0-4256-b304-cf0c39df138a,vorname_fehlt,,Alders,,True
0b49263f-b337-4edc-b39a-7c4bddaaf8c9,vorname_fehlt,,Aldridge,,True
ea49b992-ac3c-4cb3-aea2-af06a1b26959,vorname_fehlt,,Alef,,True
28538a47-6977-4160-8ffe-c42747380606,vorname_fehlt,,Alia,,True
24ade659-91ad-4883-a15d-4a0e0566babd,vorname_fehlt,,Alireza,,True
34250d1c-5e4a-431c-b9c1-f5107cac8f01,vorname_fehlt,,Allianz,,True
d6473aa9-240c-4f9f-951f-c8e06e0ca3fd,vorname_fehlt,,Alliott,,True
fbb2d6c5-d343-4f28-9759-4e1d31f61d67,vorname_fehlt,,Almeida,,True
e33273af-ac48-4d59-8479-cc2c9dd97bcd,vorname_fehlt,,Alsanea,,True
9b460220-78c1-4e39-8d04-028a9e531249,vorname_fehlt,,Alt,,True
226264cb-8649-4414-a2fc-593a82c0d245,vorname_fehlt,,Alten,,True
ff53f32e-5169-4d7b-b661-05e882dcc4a1,vorname_fehlt,,Alvarez,,True
3e4243b1-e48f-476e-80b2-72835ecf0333,vorname_fehlt,,Alves,,True
3e3185a5-68ca-4252-a74d-62f6fc268f9b,vorname_fehlt,,Ambrose,,True
bf80ddcd-4f90-4450-af9b-3ddd0320f438,vorname_fehlt,,Amend,,True
ed8153ad-a060-4f12-9df9-13cb80912c71,vorname_fehlt,,Amendt,,True
8708fefe-2178-4d25-9546-cd534f0e7d5f,vorname_fehlt,,Amery,,True
e77cc566-51b3-42b3-aace-87be00683da5,vorname_fehlt,,Amin,,True
fe4c564e-8c4d-4dc3-99c9-cd32cae4a3e7,vorname_fehlt,,Amnesty,,True
ef59c3a8-1725-4930-965d-a4b94ee631c1,vorname_fehlt,,Amos,,True
1a2d807e-b505-4290-9a8c-e90c6c366638,vorname_fehlt,,Anand,,True
9c9c9a02-e952-4db7-bbc3-0c4d07f4a8b7,vorname_fehlt,,Andrack,,True
8a054409-7dd0-493d-9412-3334a745b395,vorname_fehlt,,Andre,,True
c15280e8-031a-4286-bab5-97ae0727ac0a,vorname_fehlt,,Andrea,,True
74ea0e4b-fbd5-40ab-82ab-f8980051cc4c,vorname_fehlt,,Andres,,True
b680079e-4f99-4c70-820d-dd6ebf9633cf,vorname_fehlt,,Andresky,,True
ef7a696f-6a83-4037-808c-afa0ddcd31b7,vorname_fehlt,,Angres,,True
318442b8-154e-4f8c-8064-8c84b4622c5c,vorname_fehlt,,Ankowitsch,,True
5dc31c0c-4418-4771-a657-a358619af0f1,vorname_fehlt,,Anthony,,True
e5ff3c6f-6dd7-473e-9ef5-035240c7acb7,vorname_fehlt,,Antier,,True
c84f3e70-3e8e-4fdf-9e8c-070438fa7ab9,vorname_fehlt,,Antonis,,True
537245b6-0314-4a1e-a12c-840cc26ea4dc,vorname_fehlt,,Antunes,,True
28ecb19e-a505-4c33-85a8-8859dcf38abf,vorname_fehlt,,Apitz,,True
a4164b82-8c9f-43ac-9931-89ca9738dd79,vorname_fehlt,,Appignesi,,True
de3ac08f-6181-4e48-a27e-6fc690edbda5,vorname_fehlt,,Appl,,True
ad2fc812-68d5-4e59-949a-050d316846b4,vorname_fehlt,,Applegate,,True
dc2cde45-cd20-47aa-b18e-32e4100d264b,vorname_fehlt,,Arango,,True
9027c251-4292-4b12-993e-968d54947186,vorname_fehlt,,Arens,,True
4868d1ad-54ab-4fb5-9127-45b3419c68e9,vorname_fehlt,,Arenz,,True
bbc96ca3-e896-4505-b7ad-a6167e7a2b2c,vorname_fehlt,,Aris,,True
ef97879e-f1be-4ea0-94b7-817c434dbe22,vorname_fehlt,,Arkina,,True
8795ba87-bae6-48df-9aea-4549931a2fec,vorname_fehlt,,Armand,,True
5b37fa29-e419-4176-952d-9f93b4d27db8,vorname_fehlt,,Armer,,True
2b38de61-f4e5-433c-844d-bd0a75ba96f3,vorname_fehlt,,Arnau,,True
c18451fa-52ac-46c6-af8e-7f68030a8898,vorname_fehlt,,Arnemann,,True
2ceabbc1-6b35-48df-b5fb-7d8956541105,vorname_fehlt,,Arnothy,,True
a1df1b6d-40b3-4d0c-bdab-4095b37772b5,vorname_fehlt,,Arsan,,True
b6566d20-6f1f-42a1-a537-14cd37faffec,vorname_fehlt,,Arthus-Bertrand,,True
7bc6d09e-fdf3-476c-8073-3b8b7a110c84,vorname_fehlt,,Artus,,True
62ff21b2-585b-44fc-971c-155d9737f6ea,vorname_fehlt,,Arz,,True
342de382-b5f3-49fd-b26e-7d047e9f051a,vorname_fehlt,,Asal,,True
5832bfb9-bc53-46d7-9080-53e245ba3fcf,vorname_fehlt,,Ashley,,True
6cd2005a-e660-4fc9-8093-cbc8f2d2646a,vorname_fehlt,,Aslam,,True
32d89b5b-74f6-40ca-b61a-a3f275a3baf3,vorname_fehlt,,Asserate,,True
87192585-ded4-455c-9f51-df0b4790c653,vorname_fehlt,,Athwal,,True
717f4c58-e04c-442b-8776-49ae3884afd5,vorname_fehlt,,Aubert,,True
0bc124ce-c36c-4b7f-8b65-4126fe3fd5a1,vorname_fehlt,,Auboyer,,True
440c6449-0f90-4af3-919d-9922d45dd856,vorname_fehlt,,Audley,,True
454f3b2d-81a0-4bed-82db-34c0f2a1dc61,vorname_fehlt,,Augias,,True
c8cb412e-8ba5-444c-8999-6fdb8a5781ac,vorname_fehlt,,Augustiny,,True
c45e4312-58f5-43e0-966c-bbc83f778a4d,vorname_fehlt,,Aurel,,True
00248504-d696-4772-89c9-dabd2a7b3e7f,vorname_fehlt,,Ausenda,,True
29c9f5cd-99e3-4199-9161-20b0590035a5,vorname_fehlt,,Aust,,True
17078334-dc6b-44f2-b91d-0401ca2df130,vorname_fehlt,,Aveline,,True
11c8249a-fe9e-4756-95cb-04fd23a0810f,vorname_fehlt,,Avery,,True
3645aed2-fc68-465b-b7f8-6bef39ed494f,vorname_fehlt,,Avold,,True
6300c92e-ce4a-4e59-9da5-a5a6e4fff892,vorname_fehlt,,Aw,,True
937ba5b3-5405-4f34-b681-a1c72937edcb,vorname_fehlt,,Axelsson,,True
7fd420ec-d8d0-405d-958a-4aab3c0daee4,vorname_fehlt,,Ayata,,True
5db5245b-c607-456c-add2-4b4a0e34e945,vorname_fehlt,,Ayliffe,,True
a8041487-761c-4815-94fe-410462c1380e,vorname_fehlt,,Ayoub,,True
666644c5-75a4-4674-9381-03edc8150322,vorname_fehlt,,Aziz,,True
9d8dc90f-1ece-47b8-ae5c-356db4e0b48a,vorname_fehlt,,Azzedine,,True
f83dc16b-1f85-4f18-902a-cf08522b7014,vorname_fehlt,,Ba,,True
62eebd18-e9fa-4d6f-a9ec-d99210905cc3,vorname_fehlt,,Baar,,True
c80b00aa-3047-4ff7-a0a6-88c6feff178c,vorname_fehlt,,Babendererde,,True
a0799de7-9c8d-4ff3-955e-ecd60309895d,vorname_fehlt,,Bacchelli,,True
3b95524e-2402-45ef-b7c1-ba7c891c6bcf,vorname_fehlt,,Back,,True
b5a13e00-d740-4ad2-b88a-b5eef66293a7,vorname_fehlt,,Backe,,True
23533ea8-bdef-4da9-b59e-b44bccd0b519,vorname_fehlt,,Backes,,True
957629a1-d197-4712-b845-eccc4832194b,vorname_fehlt,,Bacon,,True
8fa23f3f-c791-4ccf-9b29-445ed85e796d,vorname_fehlt,,Badinter,,True
c8898b06-d6cb-49e3-ac6b-916629859e18,vorname_fehlt,,Baechler,,True
416d3c0d-30d0-42e6-b218-a614fed21402,vorname_fehlt,,Baedeker,,True
1bc0be8d-ece1-42a1-8efc-95780e142b1d,vorname_fehlt,,Baedekerl,,True
2e098849-dcc2-4b40-87ec-707672f9ca6d,vorname_fehlt,,Baerfuss,,True
cd7e26bb-4b6a-4158-b7b1-96cd197452bc,vorname_fehlt,,Baeumler,,True
f1274b8e-7d1e-4898-a1f7-7d06f4c6a4c9,vorname_fehlt,,Bagge,,True
99717437-6fb3-40be-b64d-093ac46c896a,vorname_fehlt,,Bah,,True
178d6d84-ced3-4fc5-bdf7-ffa49451eddc,vorname_fehlt,,Bahr,,True
edc1477b-c64c-4c19-b764-1c03817a5734,vorname_fehlt,,Bahro,,True
01420254-59fb-4775-9dd1-3f44aadf6117,vorname_fehlt,,Baigent,,True
88192d18-cb81-4b18-b892-b4c4cb0ac5cc,vorname_fehlt,,Baillie,,True
575ee9dd-fa75-4405-99c1-9ef2492c3408,vorname_fehlt,,Bain,,True
6571e2bf-5f46-495f-abb1-536a8f6e1506,vorname_fehlt,,Bainbridge,,True
37fd9535-0dc4-4f8d-b9d6-0eaa13c55f66,vorname_fehlt,,Baitar,,True
14ea7441-ea20-4bcf-8a22-a1c104e08bee,vorname_fehlt,,Ballard,,True
e7e9a744-a8fc-4bc2-8b67-ae38871ec7d4,vorname_fehlt,,Bamm,,True
b2dd664f-441d-48fb-9449-c739ad83a41a,vorname_fehlt,,Baneau,,True
f8fa11ca-21c9-4ba0-8436-f9ccab4a2df1,vorname_fehlt,,Banerjee,,True
7b938736-dc8f-4686-a28a-73994281cbe9,vorname_fehlt,,Bankhofer,,True
02362ca0-a826-4012-b5ec-d29ed3641a76,vorname_fehlt,,Bannalec,,True
cd4dad8e-d839-4363-8d13-36bbeb98a5ae,vorname_fehlt,,Banville,,True
a36c06d6-51b1-4bb5-a7fc-dfbf476428ff,vorname_fehlt,,Barak,,True
c5c08b31-1ca0-48dd-945f-5a5e59bd96db,vorname_fehlt,,Barbato,,True
086cf344-326c-41ae-8815-c2c803470ac5,vorname_fehlt,,Barbault,,True
757f4be4-fd33-45a0-873e-e957f043812b,vorname_fehlt,,Barber,,True
6cb75e0e-857b-4b54-a455-e24a3fb42a9f,vorname_fehlt,,Barbier,,True
9779f1cd-2eff-448f-b639-4b4526f5aeee,vorname_fehlt,,Barcata,,True
4bc6b26b-02de-4c48-804d-6b4abacced53,vorname_fehlt,,Barcelo,,True
8abacaec-4da5-4d91-923c-018da9ec1357,vorname_fehlt,,Bardorff,,True
8b8f8d48-51a8-4d86-ab13-83376ed99e44,vorname_fehlt,,Barille,,True
6d6113a4-ad9e-4699-93af-06cae2e038d5,vorname_fehlt,,Barnett,,True
a6d52e68-5bf7-48d4-88d6-77ebb46beab3,vorname_fehlt,,Barnhardt,,True
ed9e6c6b-f8bb-47c9-b5a1-b56465bc1e0c,vorname_fehlt,,Baron,,True
9b811534-c924-4783-b422-2e4ee0f744cf,vorname_fehlt,,Barone,,True
ed84e3f7-a285-4e81-b894-7ea0e91071ff,vorname_fehlt,,Barr,,True
52180bf9-6cc5-452e-93db-3e4548209855,vorname_fehlt,,Barrault,,True
3a6f8c69-2923-4593-9484-183c2efe1386,vorname_fehlt,,Barreau,,True
b2b834f8-a0b3-451d-bf92-98658f2868b2,vorname_fehlt,,Barril,,True
f21c16f9-ebca-4585-a1c5-368ce6b6cf0c,vorname_fehlt,,Barron,,True
65fdca3b-39a1-47fd-8e2f-acb87ea4772f,vorname_fehlt,,Barroso,,True
0c907a55-31c1-42c1-85ba-097f66625b68,vorname_fehlt,,Barry,,True
6b31b97c-8096-46d0-8b3c-6c818cfe12ac,vorname_fehlt,,Bartels,,True
8dfb1b10-b169-462e-a32b-cf274f283b9c,vorname_fehlt,,Barth,,True
377561c8-e84e-4e1c-b99e-0017f4aef31d,vorname_fehlt,,Barthel,,True
540e696f-4f94-47d7-a2b7-2daac17bd347,vorname_fehlt,,Bartos-Hoeppner,,True
a3508251-58ab-46f9-91b8-83001e81a34b,vorname_fehlt,,Bartsch,,True
bd04682f-3a51-4146-b9de-ff12c384bd0a,vorname_fehlt,,Bartschat,,True
739948eb-467e-433c-9c4b-a11187d7f58d,vorname_fehlt,,Barzini,,True
83d0a169-e20c-4a77-a351-980aeb374435,vorname_fehlt,,Bascom,,True
9305380b-b1cb-4866-a65a-4d74d16058fa,vorname_fehlt,,Bashawe,,True
d5b8f0dc-2d17-46bd-b6d4-ff2fdac278bb,vorname_fehlt,,Bass,,True
f4bade7c-f206-4d02-82b7-4b3a4e4a17c2,vorname_fehlt,,Bassani,,True
7dc29d27-2b92-44ac-9e7e-f0be529a1f2f,vorname_fehlt,,Bassett,,True
ce93fada-0784-4eab-8a6b-9cce0535fae2,vorname_fehlt,,Bastos,,True
e6f9874e-94ba-4964-9d93-f0a52050f4a9,vorname_fehlt,,Battuta,,True
d893e697-e6de-445d-aeae-d0b47a6d45d2,vorname_fehlt,,Bauer Wu,,True
13bc754f-1d6d-4e83-8a9e-0bf870e0d143,vorname_fehlt,,Baughman,,True
d6b809d8-a225-4af2-ab4e-f686f97e33dc,vorname_fehlt,,Baumeister,,True
065c9f8d-e435-4009-934e-a4769654e03f,vorname_fehlt,,Baumgaertner,,True
97faa96b-3899-478c-943d-577b12b2558d,vorname_fehlt,,Bausenhardt,,True
8a02eefb-e6b4-4695-9c53-bbbe7efc29df,vorname_fehlt,,Baxter,,True
01c54e3a-a472-4796-a092-7e62a0d2f216,vorname_fehlt,,Beagley,,True
0040f2c1-51a4-4ec3-9d69-a831ad2378ce,vorname_fehlt,,Bean,,True
6dc251fe-c175-4642-902f-bad12719c2fa,vorname_fehlt,,Beattie,,True
88bef365-4e16-4879-9d83-30d5458ab519,vorname_fehlt,,Beaver,,True
f527c6a2-7609-4f07-b6fc-72510f465062,vorname_fehlt,,Beckenbauer,,True
aa015734-5c46-44ad-804a-885fe173a1dc,vorname_fehlt,,Beckett,,True
9e2e96d0-816f-4028-b8cb-70a5fab60c52,vorname_fehlt,,Bedford,,True
c315f393-4408-4b44-a8ae-382236ea0797,vorname_fehlt,,Beer,,True
49d46ca3-8039-40c0-9d0d-d75dfafc1487,vorname_fehlt,,Beesley,,True
952763fc-1065-4079-bc33-44172c3172a9,vorname_fehlt,,Behlert,,True
fa8b04d7-3810-48c7-aa3e-6bff9d06c9dc,vorname_fehlt,,Behr,,True
04951a97-1b59-435e-a860-7489485e8fbf,vorname_fehlt,,Behrendt,,True
418a8570-3691-4945-bd65-f842816d261f,vorname_fehlt,,Behrendts,,True
f188d86a-b2bf-4722-8b6a-1494e8605f81,vorname_fehlt,,Beigbeder,,True
b3f24d7f-f17d-46b4-b72d-facda13b1e6a,vorname_fehlt,,Beitz,,True
138ddf9e-4c8a-44d0-9989-5dfda34cfc17,vorname_fehlt,,Bekker,,True
57f73f83-ab95-4796-999a-2d27e7790272,vorname_fehlt,,Belago,,True
ae61ebd1-69d9-40ad-b163-ef2f0cbcbbbe,vorname_fehlt,,Belasco,,True
fb3f0f17-7b4e-4585-84ac-2c73ca000fb2,vorname_fehlt,,Belfort,,True
9423ff11-65c5-4c88-8e7f-1b3b2fa4cf91,vorname_fehlt,,Belina,,True
7f5d2e77-b43e-419b-90f9-42a87966e4b0,vorname_fehlt,,Bellemare,,True
7e87ff3e-23d2-4dde-a542-f9fdbc0e11a4,vorname_fehlt,,Belli,,True
3774c7be-c926-4ed0-a633-de8f02653b15,vorname_fehlt,,Bello,,True
2c4b68aa-6416-42fb-aebb-155a63f9f7e1,vorname_fehlt,,Bellos,,True
abf8b2d1-c6dd-4b01-b06e-4fb8207012b8,vorname_fehlt,,Benard,,True
516c724a-4d9f-4c72-8b64-46d0bcd90e25,vorname_fehlt,,Benayoun,,True
f1e9f4fe-8bde-45ff-bc16-fec5788d752b,vorname_fehlt,,Benchwick,,True
5361eefa-111d-4f14-b6b2-2c1cee9f9735,vorname_fehlt,,Bendure,,True
30e029b8-90b9-47dd-bae9-cd0cff9ee82a,vorname_fehlt,,Benedict,,True
b0104c93-2cb1-4590-bb57-62a64cf52278,vorname_fehlt,,Benesch,,True
b5e1fa09-458f-4021-a7ec-01198bbc6be6,vorname_fehlt,,Bengtsson,,True
76f1a952-a10a-4f36-9838-4211fc40fc80,vorname_fehlt,,Benioff,,True
85dcaf17-43cc-46a9-b26b-ea4fa41bc4ba,vorname_fehlt,,Benjamin,,True
29d064fa-dd17-4e41-b469-49000e0ff367,vorname_fehlt,,Benndorf,,True
76f5c7c6-0a18-46e0-8c3e-44bb35e5e346,vorname_fehlt,,Bennett,,True
e73e19c0-6e43-49cc-b735-50e2711b7ecc,vorname_fehlt,,Benoist-Mechin,,True
19f3e73e-e57a-410b-bbeb-3c583ceed882,vorname_fehlt,,Benoit,,True
1f9881f6-8e85-4319-8093-c59a4f6974d6,vorname_fehlt,,Bentz,,True
b6bf01bf-1811-4d61-b829-c8016a35b42a,vorname_fehlt,,Benzoni,,True
2f63344a-465b-4d23-b7fe-7a1e93320da3,vorname_fehlt,,Beoethy,,True
2090d538-21e0-4e9c-aa4f-0cb4bf88f787,vorname_fehlt,,Bercholz,,True
83d4811f-db15-4bcd-bfc4-56730e2ea598,vorname_fehlt,,Berendt,,True
e5f91366-89fd-4f95-bfeb-dc7109818a3d,vorname_fehlt,,Beresford,,True
f830623d-68fd-491f-bdaa-8ca2d0f4cf34,vorname_fehlt,,Bergin,,True
6b286b11-a2fe-4487-aae1-aeb0902aaba9,vorname_fehlt,,Bergman,,True
8cbeb56e-df4e-471a-8673-ed39c2890197,vorname_fehlt,,Bergman,Bergman,False
f5c26829-ee1b-4f50-b434-dfa8c3b74dfc,vorname_fehlt,,Bergmann,,True
020382eb-7c61-4065-b854-102378b3d832,vorname_fehlt,,Berkel,,True
e0ed06ba-0b50-4e56-ae98-4fab2aafb8f8,vorname_fehlt,,Berling,,True
343e990f-c182-4661-b6f8-4cc1f52078de,vorname_fehlt,,Berlinger,,True
7650e2a9-57a6-437d-a011-be74a3bbd50d,vorname_fehlt,,Berlitz,,True
6271c9bf-b0f9-4a08-a232-10cd7a410ae8,vorname_fehlt,,Berman,,True
d03b1b25-3449-48cb-bb85-0b8680a0ac7c,vorname_fehlt,,Berndt,,True
861f704b-88af-48c4-a3bc-bbc71113c433,vorname_fehlt,,Bernhart,,True
564107f7-57f7-4347-9fdc-993b490dfd0c,vorname_fehlt,,Bernstein,,True
29dffc22-0688-4011-a7b9-1502697c8504,vorname_fehlt,,Bernuthin,,True
ef128910-77e1-4d60-89c7-8805d4076759,vorname_fehlt,,Berr,,True
6bf34ca6-5097-43e3-be32-7a98f0181b00,vorname_fehlt,,Berthelius,,True
894647a3-d3e7-4c82-98eb-ff73059f3b71,vorname_fehlt,,Bertolli,,True
10ddca69-9d3a-4766-8214-a3f8801c0555,vorname_fehlt,,Bertram,,True
441848fb-e4f9-4dca-8dbf-07686eb995fc,vorname_fehlt,,Besley,,True
331447c3-ea31-4db1-8739-b5e08894d34e,vorname_fehlt,,Beste,,True
e2a207c0-729f-43bb-84dc-a946b19c5aec,vorname_fehlt,,Beste-Fopma,,True
46c9ad53-8ede-4f06-bbef-927013f37275,vorname_fehlt,,Beta,,True
62b9dd49-f614-42ef-86f9-f2f9c074c7d7,vorname_fehlt,,Bettelheim,,True
abec6b2d-48bc-4925-9016-9f6658773d50,vorname_fehlt,,Betz,,True
77874a94-b63c-46e8-a229-b18591992340,vorname_fehlt,,Beyer,,True
4883a81e-104a-4074-989c-7d115069202f,vorname_fehlt,,Biasini,,True
019caca5-c85e-4ac9-8025-937e358ea335,vorname_fehlt,,Biebricher,,True
bd312ad5-7c4d-4399-8a0c-a142c8f2c316,vorname_fehlt,,Bieler,,True
0a4844cc-c661-4f97-a563-b975401f357c,vorname_fehlt,,Bierbichler,,True
dbd59d8a-6f35-4909-9c03-7ab6ca6d8f8f,vorname_fehlt,,Bilgri,,True
cbf4d7e0-13d6-4659-8e9a-aa287a6e635b,vorname_fehlt,,Biller,,True
0722f177-2e08-4e96-965f-3610d5398635,vorname_fehlt,,Binder,,True
bf9544a5-dd7e-4f18-98df-245ce2e80a04,vorname_fehlt,,Binding,,True
11c8b831-9ce4-43ef-9659-ed6003818569,vorname_fehlt,,Biolek,,True
fd6e7bb4-ef25-4f8e-a4ca-d47874dc3991,vorname_fehlt,,Birbaumer,,True
bda246e8-0415-43b0-a5a6-ef35109339cf,vorname_fehlt,,Birkenbihl,,True
6dca622c-81af-4f64-8110-76e54eaeaa48,vorname_fehlt,,Birker,,True
b6598264-1738-422f-bdea-827e96252ebe,vorname_fehlt,,Birkner,,True
3c715782-9dab-40dd-943b-474fe626bca2,vorname_fehlt,,Bischof,,True
f4e1d645-2c4b-4859-88e5-de80ba5f24aa,vorname_fehlt,,Bisley,,True
35856474-1619-4555-8b9b-7989f5252059,vorname_fehlt,,Bisping,,True
bb1af159-6e21-41cb-b3d3-b646990aa78a,vorname_fehlt,,Bittrich,,True
f460e608-7937-4a21-879d-793eda1ebc07,vorname_fehlt,,Blacklaws,,True
7ecf5d10-3777-4893-a172-7697f4cf344c,vorname_fehlt,,Blaeser,,True
f27d22c9-754a-40a1-9e7c-0f9b58e77cae,vorname_fehlt,,Blake,,True
8067faa4-e4ff-4e21-99bc-bd62b48e7fe0,vorname_fehlt,,Blanchard,,True
fda0a8d5-d0d1-4947-b722-731fd8630002,vorname_fehlt,,Blau,,True
df5eaaab-a3fd-448f-9bc8-c3b3c71e62ea,vorname_fehlt,,Bleuel,,True
c0af7366-4c02-4ca9-9bba-d266468ff6a0,vorname_fehlt,,Blob,,True
640cfa91-e909-44df-a952-2c49b742cbfa,vorname_fehlt,,Block,,True
60584fcd-9437-4332-9ed1-de487763d72b,vorname_fehlt,,Blome,,True
af08768d-26f5-4cb8-a2f9-8e44a3a9f220,vorname_fehlt,,Blond,,True
74369f14-120d-42ce-bdd9-76e2554cbb6d,vorname_fehlt,,Bloom,,True
ae57dba6-51af-4097-82de-1bb71d528eaa,vorname_fehlt,,Bluem,,True
706a6e8f-ad10-44be-8393-b4b210e6e6dd,vorname_fehlt,,Bluemmer,,True
86a50b20-7dbf-40de-aa69-af57b9793833,vorname_fehlt,,Blum,,True
1d646b7f-7d13-47e7-a67a-2109547f9595,vorname_fehlt,,Blume,,True
d3a7e6e1-8855-4b47-b625-5f9891cf8833,vorname_fehlt,,Blumencron,,True
e1c767a0-b435-4e1f-a559-9cdb0ce8b13d,vorname_fehlt,,Blunt,,True
b93164b4-0cc9-42cb-a7fb-68caff148a46,vorname_fehlt,,Bobuyen,,True
117a1968-92a4-47f1-ade7-e426c0f6a9cf,vorname_fehlt,,Bodard,,True
3cad6978-5a22-4f26-8189-f9f02b06de5a,vorname_fehlt,,Bodett,,True
10d7316e-947d-4641-b48e-e68efebf6d5e,vorname_fehlt,,Boeckl,,True
f3922f32-3a5a-4c9e-aa76-affb57e8ee3d,vorname_fehlt,,Boeger,,True
531c5d69-4b0d-48a5-8c20-6478d6121b7f,vorname_fehlt,,Boehm,,True
9b7642b3-fbd0-4a23-985f-e054737445e1,vorname_fehlt,,Boerchers,,True
1084ce19-1023-401f-b4ad-5874ab71bee6,vorname_fehlt,,Boff,,True
27156b74-077a-48f6-8d48-1727a7014057,vorname_fehlt,,Boge-Erli,,True
c76905e2-8c38-4c40-bf75-56701f1d3b86,vorname_fehlt,,Bohjalion,,True
fe7735f2-0573-489b-8dd9-7d34cd444ee8,vorname_fehlt,,Bohne,,True
95075721-67bc-46d8-bc43-45ae38d6aadd,vorname_fehlt,,Boie,,True
e2d18e04-7733-497e-8f8c-ba08478ba7df,vorname_fehlt,,Bok,,True
5f5e22d5-e76e-4178-8b65-fc8a55ce316c,vorname_fehlt,,Boldrini,,True
97d15a60-77ec-4e06-92c9-b38166a96e25,vorname_fehlt,,Bolesch,,True
abbf2790-ea05-40e5-9a67-8416ae5b9436,vorname_fehlt,,Bolle,,True
e6b40139-6632-423f-9ca0-6491cd398f7a,vorname_fehlt,,Bolte,,True
9a1f64bb-a62d-4918-b2a8-b429b9c8a542,vorname_fehlt,,Bolton,,True
de178862-4742-4e46-ba5d-f4afc4a7ca20,vorname_fehlt,,Bombeck,,True
dd434f8e-ac6c-4438-8c56-5d519bf6c222,vorname_fehlt,,Bonatti,,True
97f26df2-a289-4215-9a0b-2802fe479053,vorname_fehlt,,Bongers,,True
403e4f04-b38b-4c93-a385-49113aef68d8,vorname_fehlt,,Bonner,,True
258384f4-59ca-45c5-b3c0-e8fa7aa39466,vorname_fehlt,,Bonnet,,True
43d79f66-aa70-4aa9-82f3-63f886906820,vorname_fehlt,,Booth,,True
dddbbd86-a578-4192-9b1c-b9ed358cdae4,vorname_fehlt,,Booz,,True
a2b56632-a02d-4ac5-8ea1-cc8ff266141e,vorname_fehlt,,Borchardt,,True
472d4300-86e8-48f8-a645-de3658cfb49e,vorname_fehlt,,Borkenau,,True
9cf9aa3e-e2e8-49cf-9bd9-c74be20f169b,vorname_fehlt,,Borneman,,True
6967ea2d-9f36-49c6-b2e2-4f38ab6a07ae,vorname_fehlt,,Borst,,True
48aced2e-973c-4ee7-9003-dca5dbc0f61b,vorname_fehlt,,Borysenko,,True
8d6fddcb-9a72-4d1f-ade5-bf73180af120,vorname_fehlt,,Bosch,,True
19e66814-4183-4cc0-bc87-9ada1bbd6805,vorname_fehlt,,Bosl,,True
f8a60cdc-e30a-4cf7-a0f3-c3537684f422,vorname_fehlt,,Botting,,True
d4d3ab7c-0203-47b8-9997-70a36eca473b,vorname_fehlt,,Boulle,,True
27ed99f8-3d94-41ba-a077-398ea4735601,vorname_fehlt,,Bourdain,,True
3417b574-c573-48fc-8a77-e56d7c3b3bde,vorname_fehlt,,Bover,,True
fdafe93b-7bc9-4ecd-b154-0d64c10589f6,vorname_fehlt,,Bowles,,True
6f1b4755-5eb7-4b67-8a4e-55f5598cebe0,vorname_fehlt,,Box,,True
dd811ad5-4728-4236-8cd9-6b997a604b56,vorname_fehlt,,Boyle,,True
501b4515-b7ee-4d00-90ab-16ea636ef574,vorname_fehlt,,Brackman,,True
1d8fd628-3923-47dd-bd55-02172f17f13e,vorname_fehlt,,Brackmann,,True
bb0b0922-1c09-4171-95da-c26d6f780bdc,vorname_fehlt,,Bradshaw,,True
db9dd6c8-e58a-42f7-9ece-b5ad30f606ce,vorname_fehlt,,Brady,,True
3e6eb846-35b2-48bc-afbd-00c6de15e3f2,vorname_fehlt,,Brambach,,True
b68c2da3-a9df-4d8a-b5e5-148fc5d892b3,vorname_fehlt,,Brande,,True
ecffa4e5-a397-4717-bce0-650e6b606cbf,vorname_fehlt,,Brandenburg,,True
57714eb4-34fd-4b9f-8036-8b7a733e1cb6,vorname_fehlt,,Brandi,,True
138d9093-7a1e-4298-bb20-d50915e13b8f,vorname_fehlt,,Brando,,True
036b8990-e123-4d4a-b6c5-b602f3b4dff6,vorname_fehlt,,Branson,,True
f1c7ecbc-8ab1-429c-9873-11b661e5fb7b,vorname_fehlt,,Brasil,,True
ac80e714-3e6e-4a39-9444-a8793d77b65b,vorname_fehlt,,Brauen,,True
bda06cbb-cd6b-45ff-9704-aeb7fe3ca179,vorname_fehlt,,Brauinger,,True
782c1699-d863-40ac-a870-464d1897541f,vorname_fehlt,,Braunburg,,True
2c9295b3-1118-40bf-829c-707dc8c16c1c,vorname_fehlt,,Braunger,,True
f12ec8b2-9659-4c90-9584-4bf45d908369,vorname_fehlt,,Braver,,True
faf6fa68-0992-40a5-ae12-f01009cfba99,vorname_fehlt,,Bre,,True
d95ab7f1-ecdd-4697-bd25-1029524a2c82,vorname_fehlt,,Brecher,,True
659fcb4b-c6d2-4783-b55d-707ab45b7c06,vorname_fehlt,,Bredow,,True
42d400d2-455c-4ac8-90f4-7ce4cdda0fe2,vorname_fehlt,,Breinholst,,True
7640b71b-34c4-41bf-82c9-a47c38181187,vorname_fehlt,,Brent,,True
3e5db8ed-37ee-4067-bfcb-e0fb0f0baa46,vorname_fehlt,,Breslin,,True
0140420e-c0d6-4460-87d8-e7dde503ac18,vorname_fehlt,,Breunig,,True
a324adbd-e335-440d-bc22-04cf212a7e9a,vorname_fehlt,,Brewer,,True
b9fc1092-8c63-46ed-be95-0168b00203dd,vorname_fehlt,,Brierley,,True
f4030ec2-736c-4982-a6e4-703cd5be4135,vorname_fehlt,,Briggs,,True
3cb7f8a7-6d57-4fbf-8df5-79ea2d069e8b,vorname_fehlt,,Brille,,True
aeae750f-85cf-468e-82ae-7a4bef33cb8e,vorname_fehlt,,Brinkbaeumer,,True
72041de3-b244-480c-bd9c-8d13a4b84113,vorname_fehlt,,Brinke,,True
bc5a6371-8940-4361-a9fa-e2b8e7c7a335,vorname_fehlt,,Brinkmann,,True
d0a7f7d2-a37f-4725-86c2-b80e9da16cea,vorname_fehlt,,Briscoe,,True
e8fd6a1c-20a9-435b-8eca-29691abf9300,vorname_fehlt,,Brissaud,,True
835855b8-51c9-4a2a-af67-dd95d5baec43,vorname_fehlt,,Britton,,True
7629531b-c745-41dc-a3e6-26051c8be31e,vorname_fehlt,,Brockway,,True
5e4b81b7-855e-437b-bd90-ab34a9aaa7fd,vorname_fehlt,,Broers,,True
e385d083-4dd6-47e6-9af3-08e068f9df36,vorname_fehlt,,Brokken,,True
d5345e5f-c79f-419c-9bd0-586a7d7e1a3e,vorname_fehlt,,Bronte,,True
96f3937f-0517-458f-8b35-9f87baef95b3,vorname_fehlt,,Brothers,,True
f73f10dc-f85b-4d37-a367-dffc18da50c2,vorname_fehlt,,Bruce,,True
f69622d7-f1a4-4018-baa2-59f21f9b9ab7,vorname_fehlt,,Brueckner,,True
5238a4a5-e705-4837-9d11-dc0dc5d69d54,vorname_fehlt,,Bruel,,True
7e5ca7de-efd4-44d8-9aa5-7e253619066b,vorname_fehlt,,Brugh,,True
17fbbd96-0c6d-471e-ac47-92f3a34757ea,vorname_fehlt,,Bruhns,,True
9b6d8900-efc1-490a-a33f-d0dda4aec8a2,vorname_fehlt,,Bruker,,True
26e7f2c8-183a-42e2-9f18-acde0fbb3c55,vorname_fehlt,,Brummel,,True
65629bf5-c743-4152-892e-f048ed10412d,vorname_fehlt,,Brummer,,True
be8404b9-5ecd-4900-95b4-ceb67f5d087a,vorname_fehlt,,Brustat-Naval,,True
0631067c-52c6-41b5-a3ab-5f4109902bcb,vorname_fehlt,,Buchbender,,True
ab132ddb-f485-4f4a-bbda-f45ff782b20e,vorname_fehlt,,Buchner,,True
b52717d0-4f34-43c9-994f-5a9db2bb935d,vorname_fehlt,,Buchwald,,True
d612c4ea-96a4-441f-b153-7287f66b98f1,vorname_fehlt,,Buckley,,True
10d04a5e-cd01-451a-b182-7c567bc9f8b6,vorname_fehlt,,Buddenkotte,,True
724c2675-1a95-42e9-8271-b544aebddda7,vorname_fehlt,,Budnitz,,True
fbbf6810-8979-43fa-b1e2-3c7359cf5474,vorname_fehlt,,Buechner,,True
950851c1-3e29-4ec9-8bbd-cdb6fcc0a30f,vorname_fehlt,,Buedeler,,True
f600b882-8ac7-41ae-b556-e9c6a72e5a58,vorname_fehlt,,Buehne,,True
83bd6041-2ed9-40b9-bb92-2e5057e5ffbc,vorname_fehlt,,Buehrke,,True
6638920d-d4e2-44e1-a8dc-69bbe75bb7c4,vorname_fehlt,,Buellmann,,True
8d566dc3-0218-4828-a193-ac7332710e07,vorname_fehlt,,Buhl,,True
9db6d10b-533d-41d7-a9da-f401cb81ef51,vorname_fehlt,,Buiko,,True
cb30385f-1b4b-447f-8793-312ee6eba21f,vorname_fehlt,,Buisman,,True
667cb2aa-ab17-4cef-a37a-7a4274d5f4ab,vorname_fehlt,,Bukowski,,True
25865659-86be-4d84-ba22-298bac11334d,vorname_fehlt,,Bunch,,True
2823f5d0-1c51-4acb-b5a4-e8a65a1cf953,vorname_fehlt,,Bunin,,True
f4219a85-1a06-4538-95c3-5514646d7ad9,vorname_fehlt,,Bunk,,True
5013d8c5-671e-4b33-87ac-2883c4b81922,vorname_fehlt,,Bunt,,True
485a5f8e-b59a-4f20-8f62-ee8233719c80,vorname_fehlt,,Bunzel,,True
958fb865-d55d-44f8-a939-c18b86d13f9a,vorname_fehlt,,Burchill,,True
b0945e6f-c4c5-4af0-866e-1b304e10067e,vorname_fehlt,,Burdett,,True
f4f19723-2fdd-42f1-888c-e73fc389ef48,vorname_fehlt,,Burgard,,True
6c1c5d9e-75ea-425a-9699-e8506bdceb7f,vorname_fehlt,,Burgh,,True
75b1f013-ea7f-47a2-8877-53b6d5ab4ecb,vorname_fehlt,,Burghardt,,True
3391cd91-e9d0-4992-a246-27791001f9b0,vorname_fehlt,,Burkhart,,True
4777140b-8b0b-46d0-90b0-dfea31dffb26,vorname_fehlt,,Burmeister,,True
dc6291ed-aeb8-4fac-81b2-501800a7961b,vorname_fehlt,,Burns,,True
67b7b6d5-20d9-4f00-870c-d74e7d56d224,vorname_fehlt,,Burroughs,,True
62933c3a-4d63-4f72-be81-f25530757222,vorname_fehlt,,Burton,,True
4b4ae35d-7d58-4c0c-88b1-3b650ae7e3cc,vorname_fehlt,,Buscaglia,,True
19203df9-c710-4763-9ab0-cc366b73d977,vorname_fehlt,,Buscaini,,True
68fe3d8c-7920-475e-abaf-c94b3d6b3045,vorname_fehlt,,Busch,,True
afa0a52d-85a6-4d5a-b590-24ce478fe142,vorname_fehlt,,Buschey,,True
0781c0c1-e6f4-4ced-a3a4-12fabb659136,vorname_fehlt,,Buschkowsky,,True
63117397-e86a-4542-960e-b57d2d6356e0,vorname_fehlt,,Busquets,,True
ecc3fa37-9c4e-48b2-9095-c9c45f16ca49,vorname_fehlt,,Busse,,True
7827b186-4ef3-458d-a20e-51a07ac1d266,vorname_fehlt,,Butzko,,True
c930a782-dfb8-42b7-b214-59970128623f,vorname_fehlt,,Buzzatti,,True
4018286f-47e4-440c-83fb-b6da958d44b7,vorname_fehlt,,Byham,,True
a5529e77-4f2a-4f16-b4e0-06980fac143f,vorname_fehlt,,Byrnes,,True
ebd950c8-f89f-494d-aa69-1044f648893f,vorname_fehlt,,Cabot,,True
fde41bb7-7b6e-4b5f-86dc-8a840641fe6a,vorname_fehlt,,Cabre,,True
27af4cbe-8099-478b-ab64-debdc4e8df92,vorname_fehlt,,Cadeggianini,,True
29ff1d25-920d-4a41-83db-736a2bff1696,vorname_fehlt,,Cadegginanini,,True
4c7e8aac-39ba-4084-9cd1-93412eebe275,vorname_fehlt,,Cage,,True
5d8994f2-7e6f-4d4b-8c14-8dde34c6acaf,vorname_fehlt,,Caidin,,True
c9407f2c-3d5a-41c2-860e-395a2ebdd881,vorname_fehlt,,Calder,,True
4315c017-712b-42e0-b7aa-4f7630a0b590,vorname_fehlt,,Caliskan,,True
12114e90-005f-4e74-8049-38d1aa9aa161,vorname_fehlt,,Calleja,,True
8f99ca55-2749-4c41-adcd-0ecc01378425,vorname_fehlt,,Calmann,,True
5ceb37ef-1b0e-40b0-9ec1-775c33c0b39a,vorname_fehlt,,Calonita,,True
a3b95a92-e8b0-4577-90e1-4d14590f16aa,vorname_fehlt,,Campbell,,True
9666dad7-f613-40e8-ac08-01d814c08adc,vorname_fehlt,,Campobasso,,True
35930752-e819-44c6-ae2a-68dfb352dec0,vorname_fehlt,,Canin,,True
5a09c737-b574-424f-a968-f16cd716aaaa,vorname_fehlt,,Cann,,True
42449cee-310d-4ea2-92d7-caf63427bec3,vorname_fehlt,,Caplan,,True
52112dbf-08ae-4743-bd15-54fad0b152c6,vorname_fehlt,,Capote,,True
5e1e15d4-965a-413c-a08f-f860bfc56efd,vorname_fehlt,,Cardinal,,True
71be7aab-00d1-4c29-a724-c244cc592fe4,vorname_fehlt,,Carell,,True
da7a05c6-1d61-456c-9515-4f562233f942,vorname_fehlt,,Carels,,True
bd1df85c-5b6c-4c48-9978-fb85512effa5,vorname_fehlt,,Carlton,,True
7c7f912a-a9c1-4e34-a4ae-078df956538b,vorname_fehlt,,Carmichael,,True
d258cf66-5728-4edc-9cd1-79ca4a71a229,vorname_fehlt,,Carmin,,True
4d70836e-745a-430c-8a0e-26247df53b74,vorname_fehlt,,Carothers,,True
25b51825-361f-4784-bdc5-365c13f48ee4,vorname_fehlt,,Carpendale,,True
48f3e569-6398-4c5f-ad6f-f7135a5918cf,vorname_fehlt,,Carpiceci,,True
a01e9407-efd1-4ac3-83c6-ed117218f87a,vorname_fehlt,,Carr,,True
b7fde6b1-00c3-498c-835d-d7ebee2fcd08,vorname_fehlt,,Carra,,True
f5323ea3-0806-4dc2-992f-5c133c296ed0,vorname_fehlt,,Carreras,,True
5eb289d9-d2bb-4007-b9e6-4ab9bc244dc4,vorname_fehlt,,Carrisi,,True
aa8ec8cb-25c2-42a3-ac13-49f366f2128a,vorname_fehlt,,Carstensen,,True
70699191-3e77-42f8-b01a-c1f2a28168c2,vorname_fehlt,,Cartier,,True
5561426f-244d-4c4b-90f1-392a53a9eb1e,vorname_fehlt,,Cartland,,True
20a29ec4-e1c2-4ab6-bb7b-8693a64698b3,vorname_fehlt,,Carwandine,,True
0c8e215b-cee9-4aba-8463-477e4c4c1ab0,vorname_fehlt,,Casanova,,True
4fbe6344-4a35-433c-b2dc-8f8565ae0c04,vorname_fehlt,,Caseary,,True
14d94d08-66da-455f-a98e-c7dc6ac4cb53,vorname_fehlt,,Casper,,True
73e8f7c2-113e-400a-8894-37f01463dd11,vorname_fehlt,,Castonier,,True
efdfc730-aa4c-4985-b989-c245d4c9e006,vorname_fehlt,,Castro,,True
3131c402-d9c2-495c-905e-a43755f5de5d,vorname_fehlt,,Cato,,True
a685b92d-d76d-4b25-817b-52d852074a7c,vorname_fehlt,,Catton,,True
0b729c6a-0eea-4e16-a5eb-61c601030187,vorname_fehlt,,Celik,,True
0346622a-0695-432e-b8f9-5d8c4d216ee8,vorname_fehlt,,Celine,,True
aa41c44b-81cb-41ae-b603-760760a7222a,vorname_fehlt,,Cerci,,True
a51b3e5f-ea61-4da5-a28e-927d7f4d7d1c,vorname_fehlt,,Cerrato,,True
ca4679ce-05d4-468d-b778-d8fc0c28ebf7,vorname_fehlt,,Cerutti,,True
3f9ade32-4a2d-472c-8070-5ef6301b51e0,vorname_fehlt,,Cevikkollu,,True
aa65797b-4ade-4168-85ea-61ce443c8363,vorname_fehlt,,Ceylan,,True
457e251e-061c-4361-9c16-99a4111e35c7,vorname_fehlt,,Chabbert,,True
57f73e8a-46b6-4845-a869-aea45ea4526b,vorname_fehlt,,Chafets,,True
e111f475-513e-43df-b2ab-1d0656b932f8,vorname_fehlt,,Chaiton,,True
264044e2-b276-4ff0-86d2-b53cb1de851a,vorname_fehlt,,Chamberlin,,True
0d479e25-53c3-4b73-880c-1707f8c5e7e0,vorname_fehlt,,Chan,,True
e0cfd266-1136-4158-9622-c8848fe064a3,vorname_fehlt,,Chaplin,,True
fd59b629-b2df-40b6-b113-d0dfc426b3b9,vorname_fehlt,,Chapman,,True
698b0df4-3614-49c3-bf5b-b09d33f1873c,vorname_fehlt,,Charney,,True
b93e3f0e-64c2-4076-a2df-520b318da815,vorname_fehlt,,Charpentier,,True
63383c4f-5d85-42e9-802d-d17925bcbf62,vorname_fehlt,,Charroux,,True
552101ed-48bc-4ce3-889e-1747ede90760,vorname_fehlt,,Charyn,,True
57b99b32-85c8-4cec-8380-1817a765dfe7,vorname_fehlt,,Chase,,True
117fc64b-f11b-4267-8ebb-c844c2cb86aa,vorname_fehlt,,Chatum,,True
4ab364f1-1ff4-4787-bd43-d2cba8d513ca,vorname_fehlt,,Chaudhary,,True
4557853b-818c-4716-b1f3-499f2490001e,vorname_fehlt,,Chawla,,True
dc1a8b65-9ca1-4e01-b6ef-778aa06ef386,vorname_fehlt,,Chen,,True
0dc1ac6d-6595-45b9-b69a-999a412ddd56,vorname_fehlt,,Chesterton,,True
14c7f38b-b10b-4171-8fdb-7509e2bc21a4,vorname_fehlt,,Chevalier,,True
8668ba27-5efd-42c9-aa49-cbe807b14fa8,vorname_fehlt,,Chidolne,,True
b93dcbff-63d4-4e87-b475-b204e9f040a4,vorname_fehlt,,Chidolue,,True
c16df814-2b2a-40e0-b8f3-0588aa34836a,vorname_fehlt,,Chief,,True
3a33a1a6-d9aa-4d15-a875-509196e12631,vorname_fehlt,,Chinglie,,True
a3ac4285-6935-43fb-b7bc-18bc74cc33e8,vorname_fehlt,,Chirbes,,True
aae4802d-3113-4a82-8e7d-799cc1d4096d,vorname_fehlt,,Chiu,,True
8ae4e17b-b6db-4792-ba7c-5b98fbeb04c5,vorname_fehlt,,Choi,,True
ff7f8ded-0818-4ee6-bd1e-3dee3d6f66cf,vorname_fehlt,,Chollet,,True
0cb2ade9-e374-44a3-8a34-50dfcd278df2,vorname_fehlt,,Chorwatowa,,True
4ac77b5d-1786-48c1-9748-80516311c2e6,vorname_fehlt,,Christ,,True
bfcce21a-6756-4653-8026-3d65dbe5da55,vorname_fehlt,,Christen,,True
1c9cf744-87a6-4c3f-a001-064701e40450,vorname_fehlt,,Christilian,,True
87a67c7b-81bf-46b3-80f8-efccfc76a863,vorname_fehlt,,Christopher,,True
a1f958b5-9c04-465b-bef5-72628c98a37e,vorname_fehlt,,Christopherson,,True
a7cb706c-64df-4176-80d9-6bcc95befd9a,vorname_fehlt,,Chronin,,True
1c344e47-0880-4a99-9690-f9b11d4d5b50,vorname_fehlt,,Chu,,True
c2994c71-6cc8-4918-bfd5-48fd59bf44c8,vorname_fehlt,,Chung,,True
db7b65a6-5418-4841-a251-ee1c235ba8d6,vorname_fehlt,,Chupack,,True
77c8811f-b50c-4ed2-8ac7-5482e6d9abed,vorname_fehlt,,Chwin,,True
13a9c3cf-9a9a-42c5-9a25-d0800ba8eddb,vorname_fehlt,,Ciantar,,True
685ecf03-2526-483a-83fe-69a9cbf7d28b,vorname_fehlt,,Cileli,,True
770d0d92-eef0-47e3-bd83-cc492dc62eba,vorname_fehlt,,Claire,,True
842c42f8-615c-48c3-b6ab-f3ddbeb2424e,vorname_fehlt,,Clare,,True
bd7596ab-affc-40aa-8b74-252f1ed3b34a,vorname_fehlt,,Clarin,,True
2ce18ce3-ae04-4ea5-a83f-f278e70c6975,vorname_fehlt,,Clarke,,True
86844439-40da-41a1-87e9-6f852d82bb53,vorname_fehlt,,Clarkson,,True
e3c0552d-352f-4a42-8876-4325a6aa6e5d,vorname_fehlt,,Clason,,True
7fc33a54-7a2b-457a-8bf0-fd5d156af2f3,vorname_fehlt,,Classen,,True
b7283ca5-3e7a-4a0d-b8c8-5851715a1cf7,vorname_fehlt,,Clayton,,True
6a659894-5397-46a2-b52c-0766f8efb227,vorname_fehlt,,Cleland,,True
466d6ee9-c4e3-403d-b820-2aeab7a2c38a,vorname_fehlt,,Clement,,True
b0ba575b-3239-4599-9f26-e4fa8e0ad5e8,vorname_fehlt,,Clifford,,True
bb2d138e-541c-4813-aaa0-0f740e46287a,vorname_fehlt,,Clinton,,True
259f1d1e-6e33-496e-b712-00a4712d686d,vorname_fehlt,,Clive,,True
7ac65287-aff0-4043-80c2-f85be50166c8,vorname_fehlt,,Close,,True
150c9051-1ad8-4066-a0fa-0992d0cb52c0,vorname_fehlt,,Clow,,True
b1824790-a881-4797-8306-f1a4160a2d1d,vorname_fehlt,,Cobbinan,,True
a2628bfb-cc59-4b05-a8c8-a90adb5868de,vorname_fehlt,,Cochran,,True
f0ed36c4-c32f-4c3b-80f6-d949a6dbeeb3,vorname_fehlt,,Coe,,True
f9890a5c-47d0-4d9d-81d0-94abcd7bb3fc,vorname_fehlt,,Coeppel,,True
aabc2942-c272-44b6-ad07-4f38729b83ec,vorname_fehlt,,Cogan,,True
be97cc43-2237-4c02-9377-a1aacbe8394c,vorname_fehlt,,Cole,,True
0b2dc343-3afd-4850-8fff-12a1fab80bca,vorname_fehlt,,Colette,,True
09af479c-55b4-4aeb-86e8-2d87ba2ab08c,vorname_fehlt,,Colman,,True
6ce3545e-1c45-4096-892a-24740af1bfea,vorname_fehlt,,Commer,,True
e2e1dd3c-e416-4de6-a339-10eb80d7135d,vorname_fehlt,,Conde,,True
3848ae3e-a60d-4e0f-b4e4-fdd31b3fb027,vorname_fehlt,,Condie,,True
5b237abc-2869-4f73-b68c-4fd7b5ac1f26,vorname_fehlt,,Conley,,True
938988b9-8ee2-44cb-ac76-c525ef00d399,vorname_fehlt,,Connelly,,True
1519f3d9-b4f3-481f-b2ae-b5356883b456,vorname_fehlt,,Conran,,True
1466b8f3-5054-4b9e-a94f-137ef569ec27,vorname_fehlt,,Controneo,,True
f95ff831-85a8-44bc-8102-9e37f92ad7ef,vorname_fehlt,,Cookson,,True
4424b6c4-9534-474f-9d2b-624855312d87,vorname_fehlt,,Cooney,,True
62417da3-cd7b-4bbe-894e-5404a2add6d3,vorname_fehlt,,Copperwaite,,True
0691d002-a4ae-47ba-b951-85dcb50d010b,vorname_fehlt,,Corazza,,True
80de91e1-e723-4083-b2e3-fbe01eef122a,vorname_fehlt,,Cordonnier,,True
94d3fa57-b102-48d0-b387-58d7b8210063,vorname_fehlt,,Cormann,,True
58ca9575-f318-4c02-b5de-713ccb6eadc4,vorname_fehlt,,Cormier,,True
b0dd803a-8611-4b8b-91f3-895f4d5c0b2e,vorname_fehlt,,Corona,,True
8938fdfe-945c-4a4f-9a00-cda14d145376,vorname_fehlt,,Cory,,True
a7ea35bb-7e2f-40ac-a9ff-69878551200b,vorname_fehlt,,Costello,,True
d4956101-818b-4302-865d-d00d700afefe,vorname_fehlt,,Costner,,True
b837470a-19cb-40a9-9798-84c918b0d7e5,vorname_fehlt,,Coulonges,,True
387f5dbd-6a2e-44da-9b8c-73acbcccb85d,vorname_fehlt,,Courtney,,True
6bf4a2a7-ca1d-4c50-8f96-822c7fbc5f99,vorname_fehlt,,Courts-Mahler,,True
96a5cb25-24c2-4a29-8123-13070a6692d9,vorname_fehlt,,Coyle,,True
78c677ad-d34b-432b-9784-ae5ad6592eff,vorname_fehlt,,Cravan,,True
877b8aa1-c5e5-4bc9-83ba-5cc9efd6968b,vorname_fehlt,,Crebillon,,True
930967b5-4a56-4654-bc84-4bd657ca8818,vorname_fehlt,,Crescimbene,,True
ead01527-43f5-49c5-aac8-b96f784606db,vorname_fehlt,,Crespelle,,True
54aaa492-13ed-416e-bbcc-b0d0c82d4ec9,vorname_fehlt,,Crimes,,True
d1e0be8e-38c6-4eae-9fc3-ce1538c510fd,vorname_fehlt,,Cristen,,True
42fedbb1-0fdb-49c7-adeb-664e1dc518cb,vorname_fehlt,,Crockett,,True
618f54c8-f73a-4779-b6c8-848d8a29416d,vorname_fehlt,,Croenert,,True
43ff6a59-c6fb-4ec2-b914-45985f0215aa,vorname_fehlt,,Croggon,,True
81f97d55-b1cc-491f-a02c-23abe565f868,vorname_fehlt,,Cropp,,True
906a16d4-e487-490a-9bdf-1d42c9adadf5,vorname_fehlt,,Crowell,,True
1c199b68-5861-4166-95e9-a767824cda2f,vorname_fehlt,,Crowther,,True
c83d759d-ee36-46ff-8c3c-1e82116b6c8d,vorname_fehlt,,Csampai,,True
d609f197-c59d-4a29-9fb5-b3cd70b12e2a,vorname_fehlt,,Cueni,,True
0501b058-200c-4ddf-80b0-0b84df2abfe1,vorname_fehlt,,Culross,,True
bfc10ddd-7bbc-46e2-aaf5-d88c681d6e1f,vorname_fehlt,,Cuneo,,True
9f5ab6fb-6653-4316-8b25-7b930e6f52a8,vorname_fehlt,,Curry-Lindahl,,True
e5c36751-3743-44fc-a8b0-3e0b6b8af2b5,vorname_fehlt,,Cutler,,True
214ced2f-8d81-44e8-94eb-28be94b1d24e,vorname_fehlt,,Czerny,,True
1abb58b8-4682-4d62-b5c4-d1e234958f42,vorname_fehlt,,Czuday,,True
0a518e7b-d733-4b88-959a-dd8c914e5eb8,vorname_fehlt,,Daerr,,True
1ed99108-9a05-4a14-8283-25d8fecdd9d6,vorname_fehlt,,Dailey,,True
a89ab006-7d1c-443a-a148-ca0ab1fd1eee,vorname_fehlt,,Dalos,,True
67e7f260-cbd9-4d4b-94cc-fa6199784cb7,vorname_fehlt,,Danella,,True
50e2a9f6-f9c6-4dfd-86f5-0551d893480f,vorname_fehlt,,Daners,,True
cb1a464a-568b-4682-af80-26f24cd20190,vorname_fehlt,,Dangor,,True
d2b449ff-a10d-4153-9c28-84d53daa14eb,vorname_fehlt,,Danielson,,True
f0f39a1e-4205-405f-896f-650b28654a6d,vorname_fehlt,,Danneker,,True
bf1e7e20-3dcb-4758-b05d-a2361f55e260,vorname_fehlt,,Dara,,True
bb92a2e8-5cd3-497d-8906-10293ac7513b,vorname_fehlt,,Darnton,,True
a11aa705-fe12-4fd5-a20f-c4ca1aaa3ced,vorname_fehlt,,Darvriechewy,,True
43f34038-c1da-46cb-b972-e76c5ff39d2d,vorname_fehlt,,Dashner,,True
4c3abff2-8925-4aa2-a9fe-f134ca0a5cec,vorname_fehlt,,Daub,,True
0f23bea8-e14a-416e-a274-2e8502cf5118,vorname_fehlt,,Daute,,True
e242fe81-b2de-458b-a0e8-66e406af90ab,vorname_fehlt,,Dauthendey,,True
c23625a0-07e5-441e-a9ee-04c6447a666d,vorname_fehlt,,Davenport,,True
b51cdb11-589c-44c0-9c1d-db0d2a6e593a,vorname_fehlt,,David-Neel,,True
fb0aebf2-9839-4e69-98da-d1fa68419737,vorname_fehlt,,Davidson,,True
5efa9ade-32d6-41ad-8d6f-536803239060,vorname_fehlt,,Davies,,True
02a27204-f294-4745-ac1a-99580e104e2b,vorname_fehlt,,Davis,,True
5e852baf-ca76-4903-b98f-041373985a48,vorname_fehlt,,Dazieri,,True
eedec3f2-8613-4fea-8734-be504f61b114,vorname_fehlt,,De,,True
04937aa3-9085-4e4d-8534-affeb9f911b1,vorname_fehlt,,Deaner,,True
4656f1ec-d6ac-4e3e-b432-90d3326b5df8,vorname_fehlt,,Degner,,True
4449b669-4c59-4c37-ae3c-23212fca84e7,vorname_fehlt,,Degre,,True
18efdcc8-95c3-4449-8b68-5efd058c82c8,vorname_fehlt,,Dehio,,True
e20a96ae-7cdb-44a6-8240-89d3c16939b7,vorname_fehlt,,Delbee,,True
fe4176a7-3bcc-43f6-953f-cbfd840622ea,vorname_fehlt,,Delderfield,,True
e1dbd5c2-1731-4328-9185-739fc88e4c37,vorname_fehlt,,Deml,,True
c9bb4f99-b6a5-421a-b6b0-1a84ccccc4e1,vorname_fehlt,,Demski,,True
72ab0b79-3f58-4e0d-a4cd-f2ac5a4034f3,vorname_fehlt,,Dentristy,,True
7fe6ad09-37f9-4912-95e4-bcc497f44025,vorname_fehlt,,Denuziere,,True
de7d1677-faf7-4945-8726-d6022b86003c,vorname_fehlt,,Denzel,,True
12d05f9e-d57d-48e7-9a61-f9c8af339ddf,vorname_fehlt,,Deonna,,True
2ed3f468-3e77-4093-85b5-e16b63a2db22,vorname_fehlt,,Dershowitz,,True
44172fd3-648f-4063-854b-20f1f07994eb,vorname_fehlt,,Derstapivan,,True
15ed2190-a336-4f49-b85c-95c0ed4f048f,vorname_fehlt,,Dessen,,True
8433bb67-83b8-41c7-8329-39029330570d,vorname_fehlt,,Deutsch,,True
3290a8ef-4465-47b0-9fb2-d8c4be42a80b,vorname_fehlt,,Dever,,True
00d9e999-add3-4e95-b0c8-b1fcc64bd341,vorname_fehlt,,Deveraux,,True
7be4ae6e-d623-4b60-9a50-d738b83220f8,vorname_fehlt,,Devi,,True
a09e4eb0-ee00-40ff-bfc2-7bc7c232b2b7,vorname_fehlt,,Dexter,,True
703da74e-cd66-448c-8ada-bbc58acc6af4,vorname_fehlt,,Dey,,True
966a8362-1ed8-4b94-a587-f736a7b60bbe,vorname_fehlt,,Diacont,,True
552d5997-3359-4ca3-8875-fd0a890a3cac,vorname_fehlt,,Diamond,,True
508ebde8-fcd6-456a-9a38-4c4ddc510cab,vorname_fehlt,,Dick,,True
4d1a68b9-bcd1-4d0a-aaff-e80c3ea1180f,vorname_fehlt,,Dickie,,True
4c2c2549-3dba-4c49-914f-4afae09de47a,vorname_fehlt,,Dickinson,,True
d233bd25-a9eb-4481-b23f-2d2cc92a3cce,vorname_fehlt,,Didion,,True
66f827b4-f224-402e-9bd0-6e23df33a7e4,vorname_fehlt,,Dieckie,,True
5487f87c-c7cf-4798-8b17-b058ea460fd7,vorname_fehlt,,Diederichs,,True
7066d4f5-ea64-40ba-83e6-5990da0bf68f,vorname_fehlt,,Diehl,,True
7082455f-ef06-4d88-b584-f9000bc3616f,vorname_fehlt,,Diekmann,,True
aec8258b-154d-42d7-9173-ce5e5068c312,vorname_fehlt,,Diesch,,True
2e68ab6b-a031-413a-84b7-228fd2c70f53,vorname_fehlt,,Dietl,,True
19c7c5cf-b8df-48be-a851-228279dc156a,vorname_fehlt,,Dietsch,,True
5c42b5a6-ef2b-4288-abd0-e7e87bf018c4,vorname_fehlt,,Diettrich,,True
77faf351-1051-426a-aa16-e482b1a4ca80,vorname_fehlt,,Dietz,,True
bd26402f-7e1c-4823-8292-7835c6a57927,vorname_fehlt,,Diffenbaugh,,True
a637010e-e8e0-4d30-8908-8a145153ed4d,vorname_fehlt,,Digest,,True
5095dba9-956f-4ba2-adce-03a96018ba85,vorname_fehlt,,Dijan,,True
7c5ec020-c985-4ef0-ab3f-00707d73169c,vorname_fehlt,,Dikoetter,,True
a2e7b1b8-6075-43a9-b0f6-b988bdee1565,vorname_fehlt,,Dimde,,True
e267b292-98d3-4987-aab3-f0260eec9e93,vorname_fehlt,,Dimitriou,,True
36f14d83-0652-4c09-8980-327a78d1b353,vorname_fehlt,,Dines,,True
c0e7dca7-55e5-484f-ad6f-47392e7dc5b2,vorname_fehlt,,Dinneen,,True
f3f89054-2135-48db-8737-dd459946ebd5,vorname_fehlt,,Dion,,True
27237aa0-8469-4cd9-ab04-af49264ce8c0,vorname_fehlt,,Disney,,True
b39a89ad-503e-497a-b993-fc1ba2370b58,vorname_fehlt,,Disselhoff,,True
a7fa10b9-ddf8-4ee2-bddf-4bd745380ed6,vorname_fehlt,,Dittert,,True
8de0db61-d0a9-4421-8b94-09d282a0784a,vorname_fehlt,,Dittmar,,True
71ffa66e-4d15-4b7b-99c4-cb49b4c700cd,vorname_fehlt,,divers,divers,False
8a107f92-6823-49dd-ae06-6fc5a02f0dd3,vorname_fehlt,,Djebar,,True
5c939b6e-c232-47f2-825f-f282ef330831,vorname_fehlt,,Djura,,True
9528289f-ddbe-4f68-b9df-091373bd212e,vorname_fehlt,,Dk,,True
e6915b34-f72d-49f4-b79c-bd6fa4a07a07,vorname_fehlt,,Dobbie,,True
0a7eaa36-60d6-40c6-a6ce-9cba7fda5794,vorname_fehlt,,Dobbs,,True
b5da699a-ea80-41df-a9f9-00748ec95ae9,vorname_fehlt,,Dobson,,True
196e2b63-3b15-4669-9cf7-487e9c99e16f,vorname_fehlt,,Doeblin,,True
4d2d2481-8769-496d-a814-6e0607d2018f,vorname_fehlt,,Doerner,,True
3d417dfb-7f70-4915-b67d-702027a1148b,vorname_fehlt,,Doerrie,,True
1515b7a0-7976-4627-a27d-e32b5bcb48d9,vorname_fehlt,,Doescher,,True
f28415d2-9147-4bd2-8928-d7ebece9e180,vorname_fehlt,,Dollinger,,True
f4ea5c98-0247-4ffd-ab7c-e35beac1c5c0,vorname_fehlt,,Domenica,,True
9ad478d1-2eb7-4157-a4f3-cda47d6823fa,vorname_fehlt,,Domes,,True
ecd0453d-615e-4229-9a5a-685b87bf08ac,vorname_fehlt,,Domnick,,True
be09147c-c1ac-4263-8716-97e069db43fd,vorname_fehlt,,Donaldson,,True
455898b1-fd8b-4c31-a31b-6d556e8c4d70,vorname_fehlt,,Donnell,,True
9b3909f8-f089-4205-b7de-9cd4cbc0e1de,vorname_fehlt,,Donnelly,,True
0d275c6d-48ff-4dcd-9915-282643a0b383,vorname_fehlt,,Donovan,,True
f8ea44d7-0067-4664-84a0-f58f0d5a45de,vorname_fehlt,,Doody,,True
a5cc7ce0-2667-4e2f-8554-bfb2067e03e6,vorname_fehlt,,Doppler,,True
f0357381-f2f2-458b-9988-0ba4a3e99478,vorname_fehlt,,Dor,,True
7284cb5d-97f5-4695-93cb-efdcab8635c4,vorname_fehlt,,Dorcsi,,True
898336fd-8b2a-4a35-aee7-5e00cf1febfa,vorname_fehlt,,Dorminger,,True
393ceb12-d304-41b2-9ac8-2d3017f33bca,vorname_fehlt,,Dossenbach,,True
0a96a714-6a17-4773-b1a2-85bed684f8c2,vorname_fehlt,,Doucet,,True
40a9ccb4-52b1-4d63-aa50-acc0d91f12ea,vorname_fehlt,,Douglas,,True
ccc79928-8ea2-4cf2-af8f-1a1f38f584ee,vorname_fehlt,,Douglas-Hamilton,,True
20ffe850-2e62-4c63-b2ac-fd445e381315,vorname_fehlt,,Doutine,,True
57927149-c13f-4fc3-8bd9-107c5b50384f,vorname_fehlt,,Downham,,True
cf6a8131-830d-40a0-8f80-d5f9f4209580,vorname_fehlt,,Drach,,True
0349cf31-4a35-4ded-8704-408341c4d6ca,vorname_fehlt,,Dragicevich,,True
2f045a3b-9a02-4e09-b59f-8f5646842483,vorname_fehlt,,Dragl,,True
f9a4b098-2382-42f7-a35f-efebd973c5e9,vorname_fehlt,,Dragt,,True
1a9d7597-b964-4b76-b972-e101c50ae959,vorname_fehlt,,Draulans,,True
6b8552f9-5709-426c-b460-6febb78ed2f7,vorname_fehlt,,Drawer,,True
5ad6122c-7179-487d-afc0-723f1625a8af,vorname_fehlt,,Drayer,,True
cc3ed0e8-c920-42b0-824a-ba7f7df90a14,vorname_fehlt,,Drew,,True
8c43f4cc-f5e4-4498-80a9-1f3ff389ff79,vorname_fehlt,,Drews,,True
bc0e66c2-ef5e-4a49-a03e-36bb1107724b,vorname_fehlt,,Droescher,,True
9df48c59-3bcf-4e4c-b406-fbc05712d687,vorname_fehlt,,Drucker,,True
6624289e-ba56-41d7-9e33-a473c6957dfc,vorname_fehlt,,Druckerman,,True
fe3e4581-9c64-4299-8759-a0ebb3b57548,vorname_fehlt,,Dubois,,True
d8835363-3561-45c7-89cb-cbb2ae491f8a,vorname_fehlt,,Ducan,,True
c2f5f5de-53c7-45c7-acd3-9a8aff04f3d4,vorname_fehlt,,Duchow,,True
ebd0fa2a-04b9-4e36-a967-0b8951338894,vorname_fehlt,,Duenas,,True
d9584c61-0908-4dac-a7c2-a1530ab40335,vorname_fehlt,,Dueringer,,True
f3968e96-5bd3-4c02-94fc-335513ec78e5,vorname_fehlt,,Duesseldorfer,,True
ada88dc0-9725-4b22-b307-58f4e7f1fd28,vorname_fehlt,,Duke,,True
065c6712-a180-43a0-af6e-6ee567e4c7ff,vorname_fehlt,,Dumler,,True
f6bf032a-35e9-487c-bd1e-767e6744dfd7,vorname_fehlt,,Dunant,,True
1d63b65a-3ad8-4a21-8f07-093fd33758d7,vorname_fehlt,,Dunn,,True
7803595b-6e72-4492-b27f-3e68403ad544,vorname_fehlt,,Dunne,,True
5dc16dc1-f551-43c7-97c0-ed6d8f83f7e9,vorname_fehlt,,Dunnett,,True
e18eb07e-eba8-43ce-ab78-78890c23b53e,vorname_fehlt,,Dupuy,,True
c88fe1a2-96ec-4fb6-914e-3c58a2531a4f,vorname_fehlt,,Durrani,,True
d9cb121f-76ee-413c-ada7-ca6d2f9030e9,vorname_fehlt,,Durrant,,True
5b2775d9-3542-41ba-bfa7-d10a16ed24ba,vorname_fehlt,,Durrell,,True
1e45081c-2703-44dd-a97d-855fa598715d,vorname_fehlt,,Durschmied,,True
16f7a4b6-92cf-4fdb-aee1-26e64bcb26a2,vorname_fehlt,,Durst-Benning,,True
8d80fcb6-7fc3-4603-8a91-de469f33151b,vorname_fehlt,,Dusik,,True
ae78478a-b6f0-46ee-820d-726eca7c2baa,vorname_fehlt,,Easwaran,,True
d338574b-0f0b-4090-a906-ae18efe01b60,vorname_fehlt,,Ebadi,,True
3930329b-aa24-40f0-8c34-4dabb24489fb,vorname_fehlt,,Ebermann,,True
098842fc-6ab2-48ee-91c0-23a06933593c,vorname_fehlt,,Ebers,,True
97b240fd-7d2a-47db-8886-e611d5bed9c4,vorname_fehlt,,Ebershoff,,True
fd369ce9-110a-4b8a-bf6d-5a65f0ac1dfe,vorname_fehlt,,Ebmeyer,,True
19594629-edef-4a1c-949c-6e664d10ddd6,vorname_fehlt,,Echenique,,True
a3fd5147-7133-4bfa-8e09-f3ccfe2726c5,vorname_fehlt,,Echenoz,,True
ed7e7e8d-5d89-4fc9-9031-5ad2d1597563,vorname_fehlt,,Ecke,,True
edaa7553-b343-413b-9cd6-4f540cb7c5cb,vorname_fehlt,,Eckert,,True
93c38003-d586-411e-94aa-7d59e6a23cb9,vorname_fehlt,,Eckstein,,True
2b2b9b55-7f8c-4b3c-92b4-2f2a673f1c4f,vorname_fehlt,,Eddings,,True
a7a96446-acca-49fb-b68f-cee78cf2caf0,vorname_fehlt,,Eddy,,True
c6df2c95-deb3-41d7-8781-26a7ec4bf2c5,vorname_fehlt,,Eder,,True
fc707a86-1027-4dad-b22e-33177d24c964,vorname_fehlt,,Ederer,,True
f7f11775-db76-45e4-9aca-a2cf19912baf,vorname_fehlt,,Edschmid,,True
e7ac3166-f4e3-4ca7-b148-86091557b9a2,vorname_fehlt,,Edwards,,True
ca203714-af8b-43da-98b8-fc40dde9a4ab,vorname_fehlt,,Egbeme,,True
08cceaf3-bdbe-4188-a54e-d5a2893a5fa6,vorname_fehlt,,Eggenkaemper,,True
fe00f2cf-f4a0-4159-9812-e05969bff40f,vorname_fehlt,,Eggers,,True
fc44967e-ec90-4868-a175-dc2462da34bd,vorname_fehlt,,Ehrenreich,,True
091c6d2f-d6f7-418e-bf6e-9c00e7707e4e,vorname_fehlt,,Ehrensvaerd,,True
b5b868f6-360f-4b26-82e5-a1b1371fdb80,vorname_fehlt,,Ehrich,,True
6251b77e-4486-4cf2-acb4-7edd415df2e2,vorname_fehlt,,Eick,,True
c9b8ccf9-9905-44da-8e53-5e4996b45654,vorname_fehlt,,Eidson,,True
343ef0eb-002e-4f1b-806d-d38a9e8b4d81,vorname_fehlt,,Eilert,,True
5bb365d0-ce11-4986-8d9a-94486a9f6fae,vorname_fehlt,,Einhart,,True
af79220b-6fa4-49b8-ac31-10ddf9650a3e,vorname_fehlt,,Einstein,,True
257619fa-76f9-40ad-93e6-b51b1c49489b,vorname_fehlt,,Einwanger,,True
9aab2a3a-b1fa-4c31-b37c-894d9fd5799b,vorname_fehlt,,Eisenhardt,,True
493ce4cb-f878-40c1-a8f1-f67f08004bb0,vorname_fehlt,,Eisler,,True
1f0d9dd2-afc3-44eb-b393-4d25a42d610e,vorname_fehlt,,Ekert-Rotholz,,True
a46f128d-a703-4650-812e-4dd455fa4a42,vorname_fehlt,,Ekmann,,True
2e884c9e-c61b-4c92-a1e2-192c1627f13d,vorname_fehlt,,El-Nawawi,,True
dd941292-fc3e-42b7-9227-343e6556b3d9,vorname_fehlt,,Elbaradei,,True
d5fad14f-11aa-408f-832f-7dbf4752d6e0,vorname_fehlt,,Elegant,,True
4966d920-9bff-4bf2-83e4-0e3c7b7c605a,vorname_fehlt,,Elffers,,True
a9800e9e-befb-438a-b3eb-2e767045f380,vorname_fehlt,,Elfgren,,True
463b20b5-1dc3-4639-85fb-ea67792aaee4,vorname_fehlt,,Elger,,True
88ff02c5-3423-49b3-9533-d6d22784a721,vorname_fehlt,,Elkeles,,True
6e1d1ded-05ff-4e0d-b912-58266a28d819,vorname_fehlt,,Eller,,True
71cf8aaa-37ee-4f22-bb36-1d1ef9c13cc4,vorname_fehlt,,Ellert,,True
fac3b98b-36b1-45f7-a84c-792967fc23cc,vorname_fehlt,,Ellin,,True
054201b8-78f2-4564-85b5-371c28a3c0b6,vorname_fehlt,,Elon,,True
269698da-1a89-4ce3-a9a2-c13ed9a6c177,vorname_fehlt,,Elsberg,,True
cbe6057b-f6b2-43e3-a974-57152a3e773a,vorname_fehlt,,Elten,,True
1cbcde08-2274-4a78-9c30-3d2183f97ab5,vorname_fehlt,,Emilsson,,True
6c8febe7-11b3-4e8e-9d76-9f07f9480222,vorname_fehlt,,Emmelmann,,True
10df089d-884e-43eb-a100-c35e5c2f1584,vorname_fehlt,,Ems,,True
34e93dfc-fc80-4fa6-ab45-9ad675d92db5,vorname_fehlt,,Ende,,True
0c9c647f-4baf-4ae4-a9b9-ec08e170f750,vorname_fehlt,,Endres,,True
3167346d-d7ee-40ff-ba8f-85b3c7caa0b1,vorname_fehlt,,Engdahl,,True
d0a972fc-f842-4b77-b4d5-371a4524c190,vorname_fehlt,,Engel,,True
38f987be-84ec-406e-bca5-41ea35287d70,vorname_fehlt,,Engelhard,,True
471e343b-c614-484a-9dd7-6a424dc8318a,vorname_fehlt,,Engels,,True
1f02416c-282f-4d3d-85f5-b1362c8b6492,vorname_fehlt,,Englert,,True
b43f664c-3d0e-41f7-b3d3-469f0bb03633,vorname_fehlt,,Ennen,,True
d6c3d6c5-7839-4542-bf0d-6a74fac7ad03,vorname_fehlt,,Enson,,True
02ec31b6-f914-44ca-be64-921a73ba7483,vorname_fehlt,,Erben,,True
a1da36d8-3e05-41fe-86a6-3939a240391c,vorname_fehlt,,Erdman,,True
1ee1229a-84ab-4b81-929a-979f0b575574,vorname_fehlt,,Erdmann,,True
d7d6910d-4216-49b2-90b4-009a7aa97ac2,vorname_fehlt,,Erdrich,,True
69b2e746-b783-4c06-9499-7f59ce44308f,vorname_fehlt,,Eris,,True
882ae2c7-6a00-4cf4-8bff-1eac63629eff,vorname_fehlt,,Erlenhuetter,,True
5b7b2b05-557e-407a-91cb-35ee6526ccb9,vorname_fehlt,,Ernestam,,True
f88f73f9-7a64-4ae4-b1b9-09697f036c2f,vorname_fehlt,,Ernesti,,True
759fe45f-d72c-407e-85df-0f2a8a9223e1,vorname_fehlt,,Ertl,,True
0667984c-3c04-4556-985f-e3acb6f75afb,vorname_fehlt,,Escher,,True
d1f042b2-46d5-474c-ad67-1ca5ff79a3ac,vorname_fehlt,,Escobar,,True
b7cd88ea-e492-4524-893b-1a169008c9e2,vorname_fehlt,,Espinosa,,True
c85031d5-f6f2-48e5-b966-0470298e62f6,vorname_fehlt,,Essex,,True
fd8ff9ef-dfe2-40d3-9dae-44ceadfe38de,vorname_fehlt,,Estenfeld,,True
f43b9b02-c05e-447e-aef7-e16bb563ac8c,vorname_fehlt,,Eszterhas,,True
39654709-d044-48f2-ae7d-cfe6068ee30e,vorname_fehlt,,Evers,,True
43a204eb-cedb-4825-9824-556e9d6f9e60,vorname_fehlt,,Evison,,True
b8575a4b-f26b-4c86-aec0-d7ef21af6d3c,vorname_fehlt,,Facaros,,True
ef2b4bac-e144-42fc-ab26-6f883abdce5a,vorname_fehlt,,Faehnders,,True
1d356612-1885-45a6-b6d7-a4d4c047e626,vorname_fehlt,,Faes,,True
91f0be7a-8ac9-49f4-bb03-b0792b957532,vorname_fehlt,,Fahey,,True
08dd8ae4-bab1-4a91-b39f-6c7b29e8b996,vorname_fehlt,,Fairbairn,,True
1cbec18d-e5c5-4fa5-9452-9b906da9841b,vorname_fehlt,,Faletti,,True
f576dfcf-99e9-4e82-a5b1-10a09db9da90,vorname_fehlt,,Fall,,True
f66dec9d-9354-4592-8615-94f5122ad5b5,vorname_fehlt,,Fallaci,,True
d932d9dc-716f-4d01-8f12-2869dca670b6,vorname_fehlt,,Faller,,True
c3239bcd-8229-4932-832f-776f733ea28c,vorname_fehlt,,Faludi,,True
e858e8b6-13f5-4c30-954a-9a1700dc469f,vorname_fehlt,,Faraday,,True
39e50328-84a3-420f-9361-fcb9e30ef604,vorname_fehlt,,Farah,,True
6fbebbf5-60b4-4259-8480-c30c1a959959,vorname_fehlt,,Faschinger,,True
45710cc1-7d26-4031-ba0b-dbf13e56eeb5,vorname_fehlt,,Faulks,,True
31bc79b1-4ddd-4268-82a2-1f8be3376a4e,vorname_fehlt,,Feddersen,,True
acda956f-2920-4abb-b85b-f86b2be8cb49,vorname_fehlt,,Feher,,True
56be12d5-8210-49f6-90f2-87c2dce15533,vorname_fehlt,,Feichtner,,True
c99687f1-ece8-4ba3-8713-3df30d7eec23,vorname_fehlt,,Feild,,True
6bcbcbda-9872-41a6-91ea-80a59040f030,vorname_fehlt,,Feldenkirchen,,True
619f0cb9-ac1b-47eb-83a4-361320371ba6,vorname_fehlt,,Feldmann,,True
4b9a8e92-8fdc-4c5e-926f-11f40c27074c,vorname_fehlt,,Feliciano,,True
bb93d5e7-7aec-4339-b171-71f23366db58,vorname_fehlt,,Feller,,True
0f486d9d-048a-47fa-83ce-9005936b3076,vorname_fehlt,,Felmy,,True
7191a2bb-dbdc-4523-bde5-fd6586199691,vorname_fehlt,,Felscherinow,,True
ef4e53e8-8292-418c-8329-94e99369a9e4,vorname_fehlt,,Felschernivow,,True
e9d0e951-5daa-4d7d-b612-2db107a64f1c,vorname_fehlt,,Fensterheim,,True
148f4855-af01-428d-8792-9894b4be9bbe,vorname_fehlt,,Fenzl,,True
16dbd708-7d83-44ac-91d7-49d3c3288c2d,vorname_fehlt,,Fernandez,,True
e8c3388e-a8cc-43ed-b810-584d3a9ca3f2,vorname_fehlt,,Ferolli,,True
eccb3250-5b95-4fd2-a8dd-17d26b07d67f,vorname_fehlt,,Ferrante,,True
35b3dc84-9e6f-48ae-a049-0d9859d5f0f8,vorname_fehlt,,Ferrari,,True
62437b2f-db8d-4980-9180-e9585f8ccc26,vorname_fehlt,,Ferriss,,True
f53f99e3-31eb-4b48-9322-30117946479a,vorname_fehlt,,Fetscher,,True
907b97be-e3ae-4a85-8d1a-6863e0e2500f,vorname_fehlt,,Fetzer,,True
ae600050-de4a-48f5-922d-caacd2a9ca7e,vorname_fehlt,,Feyl,,True
951642cd-ab07-4141-8819-6e340ab197e3,vorname_fehlt,,Fichtner,,True
19b1ca1e-dfd3-4c26-bf06-483a0bdc121b,vorname_fehlt,,Fiebag,,True
a874dbad-1b7e-453e-a4d7-7f891ff0fb04,vorname_fehlt,,Filliozat,,True
0c0f557b-8280-44cc-b7d4-7755fc6abe7c,vorname_fehlt,,Finch,,True
0b3be66b-0eaf-4d20-ac87-ee8a7fe89008,vorname_fehlt,,Finck,,True
7d4a11a4-4739-46a2-acff-8d598281f8b8,vorname_fehlt,,Finder,,True
7f91b3d1-8cf8-43f2-ad34-b403044b511b,vorname_fehlt,,Fink,,True
0b6a955a-55fe-4772-aa67-ca1f26080fa4,vorname_fehlt,,Finkler,,True
b7723651-0384-42e7-bd16-9ed92150dbbf,vorname_fehlt,,Finlay,,True
204dcc05-56b7-4f47-9021-749da65c2186,vorname_fehlt,,Finney,,True
7c1928a0-4674-4df6-b27c-a1a9109472a6,vorname_fehlt,,Fiolka,,True
6b67df61-8899-40db-98b4-da4ad6ee86dc,vorname_fehlt,,Fiorato,,True
33806c63-06e5-404a-848d-d9bef71de0d5,vorname_fehlt,,Firnkes,,True
8aa37038-ea27-40a8-a903-74f80f5b5fab,vorname_fehlt,,Fischer,,True
417f78c6-9cfb-4c48-bb34-196b389cec8e,vorname_fehlt,,Fitzgerald,,True
8a14fb79-d5de-4d9d-9f53-eca427279012,vorname_fehlt,,Flagg,,True
35715585-e002-4329-9d96-39eccdaa8484,vorname_fehlt,,Flanagan,,True
c9ea4173-656a-4cdc-9069-5934d953b671,vorname_fehlt,,Flechtner,,True
a138fbdd-50b0-466d-a9b2-af75f164635d,vorname_fehlt,,Flegel,,True
20452a24-16d0-47c8-960e-1b893f92080f,vorname_fehlt,,Fleiner,,True
3116127b-f5eb-485a-8f01-58de28bae2d7,vorname_fehlt,,Fleischmann,,True
f0566018-e656-4c78-8391-5c3008700a79,vorname_fehlt,,Fliege,,True
520b72c4-a150-4bbb-b220-1b501642a833,vorname_fehlt,,Flint,,True
688a1629-8982-4aab-9e2f-b63b9e954f58,vorname_fehlt,,Florence,,True
7619f475-6955-4d49-a6af-5330bb41a65f,vorname_fehlt,,Flynn,,True
56fc6c57-44fd-4786-8a7a-16f37f5eed94,vorname_fehlt,,Fock,,True
52a0fddd-f481-4274-af78-66add2fe4bff,vorname_fehlt,,Foerg,,True
ce277756-2137-49e3-bb90-e3bd98b728ec,vorname_fehlt,,Folkman,,True
c5b91bef-03b3-4a33-88cd-80362449c548,vorname_fehlt,,Follain,,True
c71dc6ec-9a71-45fe-9e9c-41c217a82698,vorname_fehlt,,Folsom,,True
de131c25-84fd-460f-b464-936ce5070770,vorname_fehlt,,Fontana,,True
fcc0d0e7-11ed-4a48-81a1-d06f6b3590d1,vorname_fehlt,,Forbath,,True
3ba3b421-df92-4969-82e2-57d90681498f,vorname_fehlt,,Forbes,,True
c7de5d5d-043c-42ce-91b3-a1b53db4a73b,vorname_fehlt,,Forde,,True
21154f52-0463-47b3-801c-007f56fff337,vorname_fehlt,,Forester,,True
675e0784-3b92-40aa-ac9b-0728a9a0e5f0,vorname_fehlt,,Forte,,True
89525750-2906-48e7-a3aa-51dae43b086a,vorname_fehlt,,Fortier,,True
137df7a8-5aaf-4157-a080-f5203b14f08d,vorname_fehlt,,Fortis,,True
8d897282-6898-4e1d-b2ba-96debc634bef,vorname_fehlt,,Fosnes,,True
8adfd3ef-aded-40d1-bc42-c5d548e3eebb,vorname_fehlt,,Fossum,,True
f610dcbf-e68e-4083-8543-8efc506c0b23,vorname_fehlt,,Foster,,True
bdf4d299-fec7-4b7b-9913-5ed12ea765f6,vorname_fehlt,,Fowler,,True
0cf4adfc-e653-4d39-83a8-d824a6f00199,vorname_fehlt,,Fowles,,True
24b3f336-819c-4d61-a166-78775070d87c,vorname_fehlt,,Frain,,True
bec12907-c3ae-4869-aae8-e9f1e090d6fc,vorname_fehlt,,Francis,,True
ff12c3a4-8fbf-4dcf-8105-df66fcbfdce1,vorname_fehlt,,Franke,,True
7d6b9293-bfd3-44b8-a186-8a246ccb3671,vorname_fehlt,,Franken,,True
65132b7e-37cf-4f60-b24d-2672f03fe219,vorname_fehlt,,Frankl,,True
df4119ea-918a-4904-a6d5-ea512353e3f0,vorname_fehlt,,Franklin,,True
7fd47909-e9d0-4953-8408-c169a7aba3a9,vorname_fehlt,,Franz,,True
2928ee62-015c-4ceb-b4ea-0c967d02fd04,vorname_fehlt,,Franzel,,True
1011a9d6-93cf-41d0-ac9f-14adeb595d03,vorname_fehlt,,Franzen,,True
9bd25261-a85c-4b68-ad8b-b5c9c7434eff,vorname_fehlt,,Frater,,True
3db3bd62-beb6-4eff-a4e1-287711f4d6e9,vorname_fehlt,,Frazier,,True
02070a32-18e5-45ff-9a73-335ffa85eeab,vorname_fehlt,,Fredriksson,,True
4cb30e14-d0e5-4188-bc8e-428867388b54,vorname_fehlt,,Freedman,,True
aa07e0a1-ce82-4251-8e59-9fe6d431ac17,vorname_fehlt,,Freidenk,,True
951da201-7ba1-4fcb-831e-9f854be27c37,vorname_fehlt,,Frenz,,True
86f6b35d-fedb-4dcc-b057-4066f9436d95,vorname_fehlt,,Fretheim,,True
f519a4bf-25c2-4a7b-a027-a9cf1ca570bc,vorname_fehlt,,Freucken,,True
6f4544e0-53f2-4784-8c9d-4c99d8568e50,vorname_fehlt,,Freundlinger,,True
70c51d21-0c1d-4a10-b378-35d6d06b96a8,vorname_fehlt,,Freutsmiedl,,True
7fb08327-d8f2-4bd8-9fe7-5e2d61abfcde,vorname_fehlt,,Frey,,True
cec5b449-9ae1-428c-ab7a-cc44005b7459,vorname_fehlt,,Freyberg,,True
dc8588a5-5d5d-4855-b5b4-ef41e6492c6e,vorname_fehlt,,Fricke,,True
aa07dbef-8677-4457-9acb-e0293fd3e9b3,vorname_fehlt,,Frieday,,True
b4748d6d-ab05-4ca5-b699-01bcb299002f,vorname_fehlt,,Friedl,,True
3a3840cf-bf59-45a0-aaa6-5a644fabb885,vorname_fehlt,,Frieser,,True
1748c856-d3bc-410a-a8a2-855862adfc08,vorname_fehlt,,Frister,,True
87a27a90-90ec-4525-833a-3715a86b4176,vorname_fehlt,,Fritsche,,True
ca56fc88-16c8-4f08-a3eb-2d2005bc4456,vorname_fehlt,,Fritz,,True
269a478b-e13a-4f06-b805-f90adc501d7f,vorname_fehlt,,Fritz-Schubert,,True
169a95e2-c457-44b3-addf-137002efeb4c,vorname_fehlt,,Fritzsch,,True
15ae6ae7-8280-45d9-8610-066aa1770871,vorname_fehlt,,Fromm,,True
eea85134-2c06-4d92-9488-86017aebff71,vorname_fehlt,,Fruttero,,True
5030d82f-a722-4186-8e27-6c167d272efe,vorname_fehlt,,Fuelling,,True
639a4b90-f9d7-4583-8497-a2d363fb28f0,vorname_fehlt,,Fuentes,,True
70150ea7-848c-4796-b722-75068e62225c,vorname_fehlt,,Fuerst,,True
7304d6a2-5760-44cb-8358-942cb89c17c2,vorname_fehlt,,Fullerton,,True
11507d21-6947-402c-86e3-4fd2b1fc4939,vorname_fehlt,,Funke,,True
9b8a5848-2e99-4142-a6b3-c468c9bd43a9,vorname_fehlt,,Fuss,,True
44d4813b-121c-4bf9-8f59-5de62cdb0bd0,vorname_fehlt,,Futscher,,True
4bb56251-c123-4888-a21d-4bd019cbc520,vorname_fehlt,,Gaarder,,True
4e4707a7-6f52-4e95-b6ac-8b5890168263,vorname_fehlt,,Gabriel,,True
3ca69d98-7f9e-4bd1-aa8d-9dc358e5533b,vorname_fehlt,,Gack,,True
a67d1975-ec77-4a98-bb9f-32e05f486b0e,vorname_fehlt,,Gage,,True
91fcc502-1240-459a-a171-7bd09c13ea86,vorname_fehlt,,Gaiman,,True
fa68ec44-496c-45dc-8bb4-4db1af8a67f7,vorname_fehlt,,Gainham,,True
d237bc33-f301-464d-9142-9fc7238acca2,vorname_fehlt,,Gaiser,,True
b447bd5b-bf7c-43b1-b758-041487ad60a1,vorname_fehlt,,Gaitanides,,True
333bc4d2-eb39-4ba9-901e-2d2a3b355fe7,vorname_fehlt,,Galenorm,,True
4d57853d-3397-47bb-8dfb-aa4dc9bceea9,vorname_fehlt,,Galland,,True
da2cb310-3509-4478-954c-d2152802b111,vorname_fehlt,,Gallas,,True
6992330e-2c8f-4374-9f91-c91cc91e9c4b,vorname_fehlt,,Gamlin,,True
6b222084-ec07-4733-b520-cea19ae61a47,vorname_fehlt,,Gammelgaard,,True
16c545c7-5283-4dbd-8630-eed807278814,vorname_fehlt,,Gammelt,,True
e03c7aba-c474-47c7-b35f-894e26aee244,vorname_fehlt,,Gann,,True
078e3114-59eb-4dd6-b7c3-e085986f84fd,vorname_fehlt,,Gannett,,True
12d67b50-7409-4327-9b41-fcd77f137182,vorname_fehlt,,Gannon,,True
4e94f890-89ea-4f0f-aba4-a29b503e7918,vorname_fehlt,,Garanca,,True
6ff0d724-8f7e-4f3f-a672-03fc5bd2174a,vorname_fehlt,,Garcia,,True
3bbfecd2-2789-4956-811a-704e2df40491,vorname_fehlt,,Garfield,,True
4b342e8d-8b83-4e43-bfa0-9322c16c6a4f,vorname_fehlt,,Garwood,,True
fff69764-43cd-4644-adf0-b7925c47d347,vorname_fehlt,,Gaskin,,True
cd07026a-b2d6-4c29-8ba4-158a2b591845,vorname_fehlt,,Gast,,True
f0440fef-9386-4698-8bf1-e0e58acad4b9,vorname_fehlt,,Gates,,True
ea26b815-1a1d-4f44-91a2-dd2a6ad0528e,vorname_fehlt,,Gauck,,True
7ebfac72-926a-4deb-8ac4-5b566465c3cd,vorname_fehlt,,Gavaldo,,True
b9d38096-6f46-4de2-8900-5dca6e942f38,vorname_fehlt,,Geary,,True
f40df640-9f7d-4add-b2d6-4360370ccdf6,vorname_fehlt,,Geason,,True
9801c2e7-81bf-40dc-8d93-59b0d986e42a,vorname_fehlt,,Gebhardt,,True
c987ec80-4ae6-434c-83e9-23471ff073cb,vorname_fehlt,,Gegde,,True
6d97c41f-468c-4c13-9f88-608e5b65b18a,vorname_fehlt,,Gehm,,True
7d0426fc-3d24-4a0d-99f9-f69d25297d85,vorname_fehlt,,Geibel,,True
c1ca566e-9e53-482f-9aec-b783aed9a750,vorname_fehlt,,Geiner,,True
8ed07265-71dd-4ed7-8950-d535453e493e,vorname_fehlt,,Gendlin,,True
97dca647-5b2d-4724-a655-219a77e16695,vorname_fehlt,,Genoves,,True
2a90710c-f4ab-4805-8049-bbd9e3218db6,vorname_fehlt,,Gerber,,True
3dbaf032-5b89-4536-a7d4-e909f58bbd81,vorname_fehlt,,Gerlach,,True
ec797c3e-a9e1-4000-993a-8bd4bf03df3a,vorname_fehlt,,Gerst,,True
7b43170c-8719-47b6-83cb-a9fa62f870b9,vorname_fehlt,,Gerstaecker,,True
37681098-2384-468a-b9eb-dbd47719a6b8,vorname_fehlt,,Gerstenmaier,,True
3bed6bc5-5bcf-48b5-aeb4-fac2cebe0f23,vorname_fehlt,,Gerstmeyr,,True
1d82b8c2-58d1-4a68-8711-d9c24a10cf65,vorname_fehlt,,Gertz,,True
7abc7944-9f3f-4972-94e5-bd021a5cadf8,vorname_fehlt,,Gerwald,,True
72cec6d2-61a2-4c1a-9c04-c8d107f5bf31,vorname_fehlt,,Ghose,,True
31d71b73-ba96-43d1-b986-7c33e9f17035,vorname_fehlt,,Ghosh,,True
e09b2b3b-125d-4826-b072-1198a9208836,vorname_fehlt,,Gibbins,,True
663b46ae-888a-4435-b553-fc6b5e6c1ff0,vorname_fehlt,,Gibbon,,True
fd1ea7df-5b0f-4e07-8884-e167351d1ba2,vorname_fehlt,,Gibran,,True
a6dbd756-83f9-45ff-90e4-11dd5fa98acd,vorname_fehlt,,Giffin,,True
05cd6c7f-df81-468c-98c8-ed34e095c67a,vorname_fehlt,,Gifford,,True
5bc1760e-e075-4376-b026-cef2a2e694b9,vorname_fehlt,,Gilbreth,,True
a714c6cc-5b5f-435e-931a-52956d18c682,vorname_fehlt,,Gill,,True
6660b8f5-6b88-45f0-88ed-01638f8f5684,vorname_fehlt,,Gillessen,,True
22b4fc8b-7180-4667-be64-75af47cbc177,vorname_fehlt,,Gilliard,,True
74ea4e4b-75b4-4858-9810-dfe9af0278b8,vorname_fehlt,,Gilman,,True
e8e09a7f-24f5-45de-87fe-6cb6a2b66a81,vorname_fehlt,,Gipe,,True
21e124fe-b25c-4fb0-a5e2-28603fb5de88,vorname_fehlt,,Girard,,True
e825b2a8-a397-4beb-b253-8ab82d9d9a92,vorname_fehlt,,Gitt,,True
d5da2648-439f-450f-b5a2-bca33c57c521,vorname_fehlt,,Gladwell,,True
d3a3942d-7707-4caa-8eb5-129bde6dce2c,vorname_fehlt,,Glaesener,,True
14f70efd-56ac-4057-a088-d5d150c0e064,vorname_fehlt,,Glancy,,True
3ee89729-aec5-47e5-b793-c3fd96788bc0,vorname_fehlt,,Glanville,,True
bc375661-c668-469c-9735-3be723b38b65,vorname_fehlt,,Glaser,,True
4012299c-bc43-4974-81e3-7379f1e1d2ba,vorname_fehlt,,Gleeson,,True
6e3be8c6-f16c-4b69-844e-48a79971b8cf,vorname_fehlt,,Gless,,True
d5d728bc-0a40-4d05-b84a-0a5ea6406b33,vorname_fehlt,,Gloaguen,,True
1bf30464-3f02-4a6b-b2ec-5d37df95f891,vorname_fehlt,,Glubrecht,,True
06a0573b-3cff-410b-8653-664d48c89a7f,vorname_fehlt,,Gobineau,,True
9b9d8e26-20b6-460e-a691-19bbd1782703,vorname_fehlt,,Gobrecht,,True
09b794c1-fa5a-4d20-867b-b4d443ce8482,vorname_fehlt,,Godman,,True
558ea130-2c29-4218-a964-a5e80f0711d6,vorname_fehlt,,Goeoeck,,True
87881efa-c9e2-4574-ab7d-dae945c9bde3,vorname_fehlt,,Goericke,,True
c99d51ba-e1ef-4e29-b592-37076637021e,vorname_fehlt,,Goestenmeier,,True
b425f422-7e25-4e37-bcf0-351d6d8a4ac8,vorname_fehlt,,Goetting,,True
2fba7e5b-2810-4661-aab5-7d0fb6bdb386,vorname_fehlt,,Goettlicher,,True
1e051857-8156-4942-bcd4-63a8f200d8df,vorname_fehlt,,Goetz,,True
23289b86-b6bd-46e1-8f1a-2df1c2416295,vorname_fehlt,,Goeudevert,,True
6db341b0-8ab5-4e84-bb8b-78e3c60366c7,vorname_fehlt,,Goga,,True
d2b98b70-e4d7-43a6-8bcd-f90ea2e76c86,vorname_fehlt,,Golant,,True
1de5cac1-5867-4011-85a4-7c010f2010eb,vorname_fehlt,,Golb,,True
10eb7a6a-f6df-4d79-b908-4ee7e1bc19ba,vorname_fehlt,,Goldberg,,True
2044ac7f-5db8-4f1f-a8b0-27d899aebcfd,vorname_fehlt,,Goldman,,True
44e52ef1-1186-4977-bfbe-9db85ca3251f,vorname_fehlt,,Goldratt,,True
25c204c5-0cea-4ef4-a8b1-024756226e0e,vorname_fehlt,,Goldstein,,True
2dc876b0-1dfb-45d3-9140-6f6a1fbe2c23,vorname_fehlt,,Goleman,,True
9228fcd8-9cd5-41c5-8379-bf6926f874b1,vorname_fehlt,,Gollhardt,,True
b1626e0d-946f-41ff-b2ea-94bb1c480d94,vorname_fehlt,,Golluch,,True
e5c50f4e-0896-453d-9aad-22a153130cdc,vorname_fehlt,,Golon,,True
5627b89e-2c87-4dea-99ee-c95534cf1e49,vorname_fehlt,,Gonsior,,True
69333d9b-b471-4ae3-84b0-42916b4f2d9b,vorname_fehlt,,Good,,True
6a4544f1-0d15-454b-a807-dbcc6da87dd8,vorname_fehlt,,Goodkind,,True
061762dc-5ea4-4afb-9363-1c11f6269e8e,vorname_fehlt,,Goorich,,True
15d3a74a-b3ab-40b7-ba95-9f93348fc282,vorname_fehlt,,Gordian,,True
382471d5-3b05-41b9-a1b1-f77dac939bb0,vorname_fehlt,,Gordimer,,True
677fc672-a6af-48e9-a9a6-4478a872c483,vorname_fehlt,,Gore,,True
25e40ea6-943d-4b14-8cb1-7e10b8bafab4,vorname_fehlt,,Gorell,,True
a03d161c-aa4f-42b2-9778-3ec640c7ee88,vorname_fehlt,,Gorki,,True
43d73092-9e5b-4e12-9607-db48a803aeb1,vorname_fehlt,,Gorys,,True
31d078a3-d274-45bc-865d-ab7c31228746,vorname_fehlt,,Gosciniak,,True
03159e9a-8c93-4ce7-98c6-5e3d22c51ccf,vorname_fehlt,,Gossage,,True
42d3f271-87f3-4778-a68a-31ed96578818,vorname_fehlt,,Gottberg,,True
e35f4171-6beb-48dc-8f27-c1f5ca7a6f94,vorname_fehlt,,Gottesfeld,,True
4de8674d-ccaf-4ad3-a385-18056f89d2c2,vorname_fehlt,,Gottschall,,True
6fe65782-a41d-4c0e-b654-2c3b5daa7f39,vorname_fehlt,,Goudge,,True
d0113416-a116-473a-89b8-bee3290f0b8a,vorname_fehlt,,Gould,,True
47a7e18b-19e5-4ba6-abd7-37b11d8171d5,vorname_fehlt,,Govinda,,True
7229ce13-a541-40fc-94c0-1f9faf84d035,vorname_fehlt,,Gowda,,True
9d9207fc-0b7f-4192-98cc-be66a79d937e,vorname_fehlt,,Goyen,,True
37840970-dffa-4415-a981-4341563330e8,vorname_fehlt,,Graebner,,True
6c65e7ba-805d-49ef-bece-832c72ce8386,vorname_fehlt,,Graedler,,True
0152b2f1-a356-4282-8b85-1b56367834fc,vorname_fehlt,,Graham-Campbell,,True
3feb26a4-1b3c-4e85-a076-16c3dafc938e,vorname_fehlt,,Graichen,,True
744a7cf5-90f3-4f46-be5a-592b65788c36,vorname_fehlt,,Gralle,,True
3eba45a1-d1a2-443d-98d6-3cf57f026dcd,vorname_fehlt,,Gram,,True
a15f6753-d5ca-4481-94e9-12961c3da1c5,vorname_fehlt,,Grandes,,True
a17b6050-b71a-48f5-9ff3-e5c2c91b2529,vorname_fehlt,,Grandt,,True
9492aa88-2ef4-423d-8eee-bab924c2e7dc,vorname_fehlt,,Grange,,True
999535be-d17b-481f-a0b2-0f1ac8cdf274,vorname_fehlt,,Granger,,True
6758ceb3-b32f-4aae-9d89-396375dead70,vorname_fehlt,,Grant,,True
47d73da0-0d6e-4de4-bf51-6a1f10dd4657,vorname_fehlt,,Grass,,True
1238eebf-44e4-4fe7-a721-2c8cbd7bc7a5,vorname_fehlt,,Grau,,True
36dc331f-b743-45f2-a248-9f753c95c51a,vorname_fehlt,,Grazzini,,True
a67e6e6a-cfc5-4fe1-8cc2-a9894b20c96d,vorname_fehlt,,Greeley,,True
e84763e2-75e9-4101-8e3e-391dcfdf1172,vorname_fehlt,,Greenfield,,True
08c69c4b-f48c-4e08-8a62-9165e4d00dce,vorname_fehlt,,Greer,,True
4fc297ce-7f3c-4e7c-af19-7a9ec58c37c0,vorname_fehlt,,Greff,,True
fb038a0c-7e83-462e-bff5-ead23ea12626,vorname_fehlt,,Greiner,,True
f0302281-5388-491a-8ff9-8e4bae83065e,vorname_fehlt,,Gremillon,,True
ade82daa-2c6c-4d79-a463-e9f548bb6d1e,vorname_fehlt,,Greshake,,True
a4014243-2218-4d6e-a50f-cf976e9e5e80,vorname_fehlt,,Gricksch,,True
1150dd0f-3288-4e0f-a019-2fc59c2e1942,vorname_fehlt,,Griehl,,True
e3512049-5fe2-44b0-8a28-a47165468d99,vorname_fehlt,,Griesshammer,,True
7a64ae24-751d-4ca1-88fd-81e15963bdb7,vorname_fehlt,,Griffin,,True
d1f26d90-add2-41c6-b7b6-bdff7769c025,vorname_fehlt,,Griffiths,,True
02e7f3a0-3281-4768-8adb-a56f4e49b76c,vorname_fehlt,,Grifka,,True
7dd5e2e7-6718-46d9-a238-484ae5519179,vorname_fehlt,,Griggs,,True
37a06b08-efc1-4dd1-97dd-df01bb1bffb9,vorname_fehlt,,Grillparzer,,True
dc7b2be3-31a8-427c-9e8f-65ecf65979fb,vorname_fehlt,,Grimm,,True
36861a44-a5f8-4ea4-8059-56720939bded,vorname_fehlt,,Grimm,Brothers Grimm,False
98b0e96f-be1b-42f1-afd4-1d69635e4b57,vorname_fehlt,,Grimmelshausen,,True
24500e44-583e-4d00-84a7-c70a63614c8e,vorname_fehlt,,Grinspoon,,True
0db38eb7-1b5d-4f67-a25d-61d0d6f670c1,vorname_fehlt,,Griscom,,True
65ecc997-51b5-4e53-a3ee-610c615418c5,vorname_fehlt,,Grisebach,,True
b2cede6f-ce76-4ef9-8d55-24ddc969bf9e,vorname_fehlt,,Groenemeyer,,True
ea94609e-3874-419f-ab0d-9949059471b7,vorname_fehlt,,Groessler,,True
543f3691-0111-473e-b107-a13e4882ad3f,vorname_fehlt,,Groh,,True
07acb4ea-b6a8-4977-9aed-20781aa2666a,vorname_fehlt,,Groom,,True
149893ae-73ac-4cf7-b6f1-8f1a0e9472ce,vorname_fehlt,,Gros,,True
67eb6a58-0dc9-4da5-97e8-0b494db1bd91,vorname_fehlt,,Gross,,True
d8c80120-daf2-486a-966a-7708b68e9b02,vorname_fehlt,,Grosse,,True
e66b9409-0ca5-4457-a4fc-f27f480491e7,vorname_fehlt,,Grossman,,True
129ba207-177a-46f7-88d6-523791f56542,vorname_fehlt,,Groszer,,True
1e1d78aa-5270-4ef0-8cb4-909990247ee5,vorname_fehlt,,Grotzky,,True
04090e76-6af9-49f6-a96b-54c5fc7fa578,vorname_fehlt,,Group,,True
3dd1cabf-4b23-40ad-98d7-c7aeb14b84f7,vorname_fehlt,,Gruber,,True
02641f75-18f8-4fa7-897b-e3adf03daa9a,vorname_fehlt,,Gruda,,True
f305ccee-0497-4444-88bd-2a465599f058,vorname_fehlt,,Grunewald,,True
d71a4b7f-1860-476e-9c84-7c27408acda7,vorname_fehlt,,Gruschwitz,,True
f2b1e928-bd54-4dac-bf45-d9cb60c27ec3,vorname_fehlt,,Gschnait,,True
0f5a98c3-18d4-4cf2-9f6c-a5e4cdc4c912,vorname_fehlt,,Guderian,,True
10a0bec9-cddf-47e5-bf55-1be734e75e33,vorname_fehlt,,Guderjahn,,True
166c75d0-904e-4276-92b1-219c2b135894,vorname_fehlt,,Guenter,,True
8c933cd6-2f9d-4cd2-8eba-a42bbe5a7d40,vorname_fehlt,,Guer,,True
946fe5b2-bf1d-4f59-b293-d7f4bb1bb6be,vorname_fehlt,,Guerniffey,,True
3e0ab81e-e2f9-4dc5-8324-f61cfada21b4,vorname_fehlt,,Guertler,,True
816f8df3-e138-4821-88d1-df2a17ed9309,vorname_fehlt,,Guez,,True
78f5b874-a910-46af-a68d-5c3453f6e525,vorname_fehlt,,Guiladi,,True
10d0df6f-ce37-4eee-9283-3b97148d058d,vorname_fehlt,,Guild,,True
e0c5d1dd-3ef5-4304-b5d5-a1323c4e24ad,vorname_fehlt,,Guillou,,True
dfc4f4e5-a955-427d-b2b0-62ad1de1103d,vorname_fehlt,,Guimaraes,,True
761d92cb-ddfd-4af0-a4d1-a55e55bd8caf,vorname_fehlt,,Gumin,,True
a564612c-5ed2-4abb-8002-96dabf90f2d3,vorname_fehlt,,Gundar-Goshen,,True
23c34b28-b5be-4937-9fc7-eccddbda21a3,vorname_fehlt,,Gunganus,,True
9a8486d5-21cd-4088-95c2-c0033b449429,vorname_fehlt,,Guthrie,,True
dab4e435-2c9d-4f8c-96e8-59c79d745382,vorname_fehlt,,Gutierrez,,True
db51fb73-1229-4db1-a323-82b8fe846937,vorname_fehlt,,G√Ľnther-Haug,,True
88a69d08-64c2-4e91-8117-1daa46c9f7f8,vorname_fehlt,,Habe,,True
5dd0d3a4-110c-498a-9f30-a7e34755fda9,vorname_fehlt,,Habibzadeh,,True
9fa0d896-0511-4b52-9219-542421590b29,vorname_fehlt,,Hachfeld-Tapukai,,True
62a0c70a-8331-4237-bb34-2aea1e43b7cc,vorname_fehlt,,Hachmeister,,True
71a08dca-9f29-422d-97e8-ccf056e6c2e8,vorname_fehlt,,Hacke,,True
25164bc8-16c2-4b3a-9bd7-67652827dd8d,vorname_fehlt,,Hackl,,True
8999b1c5-de72-4ed6-a349-466c47c04caa,vorname_fehlt,,Haddon,,True
a36ac570-218f-4c27-8ea4-055f03b3142c,vorname_fehlt,,Haechler,,True
38490753-a67a-4719-b7a0-87594dcc56e1,vorname_fehlt,,Haeger,,True
2d9c6a2f-da12-496d-8eeb-990b5fb046cd,vorname_fehlt,,Haehner,,True
7ef1a4dd-2ed9-4e13-a3bb-62fac8ac2174,vorname_fehlt,,Haering-Huan,,True
6cdf5fa3-9522-498b-b9a0-982fb7181840,vorname_fehlt,,Haertling,,True
f863263b-31b4-4221-8942-9d0153054acb,vorname_fehlt,,Hagena,,True
aaa92532-5b32-4616-a16a-9dfb69ad4e4d,vorname_fehlt,,Hagerfors,,True
45876ea0-8841-4e75-b269-fe20669d00ea,vorname_fehlt,,Hahn,,True
f73da222-3796-4ee5-8161-56cb0368bbc7,vorname_fehlt,,Hahn-Beer,,True
4ef8834a-c711-4fac-9d6c-9f550934d01c,vorname_fehlt,,Hahne,,True
fa7d28b9-46a2-431b-896d-83e492c7a3f1,vorname_fehlt,,Hahnemann,,True
3761a703-5028-4cc9-b8a4-f9fc6659bdf9,vorname_fehlt,,Haider,,True
ee4d923c-c835-4dab-ac8d-71482a72a7ee,vorname_fehlt,,Haining,,True
781d947c-5b58-4bbb-9b19-c04742224dd9,vorname_fehlt,,Haitel,,True
7fabb3b1-8b86-4904-91e3-867a01116f04,vorname_fehlt,,Hakesworth,,True
52458e00-cde4-4efb-ab63-66b66efcaeba,vorname_fehlt,,Halban,,True
19f5bd84-b025-4605-bc10-b2f544bc88f0,vorname_fehlt,,Hale,,True
d137b683-b8ae-48a4-97f3-2172e1a8577e,vorname_fehlt,,Hallberg,,True
c91d88d1-0e2d-4320-a953-3e3003c2d180,vorname_fehlt,,Halmer,,True
08650ac7-4af2-4a32-8a0b-da1acee8b4b3,vorname_fehlt,,Haloche,,True
edf14f93-0bc2-4efe-bd76-06a41afe25b2,vorname_fehlt,,Halstead,,True
00036e54-dbe6-4996-89c2-b1c39ee06322,vorname_fehlt,,Halter,,True
21f46ffc-ef98-4fbd-9374-2f5236374ac7,vorname_fehlt,,Ham,,True
a4d3da1e-8b29-4654-b03a-1e34e550d53f,vorname_fehlt,,Hamann,,True
3d3699a8-add0-4b77-ab6b-540db584445e,vorname_fehlt,,Hamberger,,True
2dd0160d-4ade-4f72-b35a-8cff7ee109be,vorname_fehlt,,Hamblin,,True
ee33766a-f185-4a1c-851f-30c27cb19359,vorname_fehlt,,Hamdo,,True
c8825873-d29f-4b47-996b-3016e5d1a06e,vorname_fehlt,,Hammer,,True
8050c08f-e01a-49a7-bab3-b23ac1e8c5eb,vorname_fehlt,,Hamsun,,True
54c4c604-afff-4baa-9681-4d52a0c1ff47,vorname_fehlt,,Hanan,,True
803f3a1e-1f37-4f51-8f64-d80b5d5acbce,vorname_fehlt,,Hanauer,,True
bd3fd88b-76ae-447e-bfd3-14b02b2eba4e,vorname_fehlt,,Hand,,True
0c37f77e-4007-4690-9cb0-cf1864a82e96,vorname_fehlt,,Handschmann,,True
993b2dc9-706c-4163-857d-90ece32e63f5,vorname_fehlt,,Hanika,,True
575eff1b-0f90-4e2f-989a-820fc2b98edb,vorname_fehlt,,Hanke,,True
091716ba-4a71-4163-901d-3ab1f0071476,vorname_fehlt,,Hannah,,True
1891b084-80ca-41ab-9c9b-8cefbe0de271,vorname_fehlt,,Hansel,,True
b79c780d-bed2-42a9-9cb6-1621ac1421bc,vorname_fehlt,,Hansun,,True
84fa01ce-18ea-4db6-83f6-f2aeadfd79ab,vorname_fehlt,,Haon,,True
87f9415f-abf0-4248-bcbe-52fecdad2ce2,vorname_fehlt,,Hardie,,True
ae014ea3-5db7-4a25-bd41-8de9276e2d18,vorname_fehlt,,Harding,,True
21cb7fcf-6913-4c42-b0e3-47db3e7daada,vorname_fehlt,,Hardy,,True
5dbedd98-4f7e-4088-a15b-53b1a298c8d7,vorname_fehlt,,Harenberg,,True
539c1d3c-20da-431c-bfe1-0e35eb5e5be4,vorname_fehlt,,Harich,,True
0aac2492-6171-4a11-9e15-849f8f34735e,vorname_fehlt,,Harlander,,True
645a1f9c-2a81-4cd3-8566-7d0c387f0489,vorname_fehlt,,Harmann,,True
79895324-f941-4a9b-9a6a-10ffa41ea8b2,vorname_fehlt,,Harms,,True
d2c640fa-37ef-4c3d-88e3-f86b52068018,vorname_fehlt,,Harper,,True
9daee0c7-23b1-43d1-8c46-18cbe31bd62a,vorname_fehlt,,Harry,,True
b2964c9a-55d4-4e27-bc3a-eca12b3a2f96,vorname_fehlt,,Harsany,,True
6ca8e9fe-7e83-4583-9e9a-11880f0954ba,vorname_fehlt,,Harstall,,True
0e35be9f-f0f1-4a5a-91a1-badf4201140e,vorname_fehlt,,Hart,,True
9623798b-adf6-4a24-bde5-5e60e66000d5,vorname_fehlt,,Hartmann,,True
986f34a3-2e59-462e-954b-11ecbc51eef5,vorname_fehlt,,Harzig,,True
064e3e80-f060-4ea1-949d-937349498613,vorname_fehlt,,Hasek,,True
23b5ff5c-823a-4cc2-92d6-c5f6601a4714,vorname_fehlt,,Haskell,,True
f8be7a22-00a4-4c63-8683-15d51726d361,vorname_fehlt,,Hass,,True
061c9155-7f10-4b33-bece-8c0fe3948262,vorname_fehlt,,Hasselbusch,,True
46dfc0f5-ea67-4da7-9504-20272ce88967,vorname_fehlt,,Hatzfeld,,True
79c47d7d-76c1-4f88-a7be-c0f4ea671755,vorname_fehlt,,Hauck,,True
649be336-354b-4e46-80ba-e2c3b643705c,vorname_fehlt,,Hauser,,True
a25f239f-2e12-4933-8a97-56716b986033,vorname_fehlt,,Haushofer,,True
c3ad1ce0-c2d6-4165-901c-133446de635f,vorname_fehlt,,Hawass,,True
965e888b-8bd7-4361-b52c-23cba8a4581d,vorname_fehlt,,Hawel,,True
3c1fe37e-a69d-48dd-991d-0f27e97b3a97,vorname_fehlt,,Hawke,,True
6ff510f2-760a-485b-ba74-9beaf2d45d1a,vorname_fehlt,,Hawkins,,True
c260b05a-e407-4196-b535-65937e5f14c6,vorname_fehlt,,Hawthorne,,True
9552c86b-708f-45bb-ae66-a5be87c58e67,vorname_fehlt,,Haydon,,True
a2ac43b5-1b2b-486d-99ad-f13d2eb21c18,vorname_fehlt,,Hayer,,True
249ba6f4-65b6-4cff-a6f1-fc0255f31d45,vorname_fehlt,,Hayes,,True
e8daf877-bae8-489d-9418-f1cde708e28c,vorname_fehlt,,Healey,,True
495d559e-82d2-4201-9028-248bc3abc838,vorname_fehlt,,Hearting,,True
d3870e71-4039-4b04-bfa9-43adac0b3152,vorname_fehlt,,Heaven,,True
dce9aa79-7e6f-4751-85dd-87c2ebf62ea5,vorname_fehlt,,Hecht,,True
85db82d7-62cd-4334-ba50-4802eca87591,vorname_fehlt,,Heer,,True
f16b27ab-5880-48cc-89ae-4a20b3e5453e,vorname_fehlt,,Heffermann,,True
438bd9ef-9c9e-4381-bc94-f1fcdb4d8b7f,vorname_fehlt,,Hefner,,True
11689db7-0b89-4851-ab88-2efe1903ea44,vorname_fehlt,,Heidmannseder,,True
bdf221e1-3162-447a-b7de-c0b6d2d770a8,vorname_fehlt,,Heidrich,,True
f2296087-a209-43b8-88c7-6dbcbb31ce15,vorname_fehlt,,Heiland,,True
11a18612-16f0-4005-8010-94b4c42aaa76,vorname_fehlt,,Heilmann,,True
dcefe686-9e87-4042-a6c7-217fa4bfc092,vorname_fehlt,,Heincke,,True
cdc27fa6-b6e7-4b48-964b-3bff0a0212b4,vorname_fehlt,,Heinlein,,True
a9c4f48d-c23f-46d4-8f37-36f48e43812c,vorname_fehlt,,Heinrich,,True
36ce6443-fc51-48c8-a1a1-6f11104b29ff,vorname_fehlt,,Heisig,,True
09647886-d89b-454e-be3e-0489995038b1,vorname_fehlt,,Heitz,,True
8aa8eb4a-5515-4d09-8bca-df92f8ab2bb4,vorname_fehlt,,Hei√Üerer,,True
1c19ecc4-073e-408a-a650-fd9a066e87a7,vorname_fehlt,,Hejazi,,True
256e1492-f7a0-4504-abd3-86b2964f4a45,vorname_fehlt,,Helbig,,True
3ac13423-c6c6-4ee0-8f16-d2708e70bcaf,vorname_fehlt,,Held,,True
3e499a7f-bee8-45a9-95b7-0f7284c4d20a,vorname_fehlt,,Helfritz,,True
3e9a9d49-7611-4739-a07e-04e99accc425,vorname_fehlt,,Hell,,True
13a68ed2-35e2-4caf-9085-13c3266a8743,vorname_fehlt,,Helland,,True
25875e77-af79-4d86-8774-8213ef0b796f,vorname_fehlt,,Hellberg,,True
e0a6cd12-2a8c-4f84-af7b-9b0a6400e232,vorname_fehlt,,Helle,,True
b390833d-c75e-47f4-acb5-52c1c470dad8,vorname_fehlt,,Hellfritz,,True
3cf8b02a-24f8-4545-b3a4-00e664d32b38,vorname_fehlt,,Hellinger,,True
3981a490-d90d-4375-b935-d50521d5e5e1,vorname_fehlt,,Hellmuth,,True
f6e36fdf-fe42-4841-9cdc-a066bb4007d8,vorname_fehlt,,Helmensdorfer,,True
bdb3b27e-1527-40c8-b4fc-888893b54cf8,vorname_fehlt,,Helmhausen,,True
3ac40c36-4c2d-4672-8247-a7c8493665d5,vorname_fehlt,,Henderson,,True
a4448d7a-1fb9-425e-bb8a-a06e7c1ed485,vorname_fehlt,,Hendrix,,True
affa0c41-2204-4065-9b2f-a319f52d1047,vorname_fehlt,,Hengge,,True
b1e71420-87ca-4866-aab9-cce93605e9ed,vorname_fehlt,,Henisch,,True
9a09b705-4ad0-4ddc-97bb-641c3d3ca086,vorname_fehlt,,Henkel,,True
1442b41c-06c5-441d-95a5-4ae6f82235c8,vorname_fehlt,,Henkels,,True
9b5b4120-f186-4ca6-a0c4-dd869fded609,vorname_fehlt,,Hennig,,True
116e0d9b-9dc3-45b0-a678-b82f04f96ed5,vorname_fehlt,,Hennings,,True
0a08ce60-1a43-432b-a215-102ead3f1cc3,vorname_fehlt,,Henry,,True
45334530-328a-4fb5-b931-4c541672183b,vorname_fehlt,,Henscheid,,True
f4c24bf0-e276-4282-a073-e04a6566cf6e,vorname_fehlt,,Hensel,,True
dca326c6-ff24-48a0-8672-20d3a15d8a13,vorname_fehlt,,Hephurn,,True
bcc1b5db-f13a-4421-b88c-000cdd1d586b,vorname_fehlt,,Herber,,True
c81d15e2-2514-4dab-a6da-428c70e0e22c,vorname_fehlt,,Herbst,,True
5d5e5089-2571-4511-ba8d-909ebed1e42b,vorname_fehlt,,Hering,,True
de87ac36-a3dd-44bc-b760-4762c8f95c81,vorname_fehlt,,Herlin,,True
924515ff-bcf0-485a-bcc5-4b17fc304951,vorname_fehlt,,Herm,,True
e7faf449-e32e-4987-8d04-330596715663,vorname_fehlt,,Herman,,True
c849106f-b760-4be3-84e2-62912a57d810,vorname_fehlt,,Hermanns,,True
60537dbb-7832-426b-95d0-9774038385a6,vorname_fehlt,,Herriger,,True
dbc8c64e-4187-46c6-a595-d904f2fe725e,vorname_fehlt,,Herrligkoffer,,True
04b86b80-6427-4321-8808-0df6f24c2193,vorname_fehlt,,Herrndorf,,True
7d87ee64-2ff5-466b-951a-9c0d43e1af02,vorname_fehlt,,Herron,,True
7ba46cc1-1001-4f13-9dab-ba118e746837,vorname_fehlt,,Hertz,,True
0d4bdc7a-f15b-402a-be33-cba3ac68c562,vorname_fehlt,,Herz,,True
0262f4aa-85c2-4d62-943a-dd4cfb465729,vorname_fehlt,,Herzog,,True
487ef230-d4f4-4e77-91dc-e39d1e89ac0a,vorname_fehlt,,Hess,,True
a5da8727-1efc-4027-9929-c79e7b7e71de,vorname_fehlt,,Hetmann,,True
4589b4e6-16de-41fd-83d3-09c0b9b55ccf,vorname_fehlt,,Heuck,,True
ea43bb1b-c1d4-4475-959d-2a962a9d0177,vorname_fehlt,,Heusser,,True
86607b1e-cccf-4bfb-94f5-a7e8bc632ef3,vorname_fehlt,,Hewitt,,True
5a638e23-ec1a-4a73-ab9e-6524969f2acd,vorname_fehlt,,Hewson,,True
15fca4bc-3c73-401b-beb7-d6861720ab4b,vorname_fehlt,,Hexel,,True
ecac7bb4-1bdb-428f-a112-a4762ed9002e,vorname_fehlt,,Heye,,True
81130333-5e66-4b60-8dd9-5ce4c06038dc,vorname_fehlt,,Heyer,,True
400f1da7-06cf-4ae2-96de-9a09ec8847ff,vorname_fehlt,,Heym,,True
4a681b60-31e4-4681-a442-0738ce26038d,vorname_fehlt,,Hidier,,True
42e410da-3b70-48f5-a029-1cc2d0c887a3,vorname_fehlt,,Hiebeler,,True
896fd652-fc5f-45f1-a07b-857bf04fe987,vorname_fehlt,,Hies,,True
9cf726c3-fdc6-4801-b044-702a55aac42c,vorname_fehlt,,Higham,,True
c5d7c0bd-f7af-47bb-a139-ba20c88eb642,vorname_fehlt,,Highsmith,,True
6f9302bf-5768-43fc-8edd-81f2147f218c,vorname_fehlt,,Hilbk,,True
0b384d18-3a82-4820-8cdf-a32b4172fb52,vorname_fehlt,,Hildebrand'S,,True
eefafc3b-a57f-49bf-9797-0322a8328ef7,vorname_fehlt,,Hillary,,True
fdb9c6a6-0f51-4be6-921a-0902860eea5d,vorname_fehlt,,Hillenbrand,,True
0e5823c0-ce5b-4e55-99d0-4cbdee346ef2,vorname_fehlt,,Hilliges,,True
fa216f58-7ce7-410c-842e-cfea7b8581f6,vorname_fehlt,,Hines,,True
1a66baee-297e-411e-8eaa-45330e226081,vorname_fehlt,,Hinnefeld,,True
adc7622b-1d09-4a54-97df-518df314800b,vorname_fehlt,,Hinton,,True
09c71fe4-eaef-45f7-b4d9-388160d4340d,vorname_fehlt,,Hirata,,True
cb13cd4b-6a31-4a18-9ff5-ec08b26562ee,vorname_fehlt,,Hirche,,True
2813a079-49d7-4304-934f-46ccc74ab19d,vorname_fehlt,,Hirigoyen,,True
a185d158-ee26-4786-901f-574754f78f52,vorname_fehlt,,Hirsch,,True
17675a98-b55a-42ca-89a9-0e2e876c6cbc,vorname_fehlt,,Hirsh,,True
2f1ec07c-8c0b-4157-8bbf-fd4089b0c8e5,vorname_fehlt,,Hitchcock,,True
ee7666fd-447c-409b-aa95-7e213b5939ae,vorname_fehlt,,Hite,,True
f91aec7f-7418-4e3a-bdb5-c6601e95568a,vorname_fehlt,,Hjorth,,True
efe3cac4-de92-471c-97fa-01612ce49527,vorname_fehlt,,Hoang,,True
0b75a1b4-1f83-4f7b-b2d4-62490b6ce207,vorname_fehlt,,Hochhamer,,True
36aa6788-45d0-4cee-84dd-822884606cc7,vorname_fehlt,,Hochhuth,,True
12a86b62-bedf-4199-9e04-755b09a7d9a7,vorname_fehlt,,Hodgkinson,,True
3c289233-8103-46a0-af35-c31a4baa7727,vorname_fehlt,,Hoefer,,True
ac8671f5-c672-49d8-bf9b-eb676dcfafc6,vorname_fehlt,,Hoeg,,True
bf373d9f-c388-4f39-8c9a-73e3c06356c6,vorname_fehlt,,Hoehler,,True
ec2062ec-d8c2-45fe-9e14-8324fddce9a1,vorname_fehlt,,Hoehne,,True
0636257c-2698-4f1a-b6b7-e5decb68746a,vorname_fehlt,,Hoeller,,True
f59c1b4a-5768-4a3d-ae56-5f1d719a76d6,vorname_fehlt,,Hoer-Bogacz,,True
8439502d-f39c-4e52-98cf-94e9499bbc4e,vorname_fehlt,,Hoera,,True
eddfbb4c-e003-49d0-b869-850e08987527,vorname_fehlt,,Hoerburger,,True
249feb94-13bc-468f-8e6c-3fafa09b96c5,vorname_fehlt,,Hoerhan,,True
1c33f1a2-fadc-4063-b3f6-fda14f17dc18,vorname_fehlt,,Hoering,,True
b681403a-8dfb-4ddc-99f4-a60510286fd6,vorname_fehlt,,Hoess,,True
d4a73f6c-0a18-45cb-8212-aff9a0c1c9ab,vorname_fehlt,,Hofe,,True
cea2401d-0bc0-4965-b2e1-a94b1f11fc02,vorname_fehlt,,Hofer,,True
65a7a420-16cf-467e-a5cf-7d8ff62ffc07,vorname_fehlt,,Hoff,,True
8f73a019-7746-4eaf-8120-c7d2c10419b2,vorname_fehlt,,Hofreiter,,True
44dbde56-27b3-403d-9123-f49d901051f5,vorname_fehlt,,Hofstaetter,,True
ab495cc2-0a0f-46a3-94cf-2c31e75f46d9,vorname_fehlt,,Hohenester,,True
a7f611bb-7d7c-4887-8a88-a29de81e097b,vorname_fehlt,,Hohensee,,True
271ae298-450b-4d63-9655-2507304ddb65,vorname_fehlt,,Hohlbaum,,True
b176d152-7565-42c5-b19e-feeef6d7dfc2,vorname_fehlt,,Holeman,,True
a8e1bb7c-7a1d-4c01-846f-4b2982d2b08f,vorname_fehlt,,Hollinghurst,,True
61c724f3-74c2-4cf3-b5ae-f8241b2ad9ff,vorname_fehlt,,Holloway,,True
7605bed8-e02f-4b0c-9520-4a37a7ee2a9f,vorname_fehlt,,Holm,,True
7bfe383f-2066-47ad-869d-4f89f11f7ddd,vorname_fehlt,,Holmes,,True
7ee4c0f1-0b0f-498b-aa32-2a5a6d4582cc,vorname_fehlt,,Holthaus,,True
d9a2ea4c-d871-4b5e-89e2-f8a459944ac0,vorname_fehlt,,Holton,,True
c64c74d0-ede8-4b5a-8911-0eea7c1e61a7,vorname_fehlt,,Holzach,,True
6d1685cf-e55f-405c-b079-6152b52785f3,vorname_fehlt,,Hooper,,True
861bd38c-e35e-4e38-afa0-fec24aa4bbe0,vorname_fehlt,,Hoppe,,True
b6a0a0ba-5ac5-4929-8155-3adc36381ff8,vorname_fehlt,,Horak,,True
2640500b-70c0-44c9-b5bb-54c20759d571,vorname_fehlt,,Horbach,,True
6f1fe0d0-0aa2-4ca8-8445-e7a1a4650d4f,vorname_fehlt,,Hornby,,True
4b90bca6-a60f-40dc-94b7-dbc824645964,vorname_fehlt,,Horne,,True
57b76813-84c6-42f8-b99c-dc3ad666bb65,vorname_fehlt,,Horowitz,,True
c0bc6cfd-d200-482c-8426-c95fba89f1e8,vorname_fehlt,,Horst,,True
bf030303-4c65-4daf-9dd0-d1f9d7ff0f69,vorname_fehlt,,Horster,,True
e16325ef-1ee1-41f3-a81a-08ece536f35c,vorname_fehlt,,Horton,,True
4a8a8bc8-278e-4979-96b8-8eee8a897c75,vorname_fehlt,,Horwood,,True
342e6b5f-a87e-4deb-807c-0d4b1837c808,vorname_fehlt,,Horx,,True
4992ef14-f6d4-48b7-a058-e62991fff175,vorname_fehlt,,Hosseini,,True
2002d415-f752-45cb-a819-efdce737dc66,vorname_fehlt,,Hotoum,,True
c99953a1-8d36-42d3-9dd4-4bd2b8395fe0,vorname_fehlt,,Hottinger,,True
3f1baf44-723d-4539-a506-6234a25cddc2,vorname_fehlt,,Hougron,,True
f15947e7-a650-4292-9e0d-ee216e803204,vorname_fehlt,,Hourani,,True
b4211b4d-2af9-4a6c-881a-1ef63df16bf7,vorname_fehlt,,Hoving,,True
8da5aa29-ad39-42b0-ad16-04f8eb1a5841,vorname_fehlt,,Howard,,True
7a5f51f3-edd5-4b5c-b011-6922ff60cf15,vorname_fehlt,,Howatch,,True
ca44874f-9577-4ddb-bd58-5501e7afb875,vorname_fehlt,,Hoy,,True
cd37ca51-3fe0-44a3-83d9-16a1b390a256,vorname_fehlt,,Hoyer,,True
9b9acbf0-12cd-4403-bab6-28cd75da6522,vorname_fehlt,,Hsieh,,True
8c35d045-03e2-49e3-a646-c9964750c1b8,vorname_fehlt,,Hua,,True
0bceee6b-fb03-4f95-b933-b9fda25181e5,vorname_fehlt,,Huangsheng,,True
3bf3844d-8f9d-4442-8656-bdc524f138b2,vorname_fehlt,,Hubbard,,True
4879d458-5310-41cf-a48f-3cc2832fe4bd,vorname_fehlt,,Hubner,,True
a991646c-6f3f-4501-b94e-e78e4ec75eb5,vorname_fehlt,,Hudson,,True
2cef6c3c-93a8-4051-a517-8ca51da23dff,vorname_fehlt,,Huerlimann,,True
c1cfde15-4b3c-4368-962b-aa3e48037f31,vorname_fehlt,,Huether,,True
9f50b461-6fe4-44d0-a33e-435c3a16302d,vorname_fehlt,,Huetter,,True
a14329ab-27b4-4dbb-b468-bc6d3fdc58dd,vorname_fehlt,,Hughes,,True
2b57e34c-1b76-4143-950e-1a5aa062a577,vorname_fehlt,,Hugo,,True
62ad17f1-a4ef-4adf-9795-fd4c384d6736,vorname_fehlt,,Hugot,,True
b6b2dfd7-fe9b-491f-9f7b-3cd1577602a2,vorname_fehlt,,Hulme,,True
390482e4-e08b-46d8-bcce-06460e08ad5d,vorname_fehlt,,Humann,,True
e3152460-eda5-4f1d-81c0-4ff1b3c71d09,vorname_fehlt,,Humphreys,,True
1ac1550e-11be-4c6b-a605-91f4fcea356a,vorname_fehlt,,Huntington,,True
5a231ffa-486b-459e-bbbc-62bb11448342,vorname_fehlt,,Huong,,True
9f0774d1-3b48-42f8-b9cf-ca86b583c19e,vorname_fehlt,,Husemann,,True
d112b457-a1d2-4d9b-ad69-517880adac68,vorname_fehlt,,Huser,,True
e0a44867-7c98-431f-b5c1-637321ca4604,vorname_fehlt,,Huston,,True
59611b76-fd52-4af9-b50a-a47c7ed6e034,vorname_fehlt,,Hustvedt,,True
501c1f91-e0cf-4ae4-84ce-277ff2b46048,vorname_fehlt,,Hutter,,True
c325c9d3-5247-42b8-87ab-42c16cf728c6,vorname_fehlt,,Huxley,,True
6d59361a-0948-4a5f-8371-cd0d883cbf99,vorname_fehlt,,Hyde,,True
4f0bb054-9f57-49fa-927b-a8f196ce189d,vorname_fehlt,,Iacocca,,True
dcde48c4-7494-4a38-b290-e1ba26ac41a4,vorname_fehlt,,Ibelgaufts,,True
e4313ab1-ee1c-4718-bb6a-73a2b13ac8e0,vorname_fehlt,,Ibottson,,True
f4317e67-46b2-4165-8cb9-b403602f7128,vorname_fehlt,,Ichbiah,,True
ae7209df-a6c7-4a23-9324-703e233bc320,vorname_fehlt,,Ickler,,True
b25f627d-06ab-480a-ad12-9bcb531a1afa,vorname_fehlt,,Iggulden,,True
200c9a4c-422f-4426-aea2-aae09ad7cc5d,vorname_fehlt,,Ignatieff,,True
bb5fd6bc-37b5-4048-94db-588668b7acdb,vorname_fehlt,,Igraham-Parsons,,True
9876d857-5dbd-42af-a724-f45406838f03,vorname_fehlt,,Ilibagiza,,True
5ccaf9eb-a850-4385-92f1-7903cc6e0741,vorname_fehlt,,Illner,,True
ea79bad9-09d0-47e9-9b61-5fef581f06f2,vorname_fehlt,,Imai,,True
6c7ab422-5fcf-48cb-82d8-53b4848fff22,vorname_fehlt,,Imhof,,True
94921718-68cb-4d93-9633-44614a9f9f11,vorname_fehlt,,Ingemarsson,,True
e0034a05-3865-49b9-8d58-c21532eb3c59,vorname_fehlt,,Ingolfsson,,True
d0cb3cc0-a0ae-4a22-8fa8-d20d3a761c6e,vorname_fehlt,,Ingridason,,True
caca65cb-8cf7-4ca5-b741-8a94a745c7a2,vorname_fehlt,,Insel,,True
445c7b56-77b3-4687-ba61-679408e4d96b,vorname_fehlt,,Irvine,,True
430dba47-17e7-41ed-b3f6-6b466ef43cf0,vorname_fehlt,,Irwin,,True
7287aa2a-789c-47fd-a1c4-5d060cceb9e0,vorname_fehlt,,Isaacs,,True
95e1da0d-823c-44e9-8575-9771f58c31ab,vorname_fehlt,,Isaacson,,True
190c31cd-094e-4dc3-a09a-50f42957de95,vorname_fehlt,,Isau,,True
f8d9ccac-c3d1-4744-a191-dd00a86861da,vorname_fehlt,,Isbel,,True
df6b801c-4d6e-4fe8-91d7-e7971bd5da0e,vorname_fehlt,,Ivanov,,True
24c0bad7-c921-441d-b71a-ffd54fb7e362,vorname_fehlt,,Iwanowski,,True
d918bd18-b643-4760-a278-126f9f9e9cc4,vorname_fehlt,,Jachina,,True
46e22c7b-1f47-462a-bb17-b6406e886b5f,vorname_fehlt,,Jacka,,True
532b4411-5b22-41c2-aef7-6f8e2bf9f6f7,vorname_fehlt,,Jacobs,,True
92e3b7ba-f75b-4fcb-b0c1-799d174908b6,vorname_fehlt,,Jacobson,,True
bd4b5bcc-0abc-420b-9166-79390fef7bf5,vorname_fehlt,,Jaeger,,True
fa428d7c-b5f9-4cbd-bd91-6cebac930621,vorname_fehlt,,Jaffe,,True
075e4797-334d-41da-b8b1-4468fcd59027,vorname_fehlt,,Jagger,,True
516ae5ef-d21c-419f-a507-c2dd3d1a332a,vorname_fehlt,,Jahnn,,True
f7a46521-8f0e-4d4d-98a9-2eda335837b2,vorname_fehlt,,Jahoda,,True
89ba9358-21ae-4329-ba9c-a68f47289260,vorname_fehlt,,Jajkes,,True
a99e1e82-2311-472f-a75b-1f45f7d1ac47,vorname_fehlt,,Jakes,,True
09f86404-50d0-4780-9cd7-c263064f8e25,vorname_fehlt,,Jampolsky,,True
bab0f141-f782-4222-9492-0c3b2880ed38,vorname_fehlt,,Janic,,True
b5f28a4f-f73c-4108-955a-4b24d2b5019d,vorname_fehlt,,Jannausch,,True
fd291d6c-fd13-4e3d-ba85-d6439ed554c3,vorname_fehlt,,Janosch,,True
780bcbb1-5b58-4b85-84ae-99e18582ae56,vorname_fehlt,,Janz,,True
c026526b-da0e-4ef2-8eb7-92e2c962c106,vorname_fehlt,,Janzir,,True
1a2191f4-ad67-4cd9-93cb-fca27fa0acf8,vorname_fehlt,,Jan√Üen,,True
7aca34a5-8d0a-46e0-a257-6f97a00e3e23,vorname_fehlt,,Japp,,True
ab5465ec-35f2-4743-a734-6fd0bd578401,vorname_fehlt,,Jardin,,True
50d54c03-eb93-4a97-b884-731fe30f3325,vorname_fehlt,,Jeffreys,,True
69ce6bdc-8746-4a87-ad4e-8e86ef004136,vorname_fehlt,,Jego,,True
027e346b-07c5-4f17-91dd-e9a1e530644e,vorname_fehlt,,Jelzin,,True
97c1ce9f-5aef-42e2-a8ca-0035610d65c5,vorname_fehlt,,Jenner,,True
8654f938-d991-425d-b91f-15d10de76ffe,vorname_fehlt,,Jenny,,True
9558a542-381a-4761-9b13-1686cfd528b2,vorname_fehlt,,Jens,,True
0e9992b5-0c16-4d7e-b83c-be1fd784f53e,vorname_fehlt,,Jensen,,True
9588aed9-821c-4f9b-9ca7-71e3e4394459,vorname_fehlt,,Jeske,,True
33a6fb8e-0bcf-470b-823d-05ad99e2d36d,vorname_fehlt,,Jetzek-Berkenhaus,,True
34540583-cc5f-472f-8786-170f5a4fb246,vorname_fehlt,,Jian,,True
9ab361e6-4096-42df-9145-595906ff4284,vorname_fehlt,,Jinks,,True
0207a297-55d3-451f-98f2-39ffb892dac4,vorname_fehlt,,Joannides,,True
4ffd3481-d014-4191-a9eb-afbb64cc24e7,vorname_fehlt,,Johnsgaard,,True
556d9ba4-409d-45da-8636-18f94b6927b6,vorname_fehlt,,Jonas,,True
a6c9673d-8ece-43d4-8d62-b2750b3afb64,vorname_fehlt,,Jong,,True
b69e1613-7840-4b2e-82c7-6468865986d6,vorname_fehlt,,Jonsson,,True
b33cdeb7-8c23-44ae-b942-a7df1c1a9d3f,vorname_fehlt,,Joop,,True
2246abdb-c5e0-4e6d-993b-93384bd7c268,vorname_fehlt,,Jorek,,True
70484442-567f-4e80-843d-670c1bf62725,vorname_fehlt,,Joris,,True
743184b2-4f4d-4397-bce9-fb240f27855b,vorname_fehlt,,Josephs,,True
adfd4ed0-7219-4d3a-ba79-9c138c6412aa,vorname_fehlt,,Joyce,,True
ee3fd2fd-6582-4c03-93e2-a86c16ece3ee,vorname_fehlt,,Judson,,True
541f8096-0552-4c9e-b6b4-467ed49de455,vorname_fehlt,,Juenemann,,True
b520b4a2-1baf-4458-9946-9f26d170a354,vorname_fehlt,,Juergens,,True
11d0f2e5-b87c-4d6e-b0aa-90028e6d3133,vorname_fehlt,,Julia,,True
1b2eff3f-60a2-47df-b3d5-993caa382f91,vorname_fehlt,,Jung,,True
7e3f01b1-b027-4e42-9978-c12808d9276d,vorname_fehlt,,Junger,,True
53922c40-f266-415d-b6ae-f727c887d34f,vorname_fehlt,,Junghans,,True
f46e8c1e-c9e0-4382-af53-873a89e9fed0,vorname_fehlt,,Jungwirth,,True
e368b496-9481-4dfd-9f0f-290655e7a16d,vorname_fehlt,,Kaarsbol,,True
9816d3b7-4ecb-46eb-aa18-4e48d70960f3,vorname_fehlt,,Kabanow,,True
e319cd79-1b91-4b37-8b2b-33c8a350c401,vorname_fehlt,,Kabus,,True
b8d26a8e-53b6-480d-85f8-3f6099f4ba54,vorname_fehlt,,Kaessmann,,True
9844ee04-ccff-4b17-ab60-ae21654f38db,vorname_fehlt,,Kahawatte,,True
e515775f-7e0e-4dce-ad5d-092a6cda8d99,vorname_fehlt,,Kahls,,True
fe22b1d2-b628-443a-b6aa-55f8bd222e13,vorname_fehlt,,Kahn,,True
4352e787-254e-4b72-ada6-a2bf4332a21a,vorname_fehlt,,Kahnemann,,True
6f4f6c90-8e8f-41ea-ae06-11cfc237849d,vorname_fehlt,,Kailing,,True
83193933-2329-4e79-a72a-a88ca0217946,vorname_fehlt,,Kallinikow,,True
01e2d578-814f-48a6-9e0b-70a79aae0005,vorname_fehlt,,Kalpaka,,True
716652c8-197a-467e-9ee3-1c05ffa618d5,vorname_fehlt,,Kalteis,,True
ad334eee-8920-44e1-994d-5f94e9268d72,vorname_fehlt,,Kamen,,True
6a0b3166-fe22-4050-af30-11a1972f2989,vorname_fehlt,,Kammerer,,True
d6787a07-68ea-4ef6-b4c1-a8592404e2b3,vorname_fehlt,,Kampusch,,True
d15ed0c5-b7b1-4c82-a7af-369cfe5adb06,vorname_fehlt,,Kandemir,,True
f8f30050-65aa-4c51-9b62-d238300d823b,vorname_fehlt,,Kane,,True
c952aaad-9133-431a-934e-81147a66f4fc,vorname_fehlt,,Kaner,,True
2301d7eb-ac2b-4678-be60-0ec7e12782b2,vorname_fehlt,,Kaniuk,,True
fdcb11b6-8729-4460-a709-307400e1f6fc,vorname_fehlt,,Kanon,,True
e21b6dd3-e807-4574-8378-ee70427d6aff,vorname_fehlt,,Kant,,True
55ae8700-32bf-47b7-bab3-5fefb97033a2,vorname_fehlt,,Kaplan,,True
142870c1-5727-4a5b-ac2a-4b8c4063f0a5,vorname_fehlt,,Karan,,True
aad5c681-c862-4e6a-a2d6-5c6bef39e7bb,vorname_fehlt,,Karantzakis,,True
d1b7236c-c12f-46db-adef-68a2b7aa062e,vorname_fehlt,,Karko,,True
ebba9c42-67c5-4d7c-9922-b05171bc54a6,vorname_fehlt,,Karlsson,,True
f9795621-3887-42c2-9515-7874086d4a40,vorname_fehlt,,Karp,,True
72b57de1-5ee0-4476-b098-e0d4829485bc,vorname_fehlt,,Karsch,,True
d70b9006-6125-48e7-8f71-6d39f047a4a7,vorname_fehlt,,Karsten,,True
670e35c2-5820-404f-bb13-16a6fe16d3c5,vorname_fehlt,,Karthee,,True
bbeffebc-dc35-4e4f-b0a0-949550e4b03d,vorname_fehlt,,Kastel,,True
d4c09724-5d9e-479a-8b31-0d1addee935a,vorname_fehlt,,Kastura,,True
b8928084-276a-437f-aa2e-560aca79df48,vorname_fehlt,,Katmore,,True
a455e3b9-9b88-4cb4-81d1-db4e435b19c8,vorname_fehlt,,Katsuhiko,,True
b18e346f-92cd-42d9-9518-0ec93edcbd98,vorname_fehlt,,Katzenberger,,True
3c19d9f7-7963-4bfd-a8f4-2abe5e18bef4,vorname_fehlt,,Kaufholz,,True
59b93dd0-1c16-4df7-b7ac-23a698d0823e,vorname_fehlt,,Kavan,,True
80a71626-770c-45df-8be0-b99144867075,vorname_fehlt,,Kawabata,,True
2a045f35-722e-43a0-88bd-648402a4ddf0,vorname_fehlt,,Kawakami,,True
b6ad6646-b5a8-4c9c-bde6-99a53c4608b1,vorname_fehlt,,Kay,,True
20c40400-b4e1-43f8-b684-f803f7c78c16,vorname_fehlt,,Kazan,,True
1bf17e74-e5d9-4476-8311-0600fb2a04fb,vorname_fehlt,,Kazatzakis,,True
a46f5489-3b30-4099-999d-9466a559482a,vorname_fehlt,,Keady,,True
3c011813-30f3-41cd-b454-0fc92d5feb0b,vorname_fehlt,,Kebraeb,,True
d982084d-868b-4dfd-860e-83b92eb2ebe1,vorname_fehlt,,Keene,,True
cbfe39ba-d7e6-4ae0-816e-814371cb885f,vorname_fehlt,,Kehlmann,,True
441857ea-053d-4598-9ee3-c895234313df,vorname_fehlt,,Keidtel,,True
f7e6f402-bb0d-4187-8a94-5b0c619bbbac,vorname_fehlt,,Keil,,True
5bffa96c-f752-48a6-8c1b-503652a5b0ed,vorname_fehlt,,Keitetsi,,True
472e5609-1f4c-418d-8d62-6bd6bd28a35e,vorname_fehlt,,Kelder,,True
ea359da3-523b-4206-8ddd-dd84ffebb492,vorname_fehlt,,Kelek,,True
5d10fab1-8889-4a11-8aa0-66c8149b1f11,vorname_fehlt,,Kelen,,True
03448ba4-5e15-44c0-8744-094349f2b57c,vorname_fehlt,,Keller,,True
246e4cc7-7b82-4de8-8906-e59b278570fb,vorname_fehlt,,Kellermann,,True
e2589cb9-6a69-40d7-90f7-d905d7b3b8d0,vorname_fehlt,,Kelley,,True
391cc3dc-8d7c-44e7-bc2e-6f945d82a102,vorname_fehlt,,Kelman,,True
818e1b22-3fe4-4b8a-a7dd-9b45849ce431,vorname_fehlt,,Kelterborn-Haemmerli,,True
1cb70be6-4da5-48c6-9917-6ed46c0baf0c,vorname_fehlt,,Kempe,,True
6ca504ce-3f6e-4ea8-8850-72f741470d82,vorname_fehlt,,Kemper,,True
34617527-e283-48f9-8ce8-87fa72710ce5,vorname_fehlt,,Kempf,,True
0dede4a9-db87-4d97-bc4a-eb2ae02464b9,vorname_fehlt,,Kempowski,,True
681d5c78-1b9e-41dc-8ec7-188f76ba4db5,vorname_fehlt,,Keneally,,True
2bba83fc-9756-487c-b912-ad3fd0191cfc,vorname_fehlt,,Kennealy,,True
1c567934-9a70-4d85-8944-472e61a62d20,vorname_fehlt,,Kennedy,,True
7d819517-aebe-4c3d-aba5-71389936a5d0,vorname_fehlt,,Kent,,True
3dbff212-e634-4000-8161-f0a7b5bbcf21,vorname_fehlt,,Kentow,,True
8ee0f85a-f3c1-4bf1-86db-ae2565253aaa,vorname_fehlt,,Kepler,,True
bc662724-9cd8-4f46-9735-bef35a949115,vorname_fehlt,,Keppler,,True
99f75170-4fa4-491e-96f6-7db5e25eca11,vorname_fehlt,,Kerchache,,True
f88d5abf-eebd-46e3-9363-789925d34f0b,vorname_fehlt,,Kerenyi,,True
7b7c247b-d398-4811-ab9f-e4af29f01a85,vorname_fehlt,,Keret,,True
248191a5-f1e9-4c77-8fd9-5e6e37c31d3d,vorname_fehlt,,Kerley,,True
9ad59210-43d4-4cd9-a3bc-3cfb1619827e,vorname_fehlt,,Kerner,,True
9a0cd822-4dc4-4486-86af-9db1d0c01a65,vorname_fehlt,,Kersten,,True
a23434a2-8927-477d-b3b0-118fb4595cb3,vorname_fehlt,,Kesey,,True
1dc825d3-8c30-49e7-9087-923fc5aac582,vorname_fehlt,,Kessler,,True
e49f71aa-5248-4836-a698-fe2530aec00b,vorname_fehlt,,Kesten,,True
6507e39b-ddcb-4cab-b04a-cc0c99f6c73c,vorname_fehlt,,Ketchum,,True
17affa47-2f08-49c8-9f45-35200dca912e,vorname_fehlt,,Khadra,,True
cc409865-2b61-4476-a873-fa1fce16f149,vorname_fehlt,,Khalaf,,True
9c3dfb5c-14ef-4830-a73e-bfe89f297492,vorname_fehlt,,Kharitidi,,True
344592c5-7a47-4aef-b9d3-cf2f3f19e7eb,vorname_fehlt,,Khaschei,,True
d5bf6a90-c134-4416-956d-080c10475502,vorname_fehlt,,Khaschoggi,,True
9ad790f3-6269-4db3-8494-f9f13f45f606,vorname_fehlt,,Khashoggi,,True
4b7d5471-c6ae-4475-9e2b-e2c102612698,vorname_fehlt,,Kiefer,,True
df2d03c9-f497-4115-a54c-60d46287f77a,vorname_fehlt,,Kienzle,,True
d74e834a-9360-4780-8cd3-08afa9b139e9,vorname_fehlt,,Kiesbauer,Kiesbauer,False
098f61ec-641a-4e2a-923a-177a0dea3436,vorname_fehlt,,Kieser,,True
e1fe9eb5-c2c1-4abc-b71c-874658a2acd8,vorname_fehlt,,Kifmann,,True
b596ea86-dfbf-4115-ac35-adbf30349065,vorname_fehlt,,Kihn,,True
153e39d7-b49c-4107-ab0a-d57b920b956d,vorname_fehlt,,Kihn,Kihn,False
f9118fb2-8189-402c-9286-aa07c0f0d3d6,vorname_fehlt,,Kindl,,True
a97f4191-71e0-40a9-8c8c-67173275f99e,vorname_fehlt,,King,King,False
e284e006-cc3d-46ab-852c-1123cb50f568,vorname_fehlt,,Kinsky,,True
1dc15bb0-2dae-440a-beb4-285b69beb16f,vorname_fehlt,,Kinzel,,True
18b88e88-e13e-453c-80d9-1ad4eb240043,vorname_fehlt,,Kippenhahn,,True
f26174a6-2500-4661-b1cd-8077010cc8ac,vorname_fehlt,,Kirche,,True
d5fef69e-82ab-489f-94d8-9bf58a54b809,vorname_fehlt,,Kirchhof,,True
fa525361-4ff8-4c8d-a5a5-e290a896fb78,vorname_fehlt,,Kirchner,,True
17d984ed-8ba3-4f97-b636-2b0c7819582d,vorname_fehlt,,Kirner,,True
c77e422b-5857-4ffc-80bf-8e4a7c017554,vorname_fehlt,,Kiros,,True
ab2fbd34-31c3-427f-b0ee-e2c4e1ee2f79,vorname_fehlt,,Kirsch,,True
30de66eb-7042-4b59-8871-9738c76171d5,vorname_fehlt,,Kissineger,,True
37a16b59-4828-4c83-83ea-af9a6048a6cc,vorname_fehlt,,Kissinger,,True
fb07079d-616e-4a10-82c1-bca9d4953d61,vorname_fehlt,,Kitzinger,,True
e74aaa01-71ae-4afe-bd63-c90d9ecdec73,vorname_fehlt,,Klaar,,True
452c0248-32b7-44a5-8ebb-2eea8c4ba980,vorname_fehlt,,Kleinfield,,True
4ffb613d-6230-4d4a-b75f-35b4b7bcdab1,vorname_fehlt,,Klemm,,True
3afb9e24-bd0a-49a8-9974-a5eee2e8830b,vorname_fehlt,,Klemmer,,True
ed022d81-3feb-4b73-ad55-3ac7c73eb9d1,vorname_fehlt,,Klemperer,,True
3ab5ce90-1e1f-4fc5-b3d6-8de8a975e69d,vorname_fehlt,,Klessmann,,True
443a864e-caa5-45a9-bf4f-0c2b73404dcc,vorname_fehlt,,Klewe,,True
dbded998-476b-4ab2-b99d-9cd85e8e9b38,vorname_fehlt,,Klingele,,True
28710dea-dcfa-4b37-b122-57f7a142014f,vorname_fehlt,,Klinkmueller,Klinkmueller,False
aa925d3b-6091-47c5-a631-716d5f15b32b,vorname_fehlt,,Kloenne,,True
533bf465-dd30-478e-aaa0-0c8c7daa2550,vorname_fehlt,,Kloetzig,,True
3411e7aa-4c10-4bd4-9e8b-43424d5fc25d,vorname_fehlt,,Kloss,,True
7f1ddc43-c017-4981-ab4f-36f715004409,vorname_fehlt,,Kluge,,True
59f10181-0e1f-478c-b117-c8927de5b71c,vorname_fehlt,,Klupp,,True
d8d6072b-c7af-46c9-b46f-48ffdde556ee,vorname_fehlt,,Klussmann,,True
40875abd-7fc1-4cea-8bd5-cd938e2d1d90,vorname_fehlt,,Kluun,,True
a4dc383b-10b4-4b9c-987e-1e99dc9426fc,vorname_fehlt,,Knaak,,True
f5019110-52ba-4b3f-9dd5-32a50873c981,vorname_fehlt,,Knaur,,True
c7b5e9ca-9318-4160-856c-e6f4fba6e105,vorname_fehlt,,Knaurs,,True
0b0e1528-89e1-4e8a-8517-0fa1d88da76e,vorname_fehlt,,Knauss,,True
6d17ae07-3dfb-4a72-bf9d-735e7629e548,vorname_fehlt,,Knebel,,True
61c5d3e2-f31b-4602-b685-1816b9a3f76c,vorname_fehlt,,Knecht,,True
43134d53-9d91-4058-97e5-7da67639207e,vorname_fehlt,,Kneifel,,True
96b2eb00-3dbf-46aa-a6af-6b0ee639a07a,vorname_fehlt,,Kneipp,,True
d614032b-d55c-4d36-81b7-0d9d328d4d62,vorname_fehlt,,Knights,,True
97b530a4-8382-4cfb-8c71-a2d2a34cb631,vorname_fehlt,,Knoerzer,,True
bc1f35c6-604b-4148-8fda-7b0ccf10c84f,vorname_fehlt,,Knowles,,True
183a0aad-363b-48c0-9bd8-e5516eb78c53,vorname_fehlt,,Kobayashi,,True
97200c0c-41cc-489c-9772-b9e160fa8fdf,vorname_fehlt,,Koehler,,True
1e2881dd-a87b-4099-9d8a-23260253958c,vorname_fehlt,,Koelbl,,True
78db1913-4b60-469d-9677-40bbbf3ac284,vorname_fehlt,,Koenig,,True
9205b19a-f6bf-4066-bb49-4fc6c8d270af,vorname_fehlt,,Koeppel,,True
8b3d4405-903b-473b-be5e-0ca0cf3a2e3d,vorname_fehlt,,Koeppen-Weber,,True
be0109b3-c62b-40c1-ad40-a4626251124d,vorname_fehlt,,Koerner,,True
5e2b69de-d662-4a24-b041-e71f79c8a73c,vorname_fehlt,,Koester-Loesche,,True
0851a8eb-b4ee-4474-af67-fa80462689e9,vorname_fehlt,,Kofmehl,,True
4bf8ecfc-40a6-4e42-b242-9155fdfdce6a,vorname_fehlt,,Kohlbauer,,True
e2acf6d0-6fec-4aad-9a4e-77915fc95b63,vorname_fehlt,,Kohout,,True
1c20e8bf-357d-4b3d-abf3-5a99eda93d49,vorname_fehlt,,Koidl,,True
434adc68-0844-454f-b288-fc42d6155dbb,vorname_fehlt,,Kolb,,True
7c3b6920-c931-4650-84c5-593d5a2d0d90,vorname_fehlt,,Koller,,True
49578576-5bce-4b52-8b2b-ebb03c391c73,vorname_fehlt,,Kolon,,True
c7ad4051-e882-46e1-9235-f8d616384344,vorname_fehlt,,Kolpaktchy,,True
7d0d4173-70af-4b91-af21-b81ee4bd3fc6,vorname_fehlt,,Kondo,,True
bca38b2f-0359-4cb8-9fec-9c76d83230d9,vorname_fehlt,,Konnikova,,True
a7f3520a-d2c2-4e2c-bdd4-63280e926ff0,vorname_fehlt,,Koontz,,True
3d8be650-1539-44aa-ae7b-f56186a35f51,vorname_fehlt,,Koontz,Koontz,False
182594a8-0160-4e5c-8e8f-527d1cde448c,vorname_fehlt,,Kopacka,,True
bcf387e5-eeab-4580-b214-0c92d08f33ab,vorname_fehlt,,Kopatz,,True
3dba578a-5a36-4972-b297-a6c83ccfe302,vorname_fehlt,,Korber,,True
ad40293f-80ae-4850-912a-b98c0384aeb3,vorname_fehlt,,Korff,,True
7b843583-4630-40cd-8234-d6e7818f1266,vorname_fehlt,,Korkmaz,,True
ac78865f-82a3-4991-9374-fda8cb6bfbdc,vorname_fehlt,,Korn,,True
fa573c41-7661-498d-8522-f61bcfdecaa1,vorname_fehlt,,Korte,,True
059ae4a7-8ad9-4864-9fdb-c0d41a072888,vorname_fehlt,,Koschina,,True
a9bb4868-0ec5-4d5c-9a0a-bb9004f1fb81,vorname_fehlt,,Kosmos,,True
91ffcc8c-059a-4c36-9409-0d280f1d0991,vorname_fehlt,,Kostolany,,True
9bf94170-a557-4c7b-ac4e-ad7716c590d2,vorname_fehlt,,Kostova,,True
3c230d5c-c670-41bd-81fc-fc7b92cd71ff,vorname_fehlt,,Kothmann,,True
f01ebaaa-fc9d-469e-85a9-c3fc83b89cad,vorname_fehlt,,Kourilsky,,True
0a5d2ee8-fedf-4ee4-ac79-8b75ed0fa7a5,vorname_fehlt,,Koury,,True
8c694baf-91ab-4312-b5b5-1ed77b8208c1,vorname_fehlt,,Kovic,,True
f50afef1-233c-4bc2-a73e-bc6499a2d1d3,vorname_fehlt,,Kowalsky,,True
08250c47-eac3-4744-b9ed-c291decfefaf,vorname_fehlt,,Kpomassie,,True
88202ad5-c2ba-44e6-89ff-b767f97cee4a,vorname_fehlt,,Kracht,,True
591c4849-1cf9-4954-8601-49a57b02a68e,vorname_fehlt,,Kraemer,,True
8ee9d189-9222-408f-8fa6-02d5d5484147,vorname_fehlt,,Krajewski,,True
312d3dbe-26f7-4c1e-814e-3042d3e274d9,vorname_fehlt,,Kralik,,True
0c32d587-aa60-4d4b-aa48-1fe489e37807,vorname_fehlt,,Krames,,True
3c8c0bb6-146b-401a-a556-a5444f315832,vorname_fehlt,,Kranz,,True
5931f1e7-19b3-4613-b60e-a1139a7f8deb,vorname_fehlt,,Krappweis,,True
e7d86c1c-ec6b-4019-82b7-eae992e098ef,vorname_fehlt,,Krasilnikoff,,True
434dd47a-1360-43bc-a4c4-247b02691706,vorname_fehlt,,Krasnow,,True
04efd5a8-10d6-4709-96f5-863cbd3c272e,vorname_fehlt,,Krastev,,True
29d1b300-dd50-40d0-8483-11135a096b41,vorname_fehlt,,Kratzer,,True
426e38b5-c5a2-4028-87af-3ecc341faa13,vorname_fehlt,,Kraus,,True
615946b2-0eba-4df1-ace0-b62f63050614,vorname_fehlt,,Krause,,True
07a22966-29d1-4969-ae76-c73bb7f6a1ac,vorname_fehlt,,Krauss,,True
0c76a98b-f399-4c35-bae6-23b1c0bd82ec,vorname_fehlt,,Krechel,,True
7bb84c6c-8334-4e35-9edf-43a1195a47b4,vorname_fehlt,,Kreissl,,True
c92eb767-e50d-4753-8c3e-1ddf7922fe27,vorname_fehlt,,Krei√Ül,,True
c544de46-7684-4454-9cb3-56819bbc7eb4,vorname_fehlt,,Kremer-Schillings,,True
cf8da163-3b6e-4136-b260-b8f876b376f9,vorname_fehlt,,Kreps,,True
ce6cc16e-9b40-4dde-b5fe-85f6aff25b68,vorname_fehlt,,Kreutzkamp,,True
3a7e7879-612b-4403-998a-204fd19373ba,vorname_fehlt,,Kreye,,True
f7414880-ced9-4f24-af17-5f34b3299773,vorname_fehlt,,Kreyszig,,True
ce4b8455-0da3-4e5c-a207-641626f18046,vorname_fehlt,,Krieger,,True
7a01d116-79f4-4b36-84a3-d931e92f53fd,vorname_fehlt,,Kristof,,True
ad76125e-06e9-4af1-8991-b167ebb5c314,vorname_fehlt,,Krock,,True
80d8d727-56ce-4c6c-8637-ac4bebecb049,vorname_fehlt,,Kroeger,,True
b6a7aac7-6691-46c7-a103-276af778cdab,vorname_fehlt,,Kroehn,,True
9c8aff1e-ac3d-4e63-9d1f-1980c8e226b0,vorname_fehlt,,Kroker,,True
2511240e-f59b-4a17-b40d-f62ea42fe43a,vorname_fehlt,,Krollpfeiffer,,True
47a0c59f-65b2-4975-83ba-a80e0e9c9ccf,vorname_fehlt,,Kronzucker,,True
a03b8ee5-6b71-4dcb-9b8c-85eb956cd6f0,vorname_fehlt,,Kruecker,,True
2dd9bd16-7368-4363-88df-5d3006d55dc1,vorname_fehlt,,Kruess,,True
9ef5c0df-34fc-49bb-bfde-c3b3e1421625,vorname_fehlt,,Krumeich,,True
7d7b36fc-f6e8-4f1f-a0bb-a49b78224b08,vorname_fehlt,,Krump,,True
6a9e4099-c2c4-4f5b-9bfd-6e6428131f12,vorname_fehlt,,Kruppa,,True
9b9d7fbb-39fb-419c-b9bd-22f1734f1810,vorname_fehlt,,Kubelka,,True
c5e133b9-f5f9-44b6-a5b4-62b06c2d8967,vorname_fehlt,,Kubitschek,,True
c8a8e836-a6f3-40f9-8632-fba156f41f54,vorname_fehlt,,Kuckero,,True
227a4059-763e-4e93-83a5-acfae15cc7e0,vorname_fehlt,,Kuebler-Ross,,True
a95802c9-848d-4251-a9ca-08ee6ed9227b,vorname_fehlt,,Kuechler,,True
3c731d15-63f6-426a-a2d8-2a8dc05c0b2d,vorname_fehlt,,Kuegler,Kuegler,False
2ad0dd37-3b57-4991-b95c-977a14da8907,vorname_fehlt,,Kuehl,,True
b5f42298-d856-4bc6-8830-69c32dea0dfd,vorname_fehlt,,Kuehn,,True
dbdfde4f-49d7-4c06-8990-4228235deae1,vorname_fehlt,,Kuendig,,True
310f0919-b887-42d3-b3e0-c7398c3c89bb,vorname_fehlt,,Kuenzl,,True
be1dca80-1bc3-467e-be17-23c542997fc7,vorname_fehlt,,Kuepper,,True
f9440543-70de-4252-8e7b-1a6d653f1aaa,vorname_fehlt,,Kugel,,True
020eaece-cac9-42bd-a6c9-34dfd73cbb4f,vorname_fehlt,,Kuh,,True
2e9c7861-b94e-4431-b0c3-1c34b7c5b28c,vorname_fehlt,,Kulle,,True
1b7785a8-706e-446c-a335-4286c1ffa597,vorname_fehlt,,Kullmann,,True
04af6495-770f-4fe4-a7c1-7709cfde2892,vorname_fehlt,,Kuntze,,True
18679bb5-e4cf-4c37-8200-a0aaba67d4df,vorname_fehlt,,Kunze,,True
cf9e0380-e2f7-4377-8b72-8d23fec296dc,vorname_fehlt,,Kuprin,,True
e9fa0edd-31e9-4337-a2dc-62b0124b85ae,vorname_fehlt,,Kurbjuweit,,True
79ee906c-b428-4b18-bf07-b96dfc5cfb12,vorname_fehlt,,Kureishi,,True
31d5b1f3-6435-412e-a1bf-fc187013f760,vorname_fehlt,,Kurson,,True
d06767b9-3759-43ee-881d-875ca84d6ba1,vorname_fehlt,,Kuzneski,,True
98b6c735-d7bf-4f54-a54c-24d669042d45,vorname_fehlt,,Kwan,,True
2d7206fb-3857-4929-96e3-9225ed18efc7,vorname_fehlt,,Laar,,True
3d28f883-2a05-44ff-9889-a2b5d1be8103,vorname_fehlt,,Lacey,,True
f2323d8d-0d97-47d4-8cfa-d7933ccb52f0,vorname_fehlt,,Lacrosse,,True
0fe656ed-0a44-4b03-9731-2f5fd839463d,vorname_fehlt,,Laffeaty,,True
b231f605-608b-4e1a-b06d-c21cbfa7a080,vorname_fehlt,,Laffin,,True
75ab6f52-e3b1-48ca-a1af-02fcccc7f198,vorname_fehlt,,Lafon,,True
3cbe94f2-aaff-465b-bbba-723c75545dd4,vorname_fehlt,,Lagerloef,,True
2afee7da-778e-4d75-ae80-3f59dbd33855,vorname_fehlt,,Lahm,,True
0f37aef6-4f99-4200-9dad-a49e415ec45d,vorname_fehlt,,Lahnstein,,True
fdf2a588-37cb-4110-b5ec-8feae32bc2aa,vorname_fehlt,,Lama,,True
9afc73d0-fe1b-42d2-ac30-cb8ac7323df7,vorname_fehlt,,Lamb,,True
70c2ddd9-943e-46bd-b45f-917cb6249073,vorname_fehlt,,Lambert,,True
ff1e3216-1f18-41ee-be9f-982e2be64b3f,vorname_fehlt,,Lambkin,,True
71693e7f-4868-48b8-af1d-d3dcffb988f1,vorname_fehlt,,Lanchester,,True
03785fee-5a11-4820-9fc7-fa378bdb22e4,vorname_fehlt,,Landorff,,True
867ffac0-f66f-4890-abec-cd827eb09593,vorname_fehlt,,Laner,,True
46f128a2-094c-4b09-ad51-729cb42708f6,vorname_fehlt,,Lang,,True
02b0152b-7861-4a1b-9392-d5131b76be19,vorname_fehlt,,Langa,,True
c75de96c-f7ef-4d13-9d91-9bff94051578,vorname_fehlt,,Langbein,,True
2a509823-c625-41a5-8532-bc76f3add732,vorname_fehlt,,Lange,,True
8c016830-4e44-41c6-949b-60ae756eb1da,vorname_fehlt,,Lange-Mueller,,True
38cd5bf2-72d7-41d4-ad00-02867226f6c7,vorname_fehlt,,Langholf,,True
7013c66d-499e-4158-bf04-e144921790a3,vorname_fehlt,,Lanier,,True
246a2b79-36d5-40d1-a8cf-d821ab46b2cf,vorname_fehlt,,Lansburgh,,True
cbcab1c3-8cba-4598-9860-2efaf7b0a22e,vorname_fehlt,,Lapierre,,True
69a45071-dcf0-4e28-9eb6-37930c53c981,vorname_fehlt,,Laqueur,,True
b28bb07a-5ba1-44f2-b96d-ea5207e89c69,vorname_fehlt,,Larsen,,True
bab37de7-00d8-4bcb-953f-65172c13f463,vorname_fehlt,,Laschun,,True
a6adcbf8-2968-4f7c-912b-b59c175caa77,vorname_fehlt,,Lasky,,True
2c51129f-9f71-4a2b-849d-1ee9d7cf6d3e,vorname_fehlt,,Lassahn,,True
fb23eff0-a31f-4243-a6ce-916b075e8e62,vorname_fehlt,,Latifa,,True
4ce93161-f0f2-4cd3-accb-e8af74fcecf6,vorname_fehlt,,Laturner,,True
59df7806-e1e0-42db-98f1-301f86ac0739,vorname_fehlt,,Lauber,,True
4b78f020-dcec-4641-b281-170a99ba7704,vorname_fehlt,,Laudan,,True
2c3dd4e2-1773-43ab-9c34-5b90bd72f494,vorname_fehlt,,Laudert,,True
60c100e7-d0fe-4771-91c8-d3d97a44a309,vorname_fehlt,,Laureen,,True
9c388485-6112-48ec-b852-fc5d49d76a9b,vorname_fehlt,,Laurin,,True
35e4e094-f9a2-4aa8-bc5f-be3829031e3e,vorname_fehlt,,Lausch,,True
82a92bc9-33ec-4a9a-bbed-d1a11a345be7,vorname_fehlt,,Lauterbach,,True
2397b8a1-a8a1-4421-bc01-4b8da08c5013,vorname_fehlt,,Lawrence,,True
509ddc99-692f-4e31-8d2a-b4e8a4b8a2e0,vorname_fehlt,,Laxness,,True
bbc69802-80cb-4124-8ca6-fffe777a2b24,vorname_fehlt,,Lay,,True
216d621e-a78f-4df6-9d33-24a4ba0f72bb,vorname_fehlt,,Lechner,,True
a9f6d8a4-f271-49f2-a28d-7f2c5dd3f2b6,vorname_fehlt,,Ledig,ledig,False
4a55b8b6-8c8c-4aaf-b111-0185a4247aa8,vorname_fehlt,,Lehmann,,True
41d2c28b-38c5-4dde-a6ab-cca502fd339a,vorname_fehlt,,Lehnhoff,,True
b7afe799-f9ed-4428-8aef-be3bd3a2dd89,vorname_fehlt,,Lehtolainen,,True
b937f3ee-4477-4f9f-acb3-90737e8157c8,vorname_fehlt,,Leiber,,True
04cedb98-4db7-4180-b133-005e9ec716a7,vorname_fehlt,,Leibold,,True
10e05ddc-aa05-4d13-9da4-a4be57e6f34e,vorname_fehlt,,Leiker,,True
b21eaa3e-dc54-4ce6-865c-f1a680eea89f,vorname_fehlt,,Leimbach,,True
9fdd9d20-a6c0-42c6-a1e7-33222912dda1,vorname_fehlt,,Leininger,,True
0ed4e0d8-99c6-49f2-9032-b37798546499,vorname_fehlt,,Leip,,True
34555ad8-bd8a-49ea-a793-19f6aa08f541,vorname_fehlt,,Leist,,True
f68c4b19-a31b-46d1-ae86-19c79f59b3b2,vorname_fehlt,,Lejeune,,True
3ee253af-4e24-4db1-8b20-f60f4caf205d,vorname_fehlt,,Lemaitre,,True
e84ec3d1-1470-4f2c-91b1-a796e6ab941f,vorname_fehlt,,Lemanczyk,,True
caba73ff-10ad-4467-a3c3-811c3ab5dd5c,vorname_fehlt,,Lenhart,,True
f2293f33-f812-416a-b7f6-c22d8ee21e0f,vorname_fehlt,,Lenne,,True
68023339-8c72-4720-b7e2-7d79c3c0b1cc,vorname_fehlt,,Lentz,,True
1a36bc6d-2dd5-4732-bf30-43928af5a1bb,vorname_fehlt,,Lenzen,,True
d3e8531c-ae83-42cb-b97b-3e7ed42bf4d6,vorname_fehlt,,Leonhardt,Leonhardt,False
b4b26f1a-d573-4081-a422-e1d1cda3d498,vorname_fehlt,,Leonhardt,,True
967afa7f-ea72-497b-b95d-05834f0343f9,vorname_fehlt,,Lequenne,,True
ab35b9fe-72c4-41ae-bec1-8f9b0be81b8d,vorname_fehlt,,Leroux,,True
009fc668-f60a-4d5f-94c9-f6ddb55a8843,vorname_fehlt,,Lesch,,True
2814badc-08fe-452f-927e-d4d56be538ed,vorname_fehlt,,Leslie,,True
75b180f2-ac66-4a2a-8a73-82ed7cceea23,vorname_fehlt,,Lette,,True
231205c6-5121-49a7-aa9a-925939c73dff,vorname_fehlt,,Levi,,True
05962d2e-f7b5-484a-b9d8-cbd07534e0f9,vorname_fehlt,,Levin,,True
8d34574f-e672-481d-85bb-1a9f29fe932d,vorname_fehlt,,Levitin,,True
be665ea1-022a-4a62-a967-a6f5bcdb9b79,vorname_fehlt,,Levy,,True
e839d68b-28a4-4e38-b1fd-bd4b656a3cb6,vorname_fehlt,,Lewerenz,,True
c179b37f-8eaf-4c8a-ad15-bcd933919a0c,vorname_fehlt,,Lewin,,True
c200d810-8a0b-4cdb-8afa-c561116101a9,vorname_fehlt,,Lewington,,True
d5ff4c0c-067f-4e3d-a3a3-00baff29f47d,vorname_fehlt,,Lewinsky,,True
3feb8f32-3473-4309-b8ba-4d8168ff82e0,vorname_fehlt,,Lewycha,,True
938b85d8-4d82-40d0-b733-9aa76313402d,vorname_fehlt,,Lewycka,,True
7d4d68d7-7ea2-4653-bc1b-42cd11015156,vorname_fehlt,,Lhote,,True
5558a875-7970-49cc-8f43-0e6b90c2f49e,vorname_fehlt,,Lie,,True
6e9e767f-f472-41d8-8abe-b842012aa281,vorname_fehlt,,Liebscher Bracht,Liebscher Bracht,False
c02e9050-2f6f-4125-b8a5-202147a3d050,vorname_fehlt,,Lieckfeld,,True
8fff210f-33e1-4821-8460-95f535a4e65a,vorname_fehlt,,Liedloff,Liedloff,False
dff35bfd-e796-4ac0-b303-b6d57fc3dd85,vorname_fehlt,,Liehr,,True
d13b6265-fc03-425b-b0ee-2478a3671fd6,vorname_fehlt,,Lies,,True
0f6dafdb-0c01-465c-a601-8783285f9b4b,vorname_fehlt,,Lieske,,True
91a5b35b-a781-464d-b674-c20c1457fd79,vorname_fehlt,,Liessmann,,True
f22f2f28-732f-499f-8d3f-16b7ba343811,vorname_fehlt,,Ligensa,,True
bb22a591-59b7-4fa9-a53a-e35c9e91d754,vorname_fehlt,,Lim,,True
760c5863-1105-40e9-b714-bacd9c33c8bf,vorname_fehlt,,Limmer,,True
089bbd03-74e2-4cbf-b611-b894789e6996,vorname_fehlt,,Lincoln,,True
b2a6e6ce-b1a4-408f-ac0a-4765b439925e,vorname_fehlt,,Lind,,True
899e0746-5502-4c52-9c81-4748d4bd91aa,vorname_fehlt,,Lindenberg,,True
40bee0c0-34e3-40d9-8b6d-c1a93e9f3380,vorname_fehlt,,Linderholm,,True
54be6e25-0013-407c-a7b2-ce0976f17e6c,vorname_fehlt,,Lindholm,,True
a5f99027-c1de-40c3-8032-ac16862d4e35,vorname_fehlt,,Lindsey,,True
9a6c9e35-e954-4ecc-aaed-aa3164a68842,vorname_fehlt,,Lindstein,,True
5678236b-9302-4a5c-8bda-377586e5ee99,vorname_fehlt,,Lingen,,True
9a7b54d2-84ec-4d61-afde-8767d3c1eeda,vorname_fehlt,,Linke,,True
a20fcdab-9209-4436-b055-92ec0bdb6274,vorname_fehlt,,Linker,,True
5ec0dd91-677d-441f-901c-a68f9f637e55,vorname_fehlt,,Linthout,,True
82b5613d-ce77-45ec-a3c7-eaaeda5d5c4b,vorname_fehlt,,Liosa,,True
f992a779-1ee8-4790-854f-279234180382,vorname_fehlt,,Lipps,,True
1403a6f5-93a8-4288-85b7-85a1bca2124b,vorname_fehlt,,Liss,,True
c23c1a96-23c1-4b97-9716-754296b26b48,vorname_fehlt,,Lissner,,True
7a56fda7-6bca-4777-ab2d-99294ff2cbf3,vorname_fehlt,,List,,True
6e941d04-a441-494d-80b9-1bddf597ab50,vorname_fehlt,,Littell,,True
dbdeefb8-b933-4222-8e0b-dc59b14b782c,vorname_fehlt,,Liu,,True
f90ebc51-3dd9-4931-b4ff-4747da1d461b,vorname_fehlt,,Lively,,True
7d8c53c4-a78f-4621-89f4-5e1dbe870e89,vorname_fehlt,,Lloyd,,True
d2fa7595-6e32-40e9-bd8b-addfbf0845ab,vorname_fehlt,,Lo,,True
1e8f9545-b4e7-4cb8-966b-24257ce289ee,vorname_fehlt,,Lode,,True
bc47c18d-971c-46f7-9621-16fd03433999,vorname_fehlt,,Lodemann,,True
7e3faf55-20be-4dab-9de2-4e22ccb63564,vorname_fehlt,,Lodge,,True
dcfd0cb8-7681-4f08-ab53-78aa0ed2fdde,vorname_fehlt,,Loeff-Basenau,,True
a924b70d-9e97-4f08-87aa-1ea3ed92971c,vorname_fehlt,,Loehndorff,,True
f30aabfe-6df8-47bf-af56-bd9affdbd5ab,vorname_fehlt,,Loehnig,,True
fe3e1170-9503-4993-9f07-18f5e2943044,vorname_fehlt,,Loehr,,True
7f81d452-6da4-4a23-ad2d-dc086c9817bb,vorname_fehlt,,Loens,,True
3c2832c1-3612-46ee-89dd-6a76e4be43ef,vorname_fehlt,,Loewenberg,,True
6875015e-492b-48e8-bee1-d4011f1a4c67,vorname_fehlt,,Lofting,,True
bcfffdd3-7ce2-477e-bdfa-c6cb8596acba,vorname_fehlt,,Loh,,True
73a655f5-b448-46c0-9dc1-5e02d90cc75f,vorname_fehlt,,Lohmann,,True
8583aa40-45f7-46c4-b588-39aaf7210f98,vorname_fehlt,,Lokko,,True
6f80b812-a40f-4196-8418-d39bc7815ebf,vorname_fehlt,,Long,,True
97c3190e-776b-4a24-8056-0cce811ed548,vorname_fehlt,,Loose,,True
9d0142d7-4800-48d9-aa7c-d87e0c916b9d,vorname_fehlt,,Lord,,True
1a799c3d-d8f9-4105-b0d6-203bcb578f36,vorname_fehlt,,Loren,,True
0fd7c8be-a84f-45bd-a74c-188e6454aaec,vorname_fehlt,,Lorne,,True
aaee4d76-2fae-45cc-90a2-cf9d3c1c61e1,vorname_fehlt,,Lothrop,,True
4dd03952-891f-4f66-b895-7698f841df23,vorname_fehlt,,Lott,,True
6b77b93c-2979-44ba-b1e7-7f9add7f474a,vorname_fehlt,,Lourie,,True
ddb519f7-56cf-4a25-9258-86895582663f,vorname_fehlt,,Lovric,,True
bb558e4a-6563-464f-8b46-bb4ce59f687b,vorname_fehlt,,Lucado,,True
44bde151-5003-4305-b35a-22deb7aabcef,vorname_fehlt,,Lucarelli,,True
6604f339-c31c-469c-99a9-8c3d02ea1789,vorname_fehlt,,Lucas,Lucas,False
46655d45-0f0c-41e5-8d2b-e727b30c3d41,vorname_fehlt,,Lucentini,,True
dce663b4-6963-4c0e-ae6b-1a988e22aecd,vorname_fehlt,,Luchina,,True
d06079a4-b6c5-4170-bbad-9d1df5e32240,vorname_fehlt,,Luck,,True
ed21bc6e-19df-40c2-9c86-0653cc389a17,vorname_fehlt,,Ludwig,,True
8f4da422-4ddf-4654-bace-0b7dbdf1afb4,vorname_fehlt,,Luebbert,,True
6e83f962-0cd4-45c6-bfe1-bb54c90d8193,vorname_fehlt,,Lueck,,True
3e52c92e-bb0a-4eb5-be90-b0379b87381f,vorname_fehlt,,Luedecke,,True
2928516f-46b5-4789-9c4f-a1fe7d963ca2,vorname_fehlt,,Luehrssen,,True
506cc5d9-a5e3-4ff4-9c05-e8a5ce869ec4,vorname_fehlt,,Luetgen,,True
e1757e34-6a40-46c1-8382-f24f78edc5d0,vorname_fehlt,,Luetz,,True
be6a180a-1b58-4ef0-9d37-ca3f05f9d044,vorname_fehlt,,Luetzkendorf,Luetzkendorf,False
17270fa3-b48e-4bae-8973-22ad2c146eab,vorname_fehlt,,Luhn,,True
02f02b6b-7d13-40cf-a8d4-822e73faa7c1,vorname_fehlt,,Lukas,,True
2976d385-4eaa-47e4-a8d2-ebed34fc3040,vorname_fehlt,,Luks,,True
552abd86-ebb0-466c-9e70-0893cc269888,vorname_fehlt,,Lundgren,,True
9b876a3c-3bc2-4b02-b245-f6872c082dee,vorname_fehlt,,Lundholm,,True
985a7e79-d074-4b98-af33-0e5c1c8bf310,vorname_fehlt,,Lurker,,True
db889b98-b4ac-4ee9-bdf3-abe8d66fe1c9,vorname_fehlt,,Lutschak,,True
5f77e0c3-1a47-490d-8b0b-dbe6d317fe3a,vorname_fehlt,,Lutterjohann,,True
090f0175-7b42-4afc-9ba6-9f85e0c3cac5,vorname_fehlt,,Lux,,True
e527bf24-11b6-41b1-b70e-ee414eee4b4c,vorname_fehlt,,Lynch,,True
b21adc9c-659d-4242-b2e6-546450c73b0e,vorname_fehlt,,Lynn,,True
1f6f014f-e069-4894-9239-ea2ddac77d61,vorname_fehlt,,Löbl-Schreyer,löbl-schreyer,False
3bbe94a7-e47b-4026-909a-057b469dd472,vorname_fehlt,,Maalouf,,True
eed4dd50-1373-4304-a571-0b48c8591291,vorname_fehlt,,Maaser,,True
3bbbbf04-f39b-454b-aee3-e72d5417e857,vorname_fehlt,,Mabanckou,,True
0766bd1d-fc95-4571-858e-67945b7f3118,vorname_fehlt,,Maberry,Maberry,False
2e401b43-e573-436c-a742-9253ec4559a9,vorname_fehlt,,Maberry,,True
c2f2e8f6-fd15-4e05-a636-111fbcd4e6ef,vorname_fehlt,,Macdonald,,True
40cd5445-b679-4599-b171-3addc395f2c0,vorname_fehlt,,Machiacelli,,True
379807fc-96e9-4ef5-9697-64d2f68969ea,vorname_fehlt,,Macinnes,,True
04588303-0bbf-4b17-8487-af832a43a167,vorname_fehlt,,Mackay,,True
f85bd75b-c9e5-464e-a6b7-b616404f57cd,vorname_fehlt,,Mackinnon,,True
2e8c9344-c62b-4d2d-ab59-2a3a9800ee4e,vorname_fehlt,,Mackler,,True
d1518211-7e6a-4a54-9e35-0133896e6317,vorname_fehlt,,Mackrell,,True
2e618fd1-3790-44d1-bc33-9a346b7181db,vorname_fehlt,,Maclaine,,True
15c98119-53ce-45a5-996d-dc226e367770,vorname_fehlt,,Madder,,True
e1015f2d-4c23-44c9-bfbd-6e11d03c1ccc,vorname_fehlt,,Maddox,,True
4e88e479-f66d-4e44-9c46-68ea1d91eaa3,vorname_fehlt,,Maeder,,True
911c4d7a-63e8-4afe-8459-6b8c16ad58c5,vorname_fehlt,,Maerker,,True
a5442582-8b03-42d1-8e25-0511122029c4,vorname_fehlt,,Maerov,,True
f5d7b354-17d7-491f-9815-82bba6ca5f40,vorname_fehlt,,Maerz,,True
56750554-5e03-49fc-be1d-62c429f6bfae,vorname_fehlt,,Maffay,,True
8b0ba61f-5207-49f2-96b9-3a0d14527e7c,vorname_fehlt,,Magerer,,True
c511c0bd-60d9-46f0-a110-6f324e63bdab,vorname_fehlt,,Magix,magix,False
06200562-752b-4248-8e35-8ffe08010486,vorname_fehlt,,Mahapatri,,True
392c3e3d-b43d-4f20-b95e-d328c6e84c87,vorname_fehlt,,Mahlke,,True
f5395f5e-b088-4a3b-91fd-32e4982084e8,vorname_fehlt,,Maier-Krafft,,True
4eab6770-06c1-423e-9f67-cc7ac4ed8322,vorname_fehlt,,Maillart,,True
a15877cb-b2d9-4e94-a943-61016a2267d9,vorname_fehlt,,Mairock,,True
f409e316-4ee0-4e8c-ad60-aa826a4d95f2,vorname_fehlt,,Maiwald,,True
df05db86-84a1-4427-9b09-89a2dc6ed630,vorname_fehlt,,Maix,,True
006420c3-58e0-4dc9-9e36-844683166216,vorname_fehlt,,Major,,True
97fe8fea-6d8a-44f6-9b40-5084190304d3,vorname_fehlt,,Malaparte,Malaparte,False
25467f94-900e-434d-ab2a-b1d4ac1b403a,vorname_fehlt,,Malee,,True
bc98321e-b263-4c18-b5e8-c3ecd2d6c561,vorname_fehlt,,Malik,,True
d2d0fd38-516e-45e2-acf9-877f7e9b577d,vorname_fehlt,,Mallery,,True
f66372d5-7a88-48b4-81fc-4bbb98fda9f8,vorname_fehlt,,Malpass,,True
7119a104-d773-446b-bb1e-7d2b1b68e456,vorname_fehlt,,Maly,,True
7f85bb3e-43e5-4952-bd31-c22bcee1126f,vorname_fehlt,,Mandel,,True
ce27a6de-8200-48f6-8c47-0d90a445bc56,vorname_fehlt,,Manfredi,,True
02de1fb6-5c34-4d21-a9c0-42fae6b0a5a3,vorname_fehlt,,Manicka,,True
06db423e-ff42-433a-99db-f3e7ab23773e,vorname_fehlt,,Mannel,,True
553c442d-fe1d-4e9c-a825-f9762aef684e,vorname_fehlt,,Manook,,True
59183501-01c8-470a-9e34-3ccc4a18eb02,vorname_fehlt,,Mantak,,True
35baac19-146a-4331-9a3d-81d887e197d2,vorname_fehlt,,Mantel,,True
c99163eb-d313-451b-930c-2f23549bd74b,vorname_fehlt,,Manzoni,,True
b84b2b4b-d7be-4836-add2-bb60b7729fbc,vorname_fehlt,,Marai,,True
17b5609b-5863-47c9-baff-42c5dbeda4f4,vorname_fehlt,,Maraini,,True
97b8ac31-39ec-4579-971f-8ace0e6af56d,vorname_fehlt,,Marben,,True
a119a18a-740a-405f-a00c-bf0aa9082a3a,vorname_fehlt,,March,,True
d9736545-486d-4f92-bac9-00075427c570,vorname_fehlt,,Marciano,,True
d78619e6-b712-4571-9138-b4a52d0c662d,vorname_fehlt,,Margolin,,True
011a0627-72a2-4517-aaf3-7f785a835659,vorname_fehlt,,Marias,,True
ae01ced9-a377-437d-9261-2cddd510e262,vorname_fehlt,,Marillier,,True
3525b9ab-96c0-4834-96f2-124c627a7708,vorname_fehlt,,Marinina,,True
fe8e6538-3f98-4bdd-a874-9a51ef3a40b8,vorname_fehlt,,Markand,,True
9ea07706-4a07-46da-991c-f71d5bdde43c,vorname_fehlt,,Markaris,,True
a63c0935-8aa1-45db-a2d9-38ed3769f2f0,vorname_fehlt,,Markel,,True
711489bd-061d-48bc-88ac-4c3f265edd28,vorname_fehlt,,Marks,,True
cf4d10b5-b619-4233-a8c9-38ec59c7eb4e,vorname_fehlt,,Markus,,True
d165d065-433f-4205-a5d9-05aa186245cc,vorname_fehlt,,Marny,,True
cb0551e4-91e9-42ce-8105-cf8ebbcd181e,vorname_fehlt,,Marom,,True
3d62f97d-d578-45a2-b147-8310d648828b,vorname_fehlt,,Maron,,True
dcd5f7d0-9dfb-41f5-9c5e-8754023e9c21,vorname_fehlt,,Marquez,,True
07a6eb37-6f66-4efb-b25a-1196189e06fc,vorname_fehlt,,Marr,,True
c0329569-9408-4eef-967a-5e75dd974c95,vorname_fehlt,,Marschall,,True
7e558e58-c424-41ff-ba69-6d8ac720de86,vorname_fehlt,,Marston,,True
39b2ba47-d094-434a-ad99-eebaf16202f5,vorname_fehlt,,Marthaler,,True
935ccef2-23cd-4b9a-98b4-f8e5f79ff53d,vorname_fehlt,,Marti,,True
5685c8ad-6a79-4b59-9d60-686059e7ff39,vorname_fehlt,,Martin,,True
68aa63fb-2cb6-4430-9084-5ef50ba40f97,vorname_fehlt,,Martinez,,True
dfcdc30b-a8e9-407c-998e-60494ea7cabe,vorname_fehlt,,Martini,,True
8948f19b-5782-42c7-92d8-1d4a1aec879a,vorname_fehlt,,Martins,,True
4e5be82a-6378-43b1-91b1-c9d48c9e47ae,vorname_fehlt,,Marton,,True
649e9ec4-475d-4ed3-aa55-ca13073424b4,vorname_fehlt,,Martschukat,,True
ecabe3bc-c23c-4f36-9b18-cb26964076c9,vorname_fehlt,,Marvel,,True
f302e25c-0368-4cdf-aefd-4891b846455a,vorname_fehlt,,Massey,,True
53d78319-2420-402c-8f9d-4c65a9d37d1d,vorname_fehlt,,Masson,,True
ffece76b-c17d-40e9-9b5d-ad9418f1c6fa,vorname_fehlt,,Masters,,True
58965e20-46fd-4ba9-9bb9-af35375d4c1d,vorname_fehlt,,Masuda,,True
d720cd9b-65d9-4841-8f42-3fa628cef4d1,vorname_fehlt,,Matabane,,True
d7d774af-71d8-4302-97bb-4d7c0fb03e84,vorname_fehlt,,Matei,,True
75351061-4858-4654-8a66-2e46d7e53b95,vorname_fehlt,,Matisek,,True
0306186b-f5bf-4fcf-bef5-5398b826fbe8,vorname_fehlt,,Matthews,,True
fdf9a7f1-52e9-4617-9270-e2cde8ce84aa,vorname_fehlt,,Matthias,,True
ddeeb519-085f-4fff-8d1b-1354de0bc25f,vorname_fehlt,,Matthies,,True
504cad59-badc-4c26-be74-a8cd5b43a5e6,vorname_fehlt,,Matussek,,True
3652b030-0e46-45ca-a79e-6f258723435c,vorname_fehlt,,Matz,,True
1ade001c-bfb7-4cdb-b40c-fe32676d2892,vorname_fehlt,,Maupin,,True
5bb9219e-0d05-4ec3-87b3-50315cbba64c,vorname_fehlt,,Maurer,,True
82214b10-a812-4009-aadd-31fdb34f037e,vorname_fehlt,,Mauriac,,True
456c36cc-7e3e-4250-b800-4ba864312b6e,vorname_fehlt,,Maurina,,True
f0c78d8c-ce43-4641-840b-2d8c49af9902,vorname_fehlt,,Mawson,,True
76962011-3968-46e8-8c3f-cdb90f91a9d9,vorname_fehlt,,Maxwell,,True
e478c580-dd5e-4715-88ad-f718a535236e,vorname_fehlt,,Mayer,,True
4097b945-ea50-4c6b-ac0c-da6e8f0ce14b,vorname_fehlt,,Mayer-Schoenberger,,True
57872e20-dab7-4ebf-8507-507b7ca2c415,vorname_fehlt,,Maylunas,,True
99136331-14ba-48d4-98df-f7802a5a169a,vorname_fehlt,,Mayr,,True
67565d75-c309-4221-9095-0940668b100a,vorname_fehlt,,Mcallister,,True
0b11fe2a-c5c6-49f7-8a0c-bc85c7942db3,vorname_fehlt,,Mcauslan,,True
e60e8904-ec15-440f-80ad-877990ce241d,vorname_fehlt,,Mcbain,,True
ec4ee2e8-ed2f-4015-bef5-3cddecf04037,vorname_fehlt,,Mcbride,,True
af0d0e0c-c97a-40ee-8326-c90174ff6167,vorname_fehlt,,Mccaffrey,,True
e9b321bb-5e55-44e7-b30f-5101b63f2e6c,vorname_fehlt,,Mccaig,,True
61b47e95-62a1-4e83-95ae-5ed409669928,vorname_fehlt,,Mccrohan,,True
7fe534bb-f913-49cf-893b-e9a141a41fa3,vorname_fehlt,,Mcdonald,Mcdonald,False
b4bc4a97-12be-484f-97c1-fe40fc7daed1,vorname_fehlt,,Mcdougall,,True
5ed0e181-1e15-40ff-8de5-0e34d96fdd94,vorname_fehlt,,Mcdowell,,True
b576855c-d0d6-4596-97f0-15ddf33e5d86,vorname_fehlt,,Mcfadyen,,True
ccc72f2f-796c-458a-b47f-7e68bbdd7d3e,vorname_fehlt,,Mckee,,True
5039ef75-3e4b-4ef1-8623-8f41d64c34e8,vorname_fehlt,,Mckinley,,True
8d507c93-41b4-44c4-a8ab-edea25d55f96,vorname_fehlt,,Mclaglan,,True
1a019a2f-249d-4d0a-88b7-b2f9fe02254f,vorname_fehlt,,Mcleay,,True
1e277fc3-ee34-4e89-9152-807eeba5e9f0,vorname_fehlt,,Mclune,,True
530832ae-7c73-4d03-9282-4050e9e4808b,vorname_fehlt,,Mcmanus,,True
527a3748-b6f5-43d3-840d-3f24c39506f9,vorname_fehlt,,Mcnab,,True
f4230019-38c7-4814-850b-4e3a295e856c,vorname_fehlt,,Mcnaughtan,,True
d7b6c279-1561-4717-907b-7e35826fce93,vorname_fehlt,,Mcneive,,True
52dd7397-fb13-40c9-a76b-c12b809261bf,vorname_fehlt,,Mcquillan,,True
e4b86044-d690-46c4-b4d5-58c59d3e9834,vorname_fehlt,,Meadows,,True
0c004686-76b5-4fc6-930a-22af5518c72a,vorname_fehlt,,Mechtel,,True
2459794d-0f58-443a-9c86-455aebc71861,vorname_fehlt,,Medearis,,True
00ef617c-fe82-4009-b9d2-9e7788cb26a6,vorname_fehlt,,Medlock,,True
df16a3b8-47a9-4283-b935-b160c8659a83,vorname_fehlt,,Medwedew,,True
37dc8939-fc5b-41c1-adb7-9818e9baa1ce,vorname_fehlt,,Mehlmer,,True
083cc4ab-4246-4711-8375-e48806417279,vorname_fehlt,,Mehran,,True
421f02c5-6f90-42cc-b8bd-e3aaa98068f1,vorname_fehlt,,Meier,,True
3dae9d7f-9010-486b-94ce-20dd4b033468,vorname_fehlt,,Meinck,,True
76384cf2-6de7-4646-8221-f1dce023ac21,vorname_fehlt,,Meiser,,True
1c9887da-03c3-41bc-84b4-3f84be6c76a1,vorname_fehlt,,Meisner,,True
daa3de0c-06d8-46fd-ae22-aac6b4e98573,vorname_fehlt,,Melandri,,True
2b6162ed-71ba-4758-b78f-1400f1e60555,vorname_fehlt,,Melville,,True
3084bf43-5f9e-4dda-abe0-f3ab011a09dc,vorname_fehlt,,Melzer,,True
05fda946-b95b-4517-917c-ab507058f803,vorname_fehlt,,Memmel,,True
2b0922ce-9989-44a8-a9c7-0fb230a37971,vorname_fehlt,,Mendelsohn,Mendelsohn,False
c7732a71-80e4-47a5-8d14-f9d4f2a6a92f,vorname_fehlt,,Menen,,True
b2d276e7-ff31-46ad-9ed3-9b94aceb7f73,vorname_fehlt,,Meng,,True
936c8953-ddfc-43d2-b572-32f399b15730,vorname_fehlt,,Mennen,,True
04b3b2bb-41ce-4e75-aad9-ae083291b269,vorname_fehlt,,Menzel-Tettenborn,,True
f9099c74-6bcd-46da-8d2d-8fe25be0a47d,vorname_fehlt,,Mercier,,True
fabeb02f-bae8-46e3-bea1-903c946214b3,vorname_fehlt,,Mercier-Sivadjian,Mercier-Sivadjian,False
df543729-cc03-4e59-8b9e-f755daab1f76,vorname_fehlt,,Merico,,True
e234485e-59be-433a-8c83-5790f43a50fe,vorname_fehlt,,Merkel,,True
f3dea26e-6bdf-4cb8-9d42-65e078474996,vorname_fehlt,,Mertens,,True
81c9c963-b80c-47ab-87dd-6723523391ca,vorname_fehlt,,Mertz,Mertz,False
d89faeab-50ba-40e5-8233-58ec3dace469,vorname_fehlt,,Mertz,,True
1226d116-b7ee-4d45-97b1-2125ccedf3a5,vorname_fehlt,,Meryn,,True
8c73ef5e-aa89-4937-aeb0-975f01b78e95,vorname_fehlt,,Metz,,True
12f17058-271b-496d-b3b4-1ba8f107812c,vorname_fehlt,,Meurois,,True
aabe3266-e0dc-4443-9101-78dfbeb04d34,vorname_fehlt,,Mian,,True
cf2eb210-9ef0-4f1a-8742-69ae21969cf8,vorname_fehlt,,Michael,Michael,False
647b51cb-ecc0-4514-8008-4dde97ea46ea,vorname_fehlt,,Michaelis,,True
f68bafad-812b-42e3-a7de-e3d212ee31d0,vorname_fehlt,,Michel,,True
dfff5560-15f8-4c96-ad91-cb1838de0e1c,vorname_fehlt,,Michell,,True
f565e1c9-907b-4506-bc0a-3078998109dc,vorname_fehlt,,Michelmore,,True
4849dc57-c66b-4641-af29-0ab882711e77,vorname_fehlt,,Michie,,True
b0c545b8-abb1-4c9f-952d-a783976ec95b,vorname_fehlt,,Mielke,,True
5ab8fa8a-2e75-4cba-9035-25aa76dc9008,vorname_fehlt,,Mies,,True
b35f3175-3552-4ed3-823b-cd9b57871ed1,vorname_fehlt,,Mika,,True
f1cd3ed9-bbf6-45ab-90a3-2efc821ce81d,vorname_fehlt,,Mikes,,True
e5ba5485-8cbf-45c0-b576-841257f730eb,vorname_fehlt,,Milford,,True
2511731a-0be3-435a-afee-fb33f2a2f646,vorname_fehlt,,Milgram,,True
ea36da85-9303-4404-9248-d040cedd3932,vorname_fehlt,,Millerd,,True
685dfbec-da95-4398-9ab1-587993552143,vorname_fehlt,,Mina,,True
c508341b-8ae2-4152-b27d-eebccc973ffc,vorname_fehlt,,Minai,,True
41b28b1c-c503-4b56-91bf-00447c16f26b,vorname_fehlt,,Minelli,,True
1b16f4f4-bd55-472f-96b1-a461b6b219c8,vorname_fehlt,,Mings,,True
7cc35680-c87e-42d3-aa83-dc13406c6e40,vorname_fehlt,,Minte-Koenig,Minte-Koenig,False
9431b566-18d4-4d27-8925-126c5a1d793b,vorname_fehlt,,Mintz,,True
216d9056-5439-4bb6-868c-523d29589687,vorname_fehlt,,Miquel,,True
3cfbe5fa-8ea5-448a-b49a-c9a3a69840e2,vorname_fehlt,,Mirembe,,True
7bab38ae-17ab-4515-808c-366b1531db44,vorname_fehlt,,Misch,,True
10db4463-c792-42cc-9d51-10dff88df712,vorname_fehlt,,Mischki,,True
0cc78860-545b-4e44-b040-4afc3a43a75f,vorname_fehlt,,Mishani,,True
2ba22920-63d1-464e-9a09-6581150cd876,vorname_fehlt,,Mistry,Mistry,False
21c5d3cf-a33c-4002-83ab-560f144c7260,vorname_fehlt,,Mitchard,,True
e6861563-5ff5-4aa9-982a-0c5e102ef452,vorname_fehlt,,Mitchell,,True
09fdc4ea-702c-4acd-8bb9-47b55c5b0017,vorname_fehlt,,Mitnick,Mitnick,False
e495679f-b1a9-46ef-994a-fd5ec93da189,vorname_fehlt,,Mitnick,,True
d41e5358-f685-414e-8eb7-9ba44d96bfb1,vorname_fehlt,,Mitscherlich,Mitscherlich,False
bc9bbd28-9e21-44da-aa51-32ad64919882,vorname_fehlt,,Moccia,,True
c808c00a-cb42-4a04-b3b3-37bcf37aad1f,vorname_fehlt,,Modignani,,True
d2b82ba6-e499-4494-9180-12a688903a66,vorname_fehlt,,Moed Kass,Moed Kass,False
ea0b8e5c-5b16-4912-8686-257ed8769334,vorname_fehlt,,Moeller,,True
fd0e79b2-b929-4bca-80c2-8194d630f9a3,vorname_fehlt,,Moeller,Moeller,False
0908333c-ccba-449a-8373-c308a93b27eb,vorname_fehlt,,Moestl,Moestl,False
2fe7fd9e-c6d3-4ea7-b5e5-799ddfb5cd91,vorname_fehlt,,Moestl,,True
eb5408b9-bb32-464f-80b3-6b2f49a62668,vorname_fehlt,,Moffat,,True
1eea59cd-d744-466b-adf1-b8fa17edd070,vorname_fehlt,,Mohamed,Mohamed,False
fde1af2d-5db9-42e9-8abb-060787ed7e35,vorname_fehlt,,Mohl,,True
4e78b125-5d96-40d7-aeb5-776918108675,vorname_fehlt,,Mohr,,True
3a090a89-5d14-4cc3-a0ac-0e52e7f5a115,vorname_fehlt,,Moitessier,Moitessier,False
16bc264e-39e0-4390-97c6-f735e69978e4,vorname_fehlt,,Moix,,True
6e0c7e95-f7ed-4def-bac2-e2d42b29bc22,vorname_fehlt,,Molcho,,True
47186e47-6d08-4e5f-b8cf-da01f21cb482,vorname_fehlt,,Moliere,,True
60b8827c-4d02-44e0-9ef2-ffeb9aeb4b1b,vorname_fehlt,,Molist,,True
0b746087-93a4-4f28-b69d-82ec7809eacc,vorname_fehlt,,Mollat,,True
738dfe18-cbe5-4d46-95b4-1303bce8bcd9,vorname_fehlt,,Molloy,,True
6319bac3-4d53-4afc-b45c-60cbe282fb71,vorname_fehlt,,Moltke,,True
84386c74-d1ec-40a4-9bb7-fa5466e20140,vorname_fehlt,,Mommsen,,True
c08f6c1d-21d2-415c-96f2-2debd92811ff,vorname_fehlt,,Monnier,,True
eae26f22-36ae-4e9f-9b93-7dff941f5681,vorname_fehlt,,Montanari,,True
ef87fb96-5c75-4a17-be12-924a0da23b55,vorname_fehlt,,Montefiore,,True
b59e157c-f010-47ff-bb17-3b918fb56e31,vorname_fehlt,,Monteilhet,,True
7151570c-77ed-4095-834a-607e37a4a534,vorname_fehlt,,Montet,,True
c7898637-fa4c-4636-bfe1-640ffcdde0eb,vorname_fehlt,,Moog,,True
c436eb2a-12ac-4243-bc6c-68af925bedd8,vorname_fehlt,,Moor,,True
12798293-b2c5-45f0-997e-f081206af5b6,vorname_fehlt,,Morehouse,Morehouse,False
884730b9-bc9e-4273-b1b0-9f9d0fe0fd7a,vorname_fehlt,,Morgan,,True
ab8fd012-184e-4a5d-805d-3bc44d053a6b,vorname_fehlt,,Morillot,,True
adab4663-1e24-4c62-b89f-7c90b50eac3a,vorname_fehlt,,Morrain,,True
0ae66e8b-9a96-4478-a8b9-f0ebbdd8f3da,vorname_fehlt,,Morrell,,True
e350a7cd-7c57-4d06-9a5d-e3091efde3e9,vorname_fehlt,,Morrilot,,True
bd61f393-0193-4c4a-bd12-9d9562c5eee0,vorname_fehlt,,Morrison,,True
ff7431d2-6031-43eb-8b9a-5eec0593be36,vorname_fehlt,,Morrissey,,True
63f15f0a-9a8a-4af8-b26a-8b28ab4a5bbc,vorname_fehlt,,Morrow,,True
7445f2f7-8e00-4b6e-a181-b47bc63926a3,vorname_fehlt,,Morton Robinson,Morton Robinson,False
6dded732-a0c0-408b-a81f-3bf22f0c0ff4,vorname_fehlt,,Mosenthin,mosenthin,False
e35743b7-d280-421a-a772-eb9ef8a20d99,vorname_fehlt,,Moser,,True
84a8f8dd-cdd0-456a-8a04-1c9e04803a8e,vorname_fehlt,,Moshammer,,True
e745c145-7ba9-4205-a522-55382dbe07d7,vorname_fehlt,,Mosse,,True
2769ab43-17ea-4b4a-aa40-8c2f99fac813,vorname_fehlt,,Motram,,True
1e11c2ed-8e42-49e6-8200-3b2d32e329a0,vorname_fehlt,,Motschmann,Motschmann,False
92037882-ffa6-4f06-8d4f-1a791850a522,vorname_fehlt,,Mowat,,True
f30db976-430a-4e61-90a8-0684e0e1e7be,vorname_fehlt,,Moyes,,True
99ae8813-aebd-42b5-9a22-e6e506a34c42,vorname_fehlt,,Mross,,True
eec9a854-3d00-42bc-928a-2b01b31723a7,vorname_fehlt,,Muehr,,True
2c37576c-2660-404e-a98e-53f26e7513eb,vorname_fehlt,,Mueller,,True
c4e6db80-166f-4cf8-b929-ac718c0cacac,vorname_fehlt,,Mueller Markus,Mueller Markus,False
43001d19-9ef6-46f1-a27a-15ab13e8767e,vorname_fehlt,,Muenster,,True
aac7e85b-aea5-4498-a85e-f723c61aea99,vorname_fehlt,,Muenzer,,True
96020883-6524-417f-b272-c6412b9361ac,vorname_fehlt,,Mues,,True
a2c08afc-1e1a-40e9-876c-ae5bd3c5b933,vorname_fehlt,,Muhler,,True
b4582000-0d9e-4a96-a924-4aeae2c6b4ea,vorname_fehlt,,Muir,,True
c7e04467-1268-4860-8682-cde684b521f2,vorname_fehlt,,Mukherjee,,True
4e177d24-6a9e-4ae1-ac30-bbf8f395fb45,vorname_fehlt,,Mulack,,True
7ebf0d39-c0a7-401b-86a2-263de02f6446,vorname_fehlt,,Mulisch,,True
60f7e357-6bd1-4c48-91b7-9fd89d14df75,vorname_fehlt,,Mulroy,,True
76e20654-888a-406b-8897-0172175a2e2d,vorname_fehlt,,Munif,Munif,False
2d1c80b4-39e5-43a1-997e-8c114bfbc175,vorname_fehlt,,Munif,,True
689a01ba-adbd-4b86-9418-d893905c7b41,vorname_fehlt,,Munro,Munro,False
1e6f2c73-5c33-4bf3-8562-0d7ed3e1c0cc,vorname_fehlt,,Munro,,True
fca350a6-b676-4048-88b3-c7b118934f8a,vorname_fehlt,,Munson,,True
ce8e9ca9-5cce-419c-97ab-c85c324a05e2,vorname_fehlt,,Munthe,,True
a17521e9-ccd7-4267-8050-46a850720609,vorname_fehlt,,Murphy,,True
64b9fa2e-504c-4d1c-884b-2dca1e8cceb2,vorname_fehlt,,Murphy,,True
9ba382d5-53c4-4f59-956d-c56f213d68c4,vorname_fehlt,,Murr,,True
9935999f-5fbc-4d8b-a953-a8781ea409da,vorname_fehlt,,Musso,,True
93559bb8-a001-4db4-825a-e10d9071eefa,vorname_fehlt,,Mwangi,,True
f56bcdd7-9c0f-4283-b172-0710a9f5fff2,vorname_fehlt,,Myron,,True
f9c5f0e9-fcf1-4dba-892b-d48b6502c12f,vorname_fehlt,,Nack,,True
cdf01140-7a08-49fd-9cc7-cf0673791ac0,vorname_fehlt,,Nadal,,True
1b8aa95c-c87a-4400-83f3-d518a6e4c4a6,vorname_fehlt,,Nafisi,,True
24c012d8-dfe5-4f54-8c97-10d69969176b,vorname_fehlt,,Nagel,nagel,False
2a29efe4-d02c-43d0-a7ec-0b5bd34979ed,vorname_fehlt,,Naka,Naka,False
7837fbc6-0fea-4043-aab0-09f062d9a5f4,vorname_fehlt,,Namu,,True
ecd7e8f9-80de-4b86-8576-965aa686f346,vorname_fehlt,,Nasaw,,True
19dfb4bd-967c-4d0d-8e00-2d127ed1bec6,vorname_fehlt,,Nasiri,,True
6e5451c2-b75b-485c-82ea-ffc5771663fd,vorname_fehlt,,Nau-Klapwijk,,True
9ee65290-9e34-4c33-a244-e0b64ea03921,vorname_fehlt,,Naumann,,True
35eef877-5387-4616-9275-11391123e2b3,vorname_fehlt,,Nawrat,,True
3221ff23-9ef3-4af3-97f3-e1084a33226e,vorname_fehlt,,Nazer,,True
25999e8c-c409-44c0-b91d-5e0b8a03fa4a,vorname_fehlt,,Neder,,True
ba6d10ac-41fb-4bac-b18f-06275530da71,vorname_fehlt,,Nedjima,,True
f5833dd2-d242-48cb-aa5d-ff43c4896da8,vorname_fehlt,,Nelson,,True
517a49cd-b3ba-4c3b-a078-679fcf785bf3,vorname_fehlt,,Nemeth,,True
877f2e19-7903-4eca-b926-33c05aa909ee,vorname_fehlt,,Nesboe,,True
6e003b5a-54c5-4f5b-93bb-af320365de51,vorname_fehlt,,Nesser,,True
058c4c32-67f6-44eb-a34f-90464d6b1a97,vorname_fehlt,,Neubauer,,True
d39dc69a-b82b-402f-aaef-9737367ba16c,vorname_fehlt,,Neudeck,Neudeck,False
4dcb3111-66cd-4490-8e7c-a23f1b8034be,vorname_fehlt,,Neudeck,,True
a1bc686a-e5c7-4cb6-910a-128fdf768fc4,vorname_fehlt,,Neuhauser,Neuhauser,False
62ced5d4-c48a-4a63-8727-246686813b43,vorname_fehlt,,Neville,Neville,False
37856fef-fd11-473f-92fd-03b8de0db8dd,vorname_fehlt,,New,,True
dea19713-3af5-4e21-b54e-60982649a9af,vorname_fehlt,,Newcomb,,True
d54259ba-f28a-48ca-b48c-433f252ec468,vorname_fehlt,,Newcomb,Newcomb,False
b702596f-5c8a-4519-af88-bb2ed93c91c1,vorname_fehlt,,Newitt,,True
02b9b95a-fde3-45d2-bcce-955066701d7c,vorname_fehlt,,Newland,,True
3f95c116-45f6-4bf5-b68e-787d240b1aad,vorname_fehlt,,Newman,,True
9cb58cfb-e046-43f1-9fbd-57bef89289d9,vorname_fehlt,,Niazi-Shahabi,Niazi-Shahabi,False
459bf5c8-b761-47c9-816d-b82b5faa3600,vorname_fehlt,,Niazi-Shahabi,,True
23b102ef-cac2-46c2-9533-a11943d0c940,vorname_fehlt,,Nichol,Nichol,False
082b14d9-6a88-4566-9d8a-fb61307dfdb0,vorname_fehlt,,Nichol,,True
2950defe-e38b-4cfd-9693-381249a02ef8,vorname_fehlt,,Nicholson,Nicholson,False
8e2a1afc-2fd2-49d2-a109-fac05d4b83da,vorname_fehlt,,Nicholson,,True
6c945189-1de6-4b41-b0fd-78a05a89f70c,vorname_fehlt,,Niebelschuetz,Niebelschuetz,False
efa6e20e-23cc-4b75-8a97-4a8a71ce4460,vorname_fehlt,,Niebler,,True
d518594d-a5ad-4d57-b995-133414592f3c,vorname_fehlt,,Niehaus,,True
934b3ae8-6756-43ca-a5f0-31ef74625af2,vorname_fehlt,,Niel,,True
6d572b17-c8e2-4274-8a53-c8611d970fa0,vorname_fehlt,,Niemi,,True
315c75ae-6f63-4364-87d3-bde271bb7b83,vorname_fehlt,,Niessen,,True
5037ec21-3eea-4759-bc1c-5abd18c7a97d,vorname_fehlt,,Nitsch,,True
a9e0fc0a-1b90-4980-a3e0-c0ff83bca178,vorname_fehlt,,Niu,,True
14634f80-201d-48b2-96fd-1e9b0c21ccd2,vorname_fehlt,,Niven,,True
b047f67e-36a9-47ad-9d9f-f439f48c0271,vorname_fehlt,,Noack,,True
9da8b2b0-50f7-4424-8f9b-325e3849a3e3,vorname_fehlt,,Noellke,,True
f8b10cee-ce63-4135-88af-c4a51cfc2389,vorname_fehlt,,Noelter,,True
76660221-0c12-481c-bb5d-271c0b3365ba,vorname_fehlt,,Nolan,,True
3544b565-24b3-4022-9b95-ab0324eaf385,vorname_fehlt,,Noltze,,True
7d21b799-48a8-4dc7-b957-0534d3e36d3c,vorname_fehlt,,Noname,e.l.abel,False
24dedb57-1738-485f-80c6-9e89488c7c25,vorname_fehlt,,Noor,,True
25d910e7-c946-4ca1-9adb-481c27d188e4,vorname_fehlt,,Norden,,True
8d63a36d-d42f-429e-8eb3-28a65082e785,vorname_fehlt,,Nordhoff,,True
1d67709b-c2d2-4f04-9608-663320da0d05,vorname_fehlt,,Noretta,,True
97c10cb9-68a2-40d8-8f5b-6d9194a4cbaf,vorname_fehlt,,Norfolk,,True
22cd3d50-e198-4ac8-aae9-339ada8d4bb1,vorname_fehlt,,North Patterson,North Patterson,False
64a93ea4-3488-4504-a3ca-aca26978280a,vorname_fehlt,,Noske,Noske,False
9be10384-e43a-4b91-9654-7b835d5beaa1,vorname_fehlt,,Noske,,True
bf664d0f-0d9f-4ea0-9cfe-f8a3639b6ffb,vorname_fehlt,,Novak,,True
fc935d64-4692-48d2-b659-a9ac6de7256d,vorname_fehlt,,Nowak,,True
6d18485f-45a6-46d3-b5a2-a7978f0b2a4f,vorname_fehlt,,Nowel,,True
eb6a6e7d-c855-4bea-a63a-1db3ccb88d4b,vorname_fehlt,,Nuebel,,True
d24b4dd1-9383-4059-b657-7b67a17ce580,vorname_fehlt,,Nuhr,,True
f6b7149a-6aca-48c6-bcbf-b84f90321362,vorname_fehlt,,Nunn,,True
3df2248f-005e-4781-a21c-a1018b46d3c0,vorname_fehlt,,Nyary,,True
c5a4ea29-6e0a-4be6-94e9-4ee2e2d8aceb,vorname_fehlt,,Nygaard,,True
27c3b25c-439f-4d74-af41-9c56757fe131,vorname_fehlt,,Obermaier,,True
cff1472e-92e8-4d13-a605-5f5fada69b7e,vorname_fehlt,,Obermeier,,True
5c6ec7e8-9560-4f93-948c-f801d015b5ad,vorname_fehlt,,Obert,,True
082e209b-3562-43e5-85bd-e9a30b5bb030,vorname_fehlt,,Obst,,True
2a93de2b-2cf8-47b4-b7e9-f0d660d22702,vorname_fehlt,,Och,,True
902c43b8-8902-4f9b-ab5b-2149d1b435d1,vorname_fehlt,,Oddie,,True
b42c7c05-e25f-46ae-bb15-47204a66299f,vorname_fehlt,,Odersky,,True
2e9cdb35-4fbf-49ef-8a9d-f85e914834a0,vorname_fehlt,,Oelsner,,True
0c837d16-ae55-4f30-9456-74f409ed6fe6,vorname_fehlt,,Oezdogan,,True
aeafdd21-cc9c-4f50-aea9-8623a22e1eaf,vorname_fehlt,,Ogawa,,True
ffb7adcb-6ed2-4b2d-835a-8f5065643382,vorname_fehlt,,Ohara,,True
94231137-6c8c-4eec-a9f8-4a5d5f808a1b,vorname_fehlt,,Ohle,,True
38cbd7d2-abae-4145-bb76-087db4343400,vorname_fehlt,,Ohlsen,,True
81995390-33c1-4ce1-aaf5-3d4880912246,vorname_fehlt,,Olafsdottir,,True
5b2b5de7-b64f-43be-8586-b6dc2cd22006,vorname_fehlt,,Oliva,,True
eb580525-8aa3-4df1-871b-001625b380d5,vorname_fehlt,,Olivier,,True
d44c2c9b-4325-4e35-b2a5-8fa58b82c03e,vorname_fehlt,,Olsen,,True
acda90ad-1bd6-48a3-a0fa-954ae37503d2,vorname_fehlt,,Olsson,,True
f21778c3-d643-4377-9d93-bb67f5088fd5,vorname_fehlt,,Olvedi,,True
6e0059b6-bdf6-472b-b0d7-36056671c40d,vorname_fehlt,,Ondaatje,Ondaatje,False
b88459bb-c244-4ec9-800e-3f40dc23cf91,vorname_fehlt,,Onken,,True
b576a13f-35af-4435-b74b-c452acf296dd,vorname_fehlt,,Opitz,,True
f4a0905d-6242-4ed4-9398-2bb25c4c67c8,vorname_fehlt,,Orczy,,True
15ceaf99-71f8-419b-b133-028419245059,vorname_fehlt,,Orringer,,True
a311192a-b794-403b-9e85-dabb2988486a,vorname_fehlt,,Orth,,True
3d16c42c-96b0-4cec-a99e-4b94bbefa597,vorname_fehlt,,Orths,,True
a87e05dd-3d56-4099-bdec-1dddb3d0b60e,vorname_fehlt,,Osenger,,True
24ccac98-56e1-4d0c-84f4-9501e77230f2,vorname_fehlt,,Osmond,,True
b3e26650-44b3-48d9-be1f-96c563b5ba6d,vorname_fehlt,,Ostby,,True
efbc79bf-5606-4a57-8abd-ac76740b1374,vorname_fehlt,,Ostrander,,True
598f5b99-aee3-4b12-b2a8-2c24ea620cbf,vorname_fehlt,,Ostrowski,,True
8865733d-a2d2-45cd-9702-82aeeca53ba7,vorname_fehlt,,Ott,,True
120b0361-ea9b-465b-8824-eba8490b85b5,vorname_fehlt,,Oufkir,,True
f29a563a-7182-4b1d-a545-119cc2b9d6d4,vorname_fehlt,,Overholt,,True
b07966a7-3c48-44bc-9277-36bd6b8b1ae8,vorname_fehlt,,Owen,,True
f6494bd2-5ec1-4b55-b2b9-0ec8d1c980a2,vorname_fehlt,,Owens,,True
455af9d9-da24-4bd6-9284-718d05a762da,vorname_fehlt,,Pachl Eberhart,Pachl Eberhart,False
95d04f7a-bf75-4c9c-8ea6-5f61df5439c0,vorname_fehlt,,Packer,,True
22a11095-7a76-4c38-916a-2a0a7d9ba54f,vorname_fehlt,,Paczensky,,True
ea2a7235-9f3c-4f4a-b9d0-c48731976873,vorname_fehlt,,Paes,,True
1d48948c-e00a-4c0a-8d88-a6d9491a89a9,vorname_fehlt,,Paget,,True
81e220c4-1249-409b-918d-c7ed280d3289,vorname_fehlt,,Pahlen,Pahlen,False
04652a41-9bd7-4e1c-bd75-2f1e42132e5d,vorname_fehlt,,Pahlen,,True
27ac5025-19c0-4536-91a2-200d781bf4aa,vorname_fehlt,,Paini,,True
db6373a0-5274-4dd4-be9c-6550a6876609,vorname_fehlt,,Palacio,,True
48789745-2bde-4fa1-a875-d3c296eb9f95,vorname_fehlt,,Palin,,True
7a9547b6-f4e5-437c-9503-46123a6cf0bb,vorname_fehlt,,Palm,,True
406e0bdc-1726-493b-89a8-3c4f906615d2,vorname_fehlt,,Palma,,True
e0008bc3-eb61-4636-a7dd-667221ef2aa6,vorname_fehlt,,Palmen,,True
a3d25858-1063-49ec-94bb-9581e454a49c,vorname_fehlt,,Palmerlee,Palmerlee,False
6fc33555-460f-497b-9eff-a56ba93c9a59,vorname_fehlt,,Pampus,,True
54b17f86-5d8b-4c71-872f-1449c32a9bd9,vorname_fehlt,,Pancol,,True
a8519a0e-d41b-4ac2-931b-79dfa290efe6,vorname_fehlt,,Papini,,True
c408427f-e98a-4622-a0ec-7e8fa5a15a4b,vorname_fehlt,,Parangi,,True
92d58a67-c890-4edb-9755-fcd21756b55c,vorname_fehlt,,Parigi,,True
db9850e6-de2f-4278-a92f-b9696d02fdca,vorname_fehlt,,Park,,True
219272a5-4d56-4cbe-8203-607162666507,vorname_fehlt,,Parker,,True
cfe3d79b-c73b-4fa5-8055-0728ccf48d45,vorname_fehlt,,Parrado,,True
ea3809d5-7be3-4dd1-a544-46c60a919e2b,vorname_fehlt,,Paschke,,True
ebee12e2-bc82-4e9b-a2b5-38296550e4e0,vorname_fehlt,,Pascoe,,True
89b1da94-22a8-4c3e-a80b-0cb79e005f38,vorname_fehlt,,Pasha,,True
efe06e68-d49a-4260-9afc-2447ef5e9cd0,vorname_fehlt,,Patzelt,,True
fee45af6-8897-4da8-9c41-43791340b85b,vorname_fehlt,,Paul,,True
ad1d25ba-dcdc-4791-8401-c5c52026870b,vorname_fehlt,,Paulin,,True
27bdd362-6a3e-4b75-9b5c-26c336b19fe8,vorname_fehlt,,Paulsen,,True
d539b324-3624-4c62-a4c3-e0c4c48475eb,vorname_fehlt,,Paura,,True
8c4f24ce-630e-470b-b45c-52b3a60e2bd5,vorname_fehlt,,Pausder,,True
fb10db17-5407-4dd9-9d5e-bc6be001d790,vorname_fehlt,,Pause,,True
0994bf8f-ad85-49c9-9e2c-3ca077db8983,vorname_fehlt,,Pausewang,,True
ab51668c-e33d-4aa8-be03-03140495a1c8,vorname_fehlt,,Payne,,True
cbb5da06-0819-4d86-aeb5-a4ecb0cd41ad,vorname_fehlt,,Payne,Payne,False
748cc2a1-d3b8-45c1-bf61-006bb5cbfd0b,vorname_fehlt,,Peace,,True
d7fb8efc-56c7-46d3-9fd3-2f0674e34f01,vorname_fehlt,,Pearce,,True
8606d9f0-5b48-479c-a822-f85e5ff98742,vorname_fehlt,,Pears,,True
a9ffa9f6-53ed-4b72-b69d-e004c620fdbf,vorname_fehlt,,Pearson,,True
f91db45c-b935-40b4-a451-c1fc226c07a9,vorname_fehlt,,Peetz,,True
d652f3a7-185d-4bb7-bb43-0ec717d2681d,vorname_fehlt,,Pehnt,,True
68a7c123-4f0b-472d-b81d-1c8e17152ae8,vorname_fehlt,,Peiper,,True
a12c1c4f-9c5b-4974-906b-4592cad0c504,vorname_fehlt,,Pelzer,,True
c956c65b-30c1-4189-b7c4-8df3a32828d3,vorname_fehlt,,Penezkina,,True
1c4bfee3-d446-4e34-ac4b-3b3b416c0e35,vorname_fehlt,,Pennac,,True
e8e43650-f67b-4d3d-b754-4f7573a1802c,vorname_fehlt,,Penny,,True
e5f002cf-2770-44f0-90cf-8d928d75bb78,vorname_fehlt,,Penski,,True
8fd235a5-0c48-4228-9283-e13fbdfd98bc,vorname_fehlt,,Perarnau,,True
725c0c37-a2f0-4cef-9d11-a96f6733765e,vorname_fehlt,,Percy,,True
05cb1d1e-8f0c-4b63-9640-b030195ac932,vorname_fehlt,,Perez,,True
2fba00df-baa7-4ef9-9633-8664d36345f9,vorname_fehlt,,Perlmutter,Perlmutter,False
bc491e01-9214-4422-9591-c9b92ebf1e6c,vorname_fehlt,,Perowne,,True
83d9f4b9-c950-4da8-942e-c36091979d4a,vorname_fehlt,,Perthes,,True
e8db1b0f-74df-45d1-a986-6307c72b3e20,vorname_fehlt,,Peskow,,True
a5f3c5d8-f4ad-49ad-93fb-e0f33136ca22,vorname_fehlt,,Peters,,True
2b51be49-c2ee-43ae-a1ae-02235e59e2d9,vorname_fehlt,,Petersen,Petersen,False
15713b81-dfab-4f08-8f1d-7953c46b9ca1,vorname_fehlt,,Petrik,,True
0bab3e81-6398-434a-9a28-03559d1c2de5,vorname_fehlt,,Petschul,,True
74313f0f-3a95-4560-96ba-ea189cb305ed,vorname_fehlt,,Peyer,Peyer,False
f068bb1e-5ca4-4080-a0d6-3992accbf060,vorname_fehlt,,Peyer,,True
bac038c4-7ce6-4ccb-aa91-71dcf868e5c6,vorname_fehlt,,Peyrefitte,,True
e4cb4a9c-7c37-4a3a-8ec0-2f0489031fe9,vorname_fehlt,,Pfetzer,,True
5f4b4bc8-77da-41a5-97f8-260c435746f2,vorname_fehlt,,Pfrommer,,True
b16d4a56-b765-4767-af87-6e1f23c1defc,vorname_fehlt,,Pf√Ľger,,True
28bfe94d-b8e9-4a6e-9613-46a8de84ab98,vorname_fehlt,,Pham,,True
60fba4b6-a836-4403-8bd6-cec0e5045f14,vorname_fehlt,,Philbrick,,True
37ce88a8-677b-4a4d-8570-dd4169e3b024,vorname_fehlt,,Phillips,,True
26b6e41b-1caa-4fbe-98fc-d21ff809a185,vorname_fehlt,,Piccard,,True
76e170e0-7f6e-41fe-b572-23380bd4adbd,vorname_fehlt,,Picoult,,True
4f13df0f-7445-4849-b66c-55bebb0a7da2,vorname_fehlt,,Pieper,,True
921d4cf8-8d03-4063-bb09-0aa3f07a0378,vorname_fehlt,,Pierce,,True
272cf5d7-5cd6-4012-a654-0b281a870cb3,vorname_fehlt,,Pierson,,True
be2f4c93-09f7-4fe5-8a29-7624b3fab3f9,vorname_fehlt,,Pietzner,,True
ed8ce650-dba3-49ef-a05c-b1648f5141d1,vorname_fehlt,,Piggott,,True
1ef1a61d-4089-4756-acfa-c48611111cc1,vorname_fehlt,,Pileggi,,True
3652b3cb-a808-40c6-9b66-878272480f97,vorname_fehlt,,Pilgrim,,True
2589a3af-e7d2-42ad-809a-e25ca97cc7e7,vorname_fehlt,,Pinaud,,True
b65540da-98ff-44bc-9826-87d4bea1f071,vorname_fehlt,,Pinch,,True
63d8da92-1bf4-4c32-9d98-31754872beb5,vorname_fehlt,,Pinson,,True
1162fe6e-4c24-422b-a175-0f5727cda746,vorname_fehlt,,Piper,,True
fa5ea134-8cd0-4c33-b6e3-97f2db942e6d,vorname_fehlt,,Pirjevec,,True
5ec84d76-738f-4d91-92b9-227c3e9c9dbd,vorname_fehlt,,Pitigrilli,pitigrilli,False
1e2083f6-806c-4ba5-8455-25c9c163e1ea,vorname_fehlt,,Pitt,,True
d68867c0-a7d5-448d-82df-48ad6b56ca28,vorname_fehlt,,Pittorru,,True
aecaa365-3df1-405e-b616-09d30f3a3e81,vorname_fehlt,,Plack,,True
f1b19a9f-3563-45ea-b457-3572ef13724e,vorname_fehlt,,Platon,,True
889c13f4-7339-4f6f-b1eb-96a5c9caccfd,vorname_fehlt,,Platowa,,True
6d00c20f-2747-42cc-a861-d7ec2b252bc0,vorname_fehlt,,Plenzdorf,,True
2c3e78d4-7689-4737-b40c-7f16a2947eb8,vorname_fehlt,,Ploenges,,True
d3026cd1-f4ca-4bd3-8680-c1ff7ff44697,vorname_fehlt,,Plueskow,,True
3f7ce833-8d0b-40bb-bfbc-c971dab264d0,vorname_fehlt,,Podschun,,True
e2c85bfd-3209-4a02-8488-cd7906682b1e,vorname_fehlt,,Poehm,,True
37a8c3ae-ae93-4ea1-9fb3-452effc95e41,vorname_fehlt,,Poertner,Poertner,False
e584dbe8-d30f-4988-8501-14d159869041,vorname_fehlt,,Poetzl,,True
360ff115-17d6-43c5-b8db-1ff087b76dc4,vorname_fehlt,,Pogacnik,,True
2a909342-45e2-4eee-95fa-44ce11070aa1,vorname_fehlt,,Pohl,,True
8a2b4844-ba33-4fa9-937e-43351c156eb9,vorname_fehlt,,Pohlmann,,True
93fbc2b4-2f07-4141-b50f-fa226d419df1,vorname_fehlt,,Poiret,,True
9ef88e25-40d7-447d-a45f-761e23568f05,vorname_fehlt,,Pokos,,True
b9b2005a-e84d-4ae2-9ed5-55bec1dd2dee,vorname_fehlt,,Poles,,True
3bcad460-9d43-4213-99a1-7cbc9a85fba7,vorname_fehlt,,Pollak,,True
b2115efd-e019-41c0-9971-f367fc90c4aa,vorname_fehlt,,Pollmer,,True
4ec4e860-3c28-415f-abfc-1c7fa06a050d,vorname_fehlt,,Polyglott,,True
922e339d-a860-4a46-a8d9-25e287dc7bff,vorname_fehlt,,Ponthier,,True
b8f40825-1dd1-4f17-9a24-f8a5cc0b9a36,vorname_fehlt,,Poole,,True
813b18fc-551b-4a38-b700-2806f434c3a5,vorname_fehlt,,Pope,,True
aa2a146e-0125-4afa-b7dd-d1e14ee7110b,vorname_fehlt,,Popovic,,True
91f55185-e77d-4e96-af3b-a3adb0959e87,vorname_fehlt,,Popp,,True
53689bd7-9d30-48bc-aadc-4e015d118ab8,vorname_fehlt,,Potocki,,True
fd040603-46da-4528-b5fc-061d818c77a1,vorname_fehlt,,Potter,Potter,False
24bea2cb-3d88-419b-bb75-2a625fe0cd39,vorname_fehlt,,Potter,,True
5f5c8c4f-8e2d-4e56-a1a7-9b7a58e7bfa5,vorname_fehlt,,Power,,True
255f7524-cf2a-4010-a7fc-765c2ca0732c,vorname_fehlt,,Powers,,True
2e87bcb8-bc38-4f02-a420-00561e117af5,vorname_fehlt,,Praeauer,,True
21870064-7b44-4fee-a2e9-6640b1ab1bab,vorname_fehlt,,Prasske,,True
a49f64d0-2ef4-4e73-a925-87f87dc274ce,vorname_fehlt,,Prause,,True
a4aae285-1974-4125-8016-afe41e9f7f30,vorname_fehlt,,Prechtl,,True
ac87820a-c335-4f2d-904b-3c09bf317d3b,vorname_fehlt,,Prejean,,True
795e645a-6a25-431b-b6fe-6f14d30502d1,vorname_fehlt,,Pressburger,,True
89e6ac1d-7d03-48d5-bf24-6f973ac1580c,vorname_fehlt,,Pressler,,True
d255fb05-09a4-4e95-8e71-0bd15211b8e7,vorname_fehlt,,Price,,True
5f7fd3a0-0865-459e-a729-9612a2df7b25,vorname_fehlt,,Priol,,True
0085ca89-e11c-4436-b6a9-a91ae6974ee8,vorname_fehlt,,Proese,,True
c16806ef-4089-4354-ae8c-c34673f0ddeb,vorname_fehlt,,Proeve,,True
14238aa1-50ab-48e8-b743-5ef2135de6be,vorname_fehlt,,Pronay,,True
dd97f374-3280-4614-8f1f-86963ea38145,vorname_fehlt,,Pronzini,,True
e4234e9d-0ecb-467f-a328-4954cd3d1089,vorname_fehlt,,Proulx,,True
21639104-3009-4bcb-ad72-f387e4eb436b,vorname_fehlt,,Prus,,True
3484ebe1-2675-496a-a19f-37350e7548d2,vorname_fehlt,,Prutz,,True
2b847c76-7b65-40a1-9a87-cb3e76fb1ecd,vorname_fehlt,,Puertolas,,True
1c90170b-cb43-47c7-96aa-43ce95c98e65,vorname_fehlt,,Puig,,True
795d318e-1c5e-4ac3-ac88-2138999b4f6e,vorname_fehlt,,Puls,,True
2368135a-3e45-475b-a5cc-e9da747e2e9f,vorname_fehlt,,Purdy,,True
2c380fdb-9b9f-4cc6-a5d5-2f46aad232d8,vorname_fehlt,,Pusch,,True
d9f903f6-3ff0-4fb1-9afa-42f409f26e11,vorname_fehlt,,Pym,Pym,False
8ead9e56-b5ca-419f-a902-7cd9313547c5,vorname_fehlt,,Pym,,True
477da230-a77d-4943-905a-0fd27afe390c,vorname_fehlt,,Pyper,,True
b2bfe308-79da-4868-864a-d5a845e06b0c,vorname_fehlt,,Quack,,True
50add9a2-cb18-42a3-97da-f076e6af2d14,vorname_fehlt,,Queen,,True
3c0b8da8-611a-4050-82d5-2bd0faef3770,vorname_fehlt,,Rabanne,,True
ba5ee71f-75b7-483f-bc73-7e5261bf69da,vorname_fehlt,,Rabey,,True
878633b0-239e-4965-bfc8-f795417fed96,vorname_fehlt,,Rabinyan,,True
844f3430-1079-47ec-b16f-01765fb5cc20,vorname_fehlt,,Rachmanowa,,True
16a64727-8856-4904-953d-53a320979cc7,vorname_fehlt,,Rademacher,,True
287ec84a-33aa-4106-8825-379fc6ee3eaa,vorname_fehlt,,Radsinski,,True
67501a52-5b61-4cd9-a273-7698abeabb2b,vorname_fehlt,,Raidt,,True
96ce1f0e-047d-4360-bd6d-e8dea2a35117,vorname_fehlt,,Rainer,,True
19e09109-f0e9-4579-b478-62704dde19d3,vorname_fehlt,,Raittila,,True
8642fd7f-2b5a-4d8a-a498-3da883e9ff9c,vorname_fehlt,,Ralston,,True
252141e1-7deb-44e6-bac5-50b54f754667,vorname_fehlt,,Ramadan,,True
a7986744-b594-41ec-b60b-3cc71d374c63,vorname_fehlt,,Ramge,,True
03b69dab-02ec-41b5-aadd-948d5a8a04d8,vorname_fehlt,,Rammstedt,,True
9158b717-389a-4e77-9c9e-3a28efbf6de7,vorname_fehlt,,Rance,,True
3487669a-0253-4171-8ff3-42c4e5d2cb65,vorname_fehlt,,Rasiel,,True
c2b5b5e2-abe0-4c35-882b-c114f7d249a4,vorname_fehlt,,Raspail,,True
22a4d87e-6633-49a1-a03f-4fcc4b3e29f7,vorname_fehlt,,Rasputin,,True
35bada49-1478-495d-a26b-d212edf89764,vorname_fehlt,,Rassinier,,True
c8f21179-17d3-470f-8c7a-bde1afb20d4d,vorname_fehlt,,Ratelband,,True
665b2f55-3eb0-4a51-9081-b298348d2df0,vorname_fehlt,,Rath,,True
d6a1bd22-1c96-44d9-8154-2f7cad1397d0,vorname_fehlt,,Rathbone,,True
e07da04a-5c26-4f3c-8637-a0174cda9bee,vorname_fehlt,,Rau,,True
7c49fb7a-71e8-45cc-a437-cdad63ebf6ea,vorname_fehlt,,Rauchwetter,,True
679b6e6e-a92c-4d25-b73b-ecc1f8ede9bd,vorname_fehlt,,Rauen,,True
11f41f59-81e9-48af-9f7f-743abbcdb062,vorname_fehlt,,Rausch,,True
c06feb80-9df9-4bc2-9524-9915f5f9ba00,vorname_fehlt,,Raworth,,True
83ced91c-c644-4e0b-b3d5-6d26dde32314,vorname_fehlt,,Ray,,True
a806a3fc-718f-468a-88a5-54779ffcb821,vorname_fehlt,,Rayner,,True
0ecd2178-845e-4219-9842-5ce6dc6ba846,vorname_fehlt,,Readers,,True
74e3ce66-0c11-41d2-adc9-b54b73f1cd3c,vorname_fehlt,,Reage,,True
c0f59243-dce2-4aef-8379-9fb48e1fd609,vorname_fehlt,,Reay-Smith,,True
25a1bf56-0ddb-4403-8664-0e096416923b,vorname_fehlt,,Redline,,True
5f7840a3-d4da-43b7-ac59-8ab0bbfc7f0d,vorname_fehlt,,Redmond,,True
058158b1-6452-4924-a9e4-e842e2128ca9,vorname_fehlt,,Reemtsma,,True
aafb7aad-ff19-4be0-944a-45891213ea14,vorname_fehlt,,Rees,,True
b8357a16-9cc7-43f2-a8c2-8fe8b6716923,vorname_fehlt,,Reeves,,True
a0b0cddb-f19a-4b31-b49c-6c113f6bd940,vorname_fehlt,,Regnier,,True
c1c7c2d4-3edd-4d0c-a3a2-fd9b7c103f17,vorname_fehlt,,Reh,,True
feeaac6b-f365-44d8-a9d6-f702b60aba43,vorname_fehlt,,Rehfeld,,True
6b3763cd-fd1a-4d99-be0d-97ddb7d612b4,vorname_fehlt,,Rehn,,True
ba78f73e-ed7b-4ebd-a0e0-02463af8f43a,vorname_fehlt,,Rehrl,,True
065d4a71-2de6-401b-a5b4-e9d74ea42a02,vorname_fehlt,,Reich-Ranicki,,True
2484100b-e9c5-4fc8-9d27-d7b09177b8d6,vorname_fehlt,,Reichel,,True
debec28c-db80-4ec8-8360-7f72070db931,vorname_fehlt,,Reichelt,,True
e82c0ac7-8e73-4ebf-a59d-117e639a3a55,vorname_fehlt,,Reichert,,True
1c8dfdf4-1060-4f2a-8d9c-712b23ad5d13,vorname_fehlt,,Reichholf,,True
44562372-5186-4c3a-9561-7a90eada887b,vorname_fehlt,,Reif,,True
1054d771-5ba1-41fd-a7aa-8980d8d9959e,vorname_fehlt,,Reilly,,True
fea17d61-161c-498c-95b7-8040a1e15808,vorname_fehlt,,Reinhardt,,True
2ebbbd91-76e7-46d9-bd43-ff0ebce3d02b,vorname_fehlt,,Reinke,,True
e4907728-35f4-4de0-8593-924aa4d7e639,vorname_fehlt,,Reisfeld,,True
ea0c991b-d94e-432f-aaa1-1489297d6565,vorname_fehlt,,Reitz,,True
9b9db804-a9f6-4984-92dc-f45513b92128,vorname_fehlt,,Reng,,True
bacab4ac-93ea-442f-9e6b-82c129c730d9,vorname_fehlt,,Renn,,True
bb1831df-dd95-4bec-a0e6-aad4b86236df,vorname_fehlt,,Repplinger,,True
359ec3b1-5656-4f2e-95ef-0ba1b5acd0ad,vorname_fehlt,,Reski,,True
dd5a8d79-d35e-4d4b-b40d-fbec255e5936,vorname_fehlt,,Ressler,,True
8a1364ee-28cf-4ff0-9e8c-7facd1f4849b,vorname_fehlt,,Revkin,,True
d61f2b9a-6e3b-4103-bbcb-282019339184,vorname_fehlt,,Rey,,True
1ca5acc7-0a5a-4788-b3a4-9024bbb30be6,vorname_fehlt,,Ribeiro,,True
9193a1aa-670e-4267-af2b-4013bbb5cb65,vorname_fehlt,,Ricciuti,,True
931d3b21-55a9-4d63-8d9f-175c73d4769a,vorname_fehlt,,Richard,,True
51bd4221-e65c-4b55-b8e2-9a64b52f9669,vorname_fehlt,,Richards,,True
9b016e1c-4e45-47b8-9dd0-396c29c8595d,vorname_fehlt,,Riches,,True
884cf8a3-0a22-47c0-b9c9-a3a0a7e1c48c,vorname_fehlt,,Richmond,,True
36f19fc3-5be7-4743-b13c-0b13b96a7a78,vorname_fehlt,,Rickman,,True
b7d39325-fb84-4be6-b35b-4c767bd9f1a0,vorname_fehlt,,Riebe,,True
11735f31-260c-40a7-a78d-e073e223af7a,vorname_fehlt,,Riedel,,True
7a3fe970-54e1-4be3-9d7f-c32e68f9d6a3,vorname_fehlt,,Rieger,,True
f42c261f-4e19-4318-ada7-1a0724f41ca6,vorname_fehlt,,Riehl-Heyse,,True
19f7023a-83cf-445a-8e0b-9e82298d5188,vorname_fehlt,,Righini,,True
69d6c54b-54aa-48d0-aa68-251562e49eff,vorname_fehlt,,Riis,,True
b89be062-dc68-4609-8f67-94375b9c1df3,vorname_fehlt,,Riley,,True
62d0ea31-1b3c-4bc4-a98e-d5cfb2bf2a03,vorname_fehlt,,Rilke,,True
8bb28197-3c3a-4c7a-a03a-3267fa238ab2,vorname_fehlt,,Rinpoche,,True
e84ea656-2c2a-4e53-89fc-255bd3752208,vorname_fehlt,,Ripley,,True
2b7b12dd-0fac-47c2-b5bd-e8d5a533b718,vorname_fehlt,,Robb,,True
587c1ebd-0b6d-4449-944b-36a79797e99e,vorname_fehlt,,Robotham,,True
6ff5dd4e-d2d3-4649-a35f-d69e384d7b22,vorname_fehlt,,Roche,,True
a51c45ce-4797-4975-a498-5fc7b7cc5220,vorname_fehlt,,Rochford,,True
b4a95ce1-0f22-4235-8a2a-3c9e21c9d27f,vorname_fehlt,,Roda,,True
a5c45811-4c86-4b8e-bc59-5206eb7c771c,vorname_fehlt,,Roeder,,True
3257cb88-5571-4b81-9151-f6136fe5771d,vorname_fehlt,,Roeder-Gnadeberg,,True
8f4df19f-7f64-4b33-870e-1b2414247309,vorname_fehlt,,Roehl,,True
5628569e-35be-43d5-bf6f-932bde3d5d22,vorname_fehlt,,Roehrig,,True
649721c9-b763-41a9-8828-551f120f76fd,vorname_fehlt,,Roeser,,True
b7f67918-cddb-4d73-9536-9dad17011d85,vorname_fehlt,,Roesler,,True
c51edcf7-0124-4e6f-9044-0b536933f23a,vorname_fehlt,,Roetzer,,True
b299c352-c952-4a23-9ff7-e083c12cac0d,vorname_fehlt,,Rogers,,True
3aeda885-395e-4c0f-b414-93614ae51612,vorname_fehlt,,Rogge,,True
43a1566e-9126-437f-834b-6bf33dca633c,vorname_fehlt,,Rohde,,True
dca3147d-a806-4a3e-9beb-12221bc0b244,vorname_fehlt,,Rohrbach,,True
8b33fc0c-0ad9-4e4b-98fd-6d7dcbc44ebf,vorname_fehlt,,Rohrschneider,,True
b8c4b108-e39d-4f3f-a61e-5bf2b6fe7fac,vorname_fehlt,,Rollins,,True
40c98385-03a2-46c3-a8de-912058f9b1fd,vorname_fehlt,,Roman,,True
c8f505d3-7b9b-439b-91a9-cc83d1a7c295,vorname_fehlt,,Romer,,True
529655ab-bad7-4031-acc5-70fd3fe5641e,vorname_fehlt,,Rong,,True
820929f0-ccd3-409c-9da1-07f92296bd72,vorname_fehlt,,Root,,True
9b6d14a1-b829-4dbf-96ce-95e939b7b537,vorname_fehlt,,Rose,,True
05c2ae4c-fab7-4aa3-9b2e-50f2bbbfacd8,vorname_fehlt,,Rosenberg,,True
24c6cd18-6551-4a64-af51-eff8e8af2bd8,vorname_fehlt,,Rosendorfer,,True
7be7408c-fd06-46a7-853e-4081d27606fe,vorname_fehlt,,Roskelley,,True
235cf556-d4b2-431e-980c-4d7163dc859a,vorname_fehlt,,Rosling,,True
70da0095-feac-4c4f-9b82-cfeea64af1dd,vorname_fehlt,,Rossbach,,True
0aeeaf8e-3ec7-441b-a2c1-78b34a042279,vorname_fehlt,,Rosser,,True
1958cd17-1958-435a-9776-323c4408433b,vorname_fehlt,,Rossmann,Rossmann,False
a3dd38af-2ef7-409c-8bd0-9b79c2c99721,vorname_fehlt,,Rossmann,,True
6956759e-0a10-4959-b650-2d9bedbfae2f,vorname_fehlt,,Rost,,True
b6eed366-da67-45ee-8896-7bde5657a2e9,vorname_fehlt,,Rothkamm,,True
60d98161-41e1-4983-a829-58f74df24c1d,vorname_fehlt,,Rotter,,True
170219a0-7c5d-4dff-90d2-bef599338eac,vorname_fehlt,,Rouilland,,True
5f2ddf01-b30b-4272-b797-ca4a549d265d,vorname_fehlt,,Rowe,,True
b9474b7e-d19d-4645-8197-8a02ed6ecbb6,vorname_fehlt,,Royaumont,,True
39002f60-0d4c-42c1-8649-570d61268b21,vorname_fehlt,,Ruark,,True
a59971a6-5b82-4276-8a65-137defb7cef5,vorname_fehlt,,Rubin,,True
3960ae05-f951-410a-abac-1dfd9dc5ace7,vorname_fehlt,,Rublack,,True
c7de593e-1b5b-41a1-b818-86ee2d43f388,vorname_fehlt,,Rucka,,True
8584556e-df1d-49ba-9a4a-c889ac7a39db,vorname_fehlt,,Rudschies,,True
9b1c5405-e8fa-45e4-8e4a-d6c861f0f69b,vorname_fehlt,,Ruede-Wissmann,,True
08d134a6-d145-4b90-919d-778f9c1dd0ec,vorname_fehlt,,Ruegg,,True
d4a16410-4cbe-4de0-8322-4898bf0135b0,vorname_fehlt,,Rufin,,True
44d257f9-b3de-4fbf-b1d9-0664cfbc6bd0,vorname_fehlt,,Ruiz,,True
6909e03d-bd35-46ab-8e36-ad0264d08dda,vorname_fehlt,,Rulfo,,True
15d5c100-83ae-4c1c-a9ba-299ebccd60d0,vorname_fehlt,,Ruscher,,True
a34570b5-fea9-422e-ba03-fdaa5353082e,vorname_fehlt,,Rushdie,,True
b8891700-3f4e-4816-8d6d-868cf152c098,vorname_fehlt,,Russel,,True
4c864554-6ff7-4666-9f59-e45615b2414a,vorname_fehlt,,Russo,,True
e4e2ff7f-2e0e-482d-9d45-3ac665bc918d,vorname_fehlt,,Rust,,True
e01c24bd-0421-4cde-9dbf-98e989c2bd84,vorname_fehlt,,Rutgers,,True
1fa9cac4-a4cc-431d-948c-09cbb8e08cb9,vorname_fehlt,,Ryad,,True
c310d395-727a-4a46-ac66-74b8838cb793,vorname_fehlt,,Ryan,,True
6828b3d7-00b0-449a-b9ca-cbe2bf0d8c61,vorname_fehlt,,Ryder,,True
0b024108-e83e-4660-af36-f10ad10acdba,vorname_fehlt,,Sa,,True
958b1648-f7e5-45bd-bb6d-228ca8840787,vorname_fehlt,,Saalfrank,,True
e6be153d-a4fb-47c2-8c4b-5776d75ded26,vorname_fehlt,,Sabatina,,True
b241e1f1-40c8-4a01-80e5-d3f2db8811fa,vorname_fehlt,,Sabbag,,True
8c0a0efc-92ec-4fdc-9576-88a9dd291f30,vorname_fehlt,,Sack,,True
b239095c-788f-4c12-875b-c2f430360950,vorname_fehlt,,Sacks,,True
2244e041-ebd2-4105-879b-05d5eebf4202,vorname_fehlt,,Sadat,,True
f86253f0-7135-4c60-b1cd-06854553559c,vorname_fehlt,,Sadler,,True
d26aa8f5-5078-421f-a09b-a4c537d44671,vorname_fehlt,,Sagan,,True
9e8847cc-82af-4ca5-84bc-3814372a93c6,vorname_fehlt,,Sager,,True
1a20a7a4-e6f6-493b-a8f3-1af9a3dddb3e,vorname_fehlt,,Sahgal,,True
2d9660f5-5bc3-42e7-9ab1-31e9a9431555,vorname_fehlt,,Said,,True
a8dd47eb-1f0b-45d4-a03c-432df392867c,vorname_fehlt,,Sailer,,True
021d5e7f-6840-46e2-bdc0-0d7635b1bf6e,vorname_fehlt,,Saillo,,True
1fc8d817-0119-405d-95fa-c0f461db2065,vorname_fehlt,,Sainsbury,,True
4e873bc1-4a86-40d2-a8dd-b30ec11e25a8,vorname_fehlt,,Saint,,True
fa2a8cc3-aac4-4f69-8596-6f90d73f2348,vorname_fehlt,,Saint-Exupery,,True
84a79fe4-4aca-47a0-94f5-7fb9292dde4a,vorname_fehlt,,Salgari,,True
0fd0751c-0903-49a8-96a8-dfa566f9d2b2,vorname_fehlt,,Sallis,,True
7320b7c8-b52d-4063-8a9a-7c8385f02247,vorname_fehlt,,Salmei,,True
2b2c539c-b985-446a-8cf4-0bd23a0ddc7d,vorname_fehlt,,Sampedro,,True
e79fbe16-dbb4-47fd-afc1-beea00d31187,vorname_fehlt,,Sampson,,True
0788a8a4-f67a-4da3-8ad5-f99a20b05e7b,vorname_fehlt,,Samson,,True
437100ff-e1c5-43cb-bb71-a11734f92841,vorname_fehlt,,Samuel,,True
7f086459-df14-48ba-bda0-9eaa38a7fe75,vorname_fehlt,,Sanchez-Canton,,True
6f20f5fe-50f8-47c5-9632-7e1d6112da58,vorname_fehlt,,Sand,,True
d0f7a532-fbc1-4fce-8d34-f93868a34c30,vorname_fehlt,,Sanden,,True
996c863f-b452-4638-a4ae-ff3f54110e6f,vorname_fehlt,,Sander,,True
86726bce-9f63-43c9-8797-200f2f686f8b,vorname_fehlt,,Sanderson,,True
0063aa94-a8f9-4bba-8cf3-5cf633f61d2d,vorname_fehlt,,Sangal,,True
e6dd9ebf-b1b7-4bf1-ae14-31d6d2d10550,vorname_fehlt,,Santiago,,True
38bc5e62-f8a8-4016-86f3-b72719011ff8,vorname_fehlt,,Santini,,True
7f47a165-2533-4fe6-8b3c-ce86832b5590,vorname_fehlt,,Sapir,,True
14cb85e0-6bb0-40d9-8f2c-934f6354d1fd,vorname_fehlt,,Sappl,,True
b60841e0-e2b9-43d0-a33f-612feaa6b730,vorname_fehlt,,Sargent,,True
150eb843-7af5-4ef7-9e6f-3916636ed15d,vorname_fehlt,,Sarif,,True
8d4a8dd1-731b-455b-964a-004a65b8e1d5,vorname_fehlt,,Satyananda,,True
40c635d3-098d-4df1-a26f-fb7d3c8134ff,vorname_fehlt,,Sauer,,True
b5d0bfe6-88c3-4199-b187-09464bab78e9,vorname_fehlt,,Saviano,,True
f5f6d356-fa76-4d44-bc26-1049d0078dfb,vorname_fehlt,,Saxer,,True
94cdc7ce-1f57-4a6b-b026-0ff46398c8c7,vorname_fehlt,,Saylor,,True
8457d680-9eaa-441a-bf09-0bf0ee8f7e9f,vorname_fehlt,,Scalzi,,True
0fa5be0c-c529-4437-9825-cff5293542c8,vorname_fehlt,,Schaab,,True
bdb58a9b-5e3d-4ba3-a556-ed4c9a9ee65d,vorname_fehlt,,Schache,,True
5c7ce43a-edf6-4ec8-8232-9b919226d618,vorname_fehlt,,Schachner,,True
2dcc796f-38ca-4922-8b45-685a9ce80f17,vorname_fehlt,,Schacht,schacht,False
db236edb-58b1-46e4-8f04-21a94d5b71a2,vorname_fehlt,,Schade,,True
5141d608-4b36-41db-81a5-987575a3d0ec,vorname_fehlt,,Schaefer,,True
5ccad47c-5b21-419b-ba1a-884814d78914,vorname_fehlt,,Schaeffer,,True
c166e932-3756-47b1-a579-ebad5281ed64,vorname_fehlt,,Schaeffler,,True
6c803030-e9b8-4996-9486-38eecfd0a49f,vorname_fehlt,,Schaeuble,,True
4cf4419a-f262-4000-a7f9-2ddffbf21b53,vorname_fehlt,,Schalansky,,True
0134d9f8-1348-4207-b4bc-b4e25c08bf03,vorname_fehlt,,Schaper,,True
164ecff0-df90-4cdf-93ab-3d3d7f74c0e1,vorname_fehlt,,Scharf,,True
8887b475-be43-4257-98e4-d73bcd93ce4d,vorname_fehlt,,Scharlau,,True
4f08e327-376e-4700-b542-3c01284bb053,vorname_fehlt,,Scharnagl,,True
164b88b8-5b36-4711-a93e-1dc577f74b7a,vorname_fehlt,,Scheffel,,True
05703607-ee6c-4d62-be16-c143ba62ce2b,vorname_fehlt,,Scheibler,,True
6bd578d8-a234-4453-b57a-ee54e9f1e21d,vorname_fehlt,,Scheidacker,,True
0465cf69-eb77-407b-8153-36793c46615e,vorname_fehlt,,Scheider,,True
d8092fb3-38b1-4c81-9a82-95bd1d2ae170,vorname_fehlt,,Schellenbaum,,True
7e145f5b-9c6a-48f4-9eb8-0f5b5d48f648,vorname_fehlt,,Schenk,,True
3aa6ca0f-1849-4b3b-8ee8-6680fecf10f2,vorname_fehlt,,Schenkel,,True
04f2b953-eedc-4bb1-af9b-91a698339ce4,vorname_fehlt,,Schepping,,True
aba56185-75bd-45d4-8332-aae9ba0fab42,vorname_fehlt,,Scherer,,True
fb221626-ec84-4970-8d8d-52886f6e2834,vorname_fehlt,,Scherf,,True
a7923100-7c2b-41fc-8b94-e9ccc3ce3bfd,vorname_fehlt,,Schetar,,True
cdc4bd94-6a96-495a-96cd-73d598605dfd,vorname_fehlt,,Scheunemann,,True
8cb7c5ad-dfc0-47c3-85f1-966dbf944a83,vorname_fehlt,,Schi-Dscheng,,True
ddb10351-eb28-44e4-84bb-f9c615a8e32a,vorname_fehlt,,Schieder,,True
1effa5b1-55ad-42b6-a237-f250320d61e8,vorname_fehlt,,Schier,,True
b2d0b45d-3e8e-4342-97da-472b367b86d8,vorname_fehlt,,Schiewe,,True
63c159c9-f65e-4e92-8b6f-e2cb04e657d6,vorname_fehlt,,Schilling,,True
cd62ae1e-b9b7-40b4-a237-dcbd2d4996e6,vorname_fehlt,,Schimanek,,True
333f010d-0698-479c-9ea4-0e557d541fd5,vorname_fehlt,,Schimmang,,True
a4022d17-b011-4e6c-a8ce-fafda6645e9d,vorname_fehlt,,Schindler,,True
101828cd-d9c4-41b1-bc0e-67bfb46f6880,vorname_fehlt,,Schlamm,,True
c97ba8ee-9b78-4d03-a39e-bf714a734594,vorname_fehlt,,Schlegel,,True
728a5bd5-c490-478b-b8e3-0899723f2773,vorname_fehlt,,Schlender,,True
1821c5d4-a3c7-47eb-9a84-1592f59618c0,vorname_fehlt,,Schlierf,,True
08fd6458-718c-4d80-b811-30d55f9a2b57,vorname_fehlt,,Schlieter,,True
bce66308-29de-44f7-afb6-5ec5d0cd0f59,vorname_fehlt,,Schlingensief,,True
bb85082b-3ed3-44e8-aaad-6fbd06b7f0a6,vorname_fehlt,,Schloegel,,True
e2ba93c6-7e56-4991-a3c7-efd5820cb78a,vorname_fehlt,,Schloetterer,,True
3655bbf7-611e-42f5-bd5d-aa71cb2d175c,vorname_fehlt,,Schlueter,,True
99372288-14db-4e2d-9229-0a9a58352d37,vorname_fehlt,,Schmalenbach,,True
ad0bad73-0073-48f7-8f16-4633afc6e2e2,vorname_fehlt,,Schmaltz,,True
76c28768-be21-4ffe-aeb6-2ac366850104,vorname_fehlt,,Schmehl,,True
034c502f-1b41-40a9-a650-172a3da29f9f,vorname_fehlt,,Schmeling,,True
e718d835-1416-465c-baf4-a5be716b4031,vorname_fehlt,,Schmelzer,,True
b88fe7ab-797f-4d76-8a9d-e36ee88e312d,vorname_fehlt,,Schmid,,True
f0fa9e5d-4d10-4259-8099-b047170e6c90,vorname_fehlt,,Schmidbauer,,True
763ec672-c12f-41ce-aab9-aa0996d7acd5,vorname_fehlt,,Schmidt-Aleman,,True
fc2137ac-1909-4cd5-bf51-7b52e9ed183e,vorname_fehlt,,Schmidt-Bruemmer,,True
16b61b21-1088-46f8-813f-83ad8479c85d,vorname_fehlt,,Schmidt-Polex,,True
2ec7c897-ad9b-445e-b351-778c1d77df6b,vorname_fehlt,,Schmitz,,True
84b2cd59-888b-45a7-b2c3-8d34d5e7256e,vorname_fehlt,,Schmitz-Draeger,,True
cfb92c4d-d8de-4590-b6e9-6723aa6e86de,vorname_fehlt,,Schmitzer,,True
54d13405-a2cd-4ae3-b8e0-a203833ccb83,vorname_fehlt,,Schmoelzl,,True
aef49f99-4f52-4a9b-a749-2123e599e4ad,vorname_fehlt,,Schnack,,True
fb86196f-d467-4cb8-a993-0006be9842c6,vorname_fehlt,,Schnare,,True
e9a6c8a7-b2be-4c60-a933-ff80602a8fa4,vorname_fehlt,,Schneider,,True
7b3972ba-2fa2-4a47-bdd3-d64e11e51819,vorname_fehlt,,Schneyder,,True
2e54ee14-4bdc-4b8c-b21a-3b0a4fc2fe30,vorname_fehlt,,Schnurre,,True
21a9e069-5dd4-4bed-ace5-9ab636ab9459,vorname_fehlt,,Schoeller,,True
72d2af9a-09bd-4d17-a381-cb2e019ba72a,vorname_fehlt,,Schoellgen,,True
33558c4e-9d14-4ae9-8cdd-97929dc5d19d,vorname_fehlt,,Schoenau,,True
d8111986-3855-4bd3-bc58-0d825076db9b,vorname_fehlt,,Schoenberger,,True
aeb50a0f-1f92-4176-8d43-c950c990ec3a,vorname_fehlt,,Schoenfeldt,,True
15a5d00c-084a-4032-891d-86177c79b18e,vorname_fehlt,,Schoenherr,,True
8bfe563e-84c9-4a7e-ad30-86e538a5fb85,vorname_fehlt,,Schoett,,True
21a99365-b750-4027-848c-75f03a36a26b,vorname_fehlt,,Scholder,,True
2f0c0805-3a60-4076-b696-3ffc3910e16a,vorname_fehlt,,Scholes,,True
21123f2e-ac8c-4789-8297-ee73c30957c0,vorname_fehlt,,Schoy,,True
b471e0bc-cd35-4549-966d-81dd2e07e12a,vorname_fehlt,,Schrader,,True
aff4eaee-2a2c-43ab-8931-05de9705964a,vorname_fehlt,,Schranner,,True
5d042df0-6811-40f8-a0d9-d7bc4d550e84,vorname_fehlt,,Schraven,,True
8ed7e611-b9e5-4974-913e-118955af78bb,vorname_fehlt,,Schroem,,True
f86645f7-6b72-47e1-9ada-049b3374bedc,vorname_fehlt,,Schrottroff,,True
a603bcff-788f-4025-b4b2-dd0aab3bd2a3,vorname_fehlt,,Schubert,,True
edb31b4f-d8c4-4ffd-aa78-5bdfab816401,vorname_fehlt,,Schuetzhofer,,True
d7597023-0723-4d6c-8706-d1c2df53ad60,vorname_fehlt,,Schug-Wille,,True
6658dbe5-1ab8-4336-80d5-c24ce49db7ed,vorname_fehlt,,Schuh-Tschan,,True
8f32af6a-fa90-4a2b-a29a-c67f1913b315,vorname_fehlt,,Schuhbeck,,True
81045f75-3f03-4cb3-8287-6e17efac3fd8,vorname_fehlt,,Schuhmacher,,True
9afb6989-4e46-4904-a9c8-47705a65651a,vorname_fehlt,,Schul,,True
12ab2a78-850f-4277-946f-650550d16b88,vorname_fehlt,,Schuler,,True
95652834-85d4-4aa8-9a59-c052fb05cef7,vorname_fehlt,,Schuller,,True
60e0ce6d-2b42-4c2d-964c-b1765511b28a,vorname_fehlt,,Schulte,,True
26fb74a5-fa90-4e12-bd25-bdd31ccdd6dc,vorname_fehlt,,Schulte-Peevers,,True
0f63a24d-9496-4719-af66-192184c633d4,vorname_fehlt,,Schultz,,True
b7fd3e2d-29f3-481a-a523-944637503a5a,vorname_fehlt,,Schulze,,True
68af3561-9a16-4c85-9997-f253b96f9b00,vorname_fehlt,,Schulze-Marmeling,,True
23988028-67eb-48e1-aa35-6988a5deebaa,vorname_fehlt,,Schumacher,,True
655241af-5e7a-4646-95d3-038501860dfc,vorname_fehlt,,Schumann,,True
48cff12d-c707-4434-b888-a6f747424016,vorname_fehlt,,Schunk,,True
4cc85b64-8b01-4ff1-bbd1-a301f17ff3a5,vorname_fehlt,,Schur,,True
ac45f421-04ba-46be-bc22-def58f4fe028,vorname_fehlt,,Schuster,,True
203952d2-0ce0-47d5-a05d-a4643aa6e93d,vorname_fehlt,,Schwab,,True
2281eb2f-0b83-49bd-8802-1e40b8d6eab9,vorname_fehlt,,Schwaegerl,,True
edf282e8-55cc-455c-8f74-8759ac1acf8b,vorname_fehlt,,Schwan,,True
776edede-263b-4243-9947-56f75824de51,vorname_fehlt,,Schwartz-Nobel,,True
78421562-6e1e-4c54-8d89-7db6af10658a,vorname_fehlt,,Schweder,,True
1fb379c3-b565-464b-abca-8468a8795bf4,vorname_fehlt,,Schweighoefer,,True
349ca06a-c648-4106-aed7-1b4840ead260,vorname_fehlt,,Schwerla,,True
d80d863e-761d-4392-9631-378cf3664e32,vorname_fehlt,,Schwitzer,,True
e6a2fb4f-5aba-4d24-8cc9-76d414762695,vorname_fehlt,,Scofield,,True
66e0ff02-c029-42ca-b494-70b785d61d04,vorname_fehlt,,Scotson,,True
525868a8-7c39-467b-8703-6780993de8e2,vorname_fehlt,,Seagrave,,True
99da74b7-2451-49e5-a33b-15feea389519,vorname_fehlt,,Seal,,True
4ba2149b-134a-4b9d-b09d-1cff16eaceef,vorname_fehlt,,Seale,,True
f60fec94-c16a-495f-bff9-e14d928639a1,vorname_fehlt,,Searls,,True
f61274e6-355a-4157-bbc2-293d47139d16,vorname_fehlt,,Sebald,,True
855e711b-604c-4dbe-aa0f-d202d019909d,vorname_fehlt,,Seder,,True
420dc545-1453-470f-92e4-ab106fd77967,vorname_fehlt,,Sedges,,True
05bfa836-7179-476e-a7d5-cc7d401e0b9f,vorname_fehlt,,See,,True
08c28cab-de5a-4565-bd7a-b6ce5a64506a,vorname_fehlt,,Seerbanenco,,True
c64c9c3a-b3c3-42d8-aff2-452d42aa34df,vorname_fehlt,,Seethaler,,True
db68391b-6ec6-4d55-916b-b2168cecd199,vorname_fehlt,,Seibert,,True
f4aa606d-f664-4f02-9c7d-14c38125cf79,vorname_fehlt,,Seidl,,True
de1b9262-4f57-4c0b-9407-a5e7de38c5a3,vorname_fehlt,,Seiler,,True
668cd347-7b18-40ee-9628-6fd9cfcd8599,vorname_fehlt,,Selio,,True
fceb348f-4ae9-4534-a489-a9dc16c5e298,vorname_fehlt,,Sellers,,True
5b074778-5c02-4dc2-a17f-66f3a51aaad8,vorname_fehlt,,Sellor,,True
b1f97715-e760-42fc-a008-a321ad4fc0b7,vorname_fehlt,,Sellou,,True
63aaa3ed-316f-4a0c-88e0-78dd4153e19d,vorname_fehlt,,Sendker,,True
b5663632-6c9c-4b5d-97f4-433c8e392c89,vorname_fehlt,,Senger,,True
ea5592cd-6090-46ef-88f5-833d750e7499,vorname_fehlt,,Senor,,True
9f184f7d-4a8b-4004-a618-fd20512c568b,vorname_fehlt,,Servan-Schreiber,,True
bfe7e516-674f-4dd7-898a-836128ba26e2,vorname_fehlt,,Seth,,True
215a9ca0-0334-47f8-a2aa-552830e8fa7e,vorname_fehlt,,Sevell,,True
9a30f3d5-69e1-4ea5-be33-67b821d6eac4,vorname_fehlt,,Sevindim,,True
b82d21fd-b8c2-4edf-b7e0-26d6f875ac8c,vorname_fehlt,,Sezgin,,True
b8fe03a2-9c32-4671-af54-63cb2000d951,vorname_fehlt,,Shalev,,True
22a8e491-7f09-4507-8883-4afb215e1c9e,vorname_fehlt,,Shamsie,,True
ef542b73-eed4-4782-9880-b1c1acc69aaf,vorname_fehlt,,Shane,,True
2be96c8f-853c-4633-9f4c-b93b220b03b1,vorname_fehlt,,Sharpe,,True
9f6598bd-bef1-4de2-9c34-4b0e05afbd21,vorname_fehlt,,Sheehy,,True
f1b9b619-9de9-4ca3-bdee-6684f3faf06a,vorname_fehlt,,Sheikh-Dilthey,,True
2b7b00d9-c796-46fa-9e4f-954f4f2b8abf,vorname_fehlt,,Shelby,,True
7f2a40c5-aae0-4bf2-a253-3ea42473257f,vorname_fehlt,,Shem,,True
89354939-04eb-480b-9535-9726472b861e,vorname_fehlt,,Shin,,True
60f717ac-8e58-4084-b8f1-3f19692b740b,vorname_fehlt,,Shoneyin,,True
93345fdd-aefa-4429-a8b2-329f3e427a27,vorname_fehlt,,Shostack,,True
5b05f28f-8a2b-40a7-a75f-a4f19bccd10d,vorname_fehlt,,Shostak,,True
b8581f8d-110c-4042-9e81-62871c936198,vorname_fehlt,,Shpancer,,True
3a74d61b-c80e-4374-a1f2-0d7bc595eace,vorname_fehlt,,Shreve,,True
8b885eb3-fc66-4d70-bbf3-d83fe269e862,vorname_fehlt,,Sick,,True
833d80c5-31d5-426f-a0ce-2c1b33bb4151,vorname_fehlt,,Sidebottom,,True
765d7304-15dc-4fc6-8444-5100cf1472b6,vorname_fehlt,,Sidhoum,,True
933478a7-8d74-42f9-a081-494395c7cc86,vorname_fehlt,,Siebert,,True
75381fc6-45e8-4216-ae51-cb4c5b588e5c,vorname_fehlt,,Siebold,,True
efd6dd6d-ddb8-4ab1-984a-868af2bf0033,vorname_fehlt,,Siege,,True
daec368c-94aa-431b-98aa-ffc35c22dc11,vorname_fehlt,,Sienhiewicz,,True
99d767d8-8f1f-46c0-b3c9-c0988cd90717,vorname_fehlt,,Sienkiewicz,,True
dfbc3a44-0e91-42ce-a7f3-5c1fb5e11fcc,vorname_fehlt,,Sieren,,True
dbed6da4-c9d3-424f-bcf5-b62a57a499d6,vorname_fehlt,,Sievers,,True
5b99dc46-2104-41b7-9ccc-957072f0db19,vorname_fehlt,,Sigmund,,True
ac6cb68a-ccd3-4185-b8c8-b19b1a816ecd,vorname_fehlt,,Sigurdardottir,,True
3563b345-e109-4219-884d-487db1ddffe9,vorname_fehlt,,Silber,,True
59807e2b-75b6-4680-80ea-2ae11059127a,vorname_fehlt,,Silja,,True
20033b02-d0ce-499a-85d9-6371b7602544,vorname_fehlt,,Silver,,True
69be758a-13a2-426e-a311-1823dcc9e94a,vorname_fehlt,,Silverberg,,True
48bceebd-5541-42f5-b041-3808e8b2a8a4,vorname_fehlt,,Simmons,,True
38e1c2c2-9815-4afe-a319-134e9f7adcda,vorname_fehlt,,Simons,,True
2e6d70f9-0a17-4374-9861-57eeb02733cf,vorname_fehlt,,Simsion,,True
7a097d58-6961-46a6-9697-a29ecf197250,vorname_fehlt,,Sindani,,True
b406266c-45a7-49b9-9535-0418f716b886,vorname_fehlt,,Singer,,True
e41da0a2-e7f7-4340-af17-abd536f6df51,vorname_fehlt,,Sinoue,,True
7c518a33-2bce-4c48-a5f2-57e0b2c2b089,vorname_fehlt,,Skidelsky,,True
cbe89e92-2c7a-4a54-a114-b31004b63839,vorname_fehlt,,Skimin,,True
f110d3b6-f79b-45c1-b25c-6b1f60f9175d,vorname_fehlt,,Skuballa,,True
311aa382-b1c3-41ab-8ffd-578a40af6060,vorname_fehlt,,Slesar,,True
71f2ce6f-e8ab-419f-89b2-bb0f465d6da7,vorname_fehlt,,Slocum,,True
05b1d64d-da42-4d05-8dac-2f1d07f149b0,vorname_fehlt,,Slovo,,True
1066d812-409f-4997-b98c-b1c7af475cb7,vorname_fehlt,,Slywotzky,,True
c76b9f8e-4a4e-42ef-b215-4cdd41d44c7f,vorname_fehlt,,Small,,True
445381f9-04d0-45f3-a581-4d0b1a180cc7,vorname_fehlt,,Smith,,True
1c559690-2f78-411d-831b-8f5be7fef504,vorname_fehlt,,Snowden,,True
18c5bd62-2473-4b2c-9a0f-4c36f4b3368c,vorname_fehlt,,Sobisch,,True
45d682b9-b47f-435e-a91d-c85759bc3d3e,vorname_fehlt,,Sobolewski,,True
aeb84aed-de71-407f-890c-00fae7efaeca,vorname_fehlt,,Soederholm,,True
5a396d11-0210-4357-882d-6b8c94c0d0ad,vorname_fehlt,,Soellner,,True
8069ebaa-62c0-46f5-8b9e-bd2cf7db077d,vorname_fehlt,,Sohn,,True
5077426b-44a7-413e-9652-7f4e8ecdc92b,vorname_fehlt,,Sohre,,True
7f2b21ee-ecd2-454c-bb8c-4d52beb63810,vorname_fehlt,,Solomita,,True
29e70d08-359f-42ba-8f7a-42b0c13210c1,vorname_fehlt,,Somtow,,True
d545c3c4-4b30-400f-9eaf-9b53b5881ce3,vorname_fehlt,,Souad,,True
765a0cce-8da0-41a2-bd28-3585582bb74d,vorname_fehlt,,Souljah,,True
f18455a0-d9f0-49bd-9cef-23fc2e3f9d3d,vorname_fehlt,,Souter,,True
680cbab2-c25d-4d84-8692-4ec5acf4f9d8,vorname_fehlt,,Soyener,,True
0188f4d4-d54f-4cee-aef8-30db3c1ddc4e,vorname_fehlt,,Soyka,,True
f27fa0a2-f4c5-4811-a51f-7220a4ea8032,vorname_fehlt,,Sozio,,True
c0ce1938-7b35-42f8-be3c-bd2a8892c6a0,vorname_fehlt,,Spachtholz,,True
4e86d055-e397-4669-915e-5ad37867cf92,vorname_fehlt,,Spain,,True
bbbb9987-3cfd-4c64-ae7f-d50f0a575633,vorname_fehlt,,Spang,,True
87c4a383-ad11-4f26-87aa-f576eeb8fed0,vorname_fehlt,,Spannbauer,,True
2920d089-45c7-4af6-8418-25066e5beb5e,vorname_fehlt,,Spark,,True
3578d27b-117c-42aa-8481-ff6909156a62,vorname_fehlt,,Sparks,,True
d121e932-26e6-4aaa-bbc5-8585679722b5,vorname_fehlt,,Sparnon,,True
7b7feb78-c3e7-46cb-85a6-30f0be637b5e,vorname_fehlt,,Speck,,True
ceea7a0c-14d0-491f-9554-0094730d5628,vorname_fehlt,,Speer,,True
169ef3a3-f35e-411b-9fa1-eb4131f3a47f,vorname_fehlt,,Spencer,,True
2f92fba3-2d01-4fa6-b925-ecd3b3c9f487,vorname_fehlt,,Spender,,True
d00966ba-28a2-41ee-a9ff-7e3c0dbca75b,vorname_fehlt,,Spengler,,True
787d1bea-bdab-4ab1-9154-48d5aeacb1e9,vorname_fehlt,,Sperber,,True
fea10d16-43f3-4fdf-a520-2c5ca7ee642f,vorname_fehlt,,Spiegel,,True
70173027-42a6-4009-83e6-9b875a496536,vorname_fehlt,,Spiegler,,True
625731cf-9aac-488b-a932-2eff26d998c7,vorname_fehlt,,Spielvogel,,True
ce05980d-bf69-4b20-9b67-0572b81b052f,vorname_fehlt,,Spignesi,,True
e4060835-71a8-4b00-a564-cf8f84f6172f,vorname_fehlt,,Spinney,,True
daa8b710-990a-42e1-8e51-3272dda5e79f,vorname_fehlt,,Spitzer,,True
66de4579-3a47-4750-b15e-524ca8557356,vorname_fehlt,,Sponsel,,True
77f00b66-f74d-41a1-814d-905b555c68b9,vorname_fehlt,,Sprenger,,True
050fda16-e56e-48d1-8a81-300db97966ad,vorname_fehlt,,Springer,,True
81b2b13a-0b21-4d1f-b8ff-aad1ff0d4cc3,vorname_fehlt,,Spyri,,True
d6da2edd-ef87-428c-b0e0-e9b6df3157e1,vorname_fehlt,,Sr,,True
1762acdd-1a32-4879-a1d2-12955776a94c,vorname_fehlt,,St,,True
137008aa-954b-45bf-9709-ac0245cd243f,vorname_fehlt,,Stableford,,True
bab7b2af-00ae-4930-be8c-467b6af20fa7,vorname_fehlt,,Stachniak,,True
61663d27-ca22-41a1-aec9-28f3429ee9d9,vorname_fehlt,,Stadtmiller,,True
7a591534-3e7a-4651-a40c-d3a7f0462d08,vorname_fehlt,,Staecker,,True
27d2a565-48a0-483d-9c75-8c19d8865d8c,vorname_fehlt,,Staemmler,,True
f30d7c5d-068d-47d9-9c1d-a55379d42176,vorname_fehlt,,Staffel,,True
98d8fe5a-113e-4688-8c83-ba4bc356b715,vorname_fehlt,,Staller,,True
6d4cc043-ef5d-4ffb-9d17-beda627777dc,vorname_fehlt,,Stalmann,,True
9041e593-4f00-4651-800b-6d35b8447e01,vorname_fehlt,,Stammel,,True
987eb801-6d0a-48cc-a74e-48326d8cefa0,vorname_fehlt,,Stancioff,,True
e6a0cb0f-d228-4fa8-a79d-77b15ca467c9,vorname_fehlt,,Stanley,,True
7a71d30d-ccae-4a1c-96fc-7e60804a64bd,vorname_fehlt,,Stannard,,True
e77bd6e4-283e-4c6c-a8bc-8add4af80636,vorname_fehlt,,Starling,,True
c1d1b1ae-edc5-4177-8c2f-50b684041e54,vorname_fehlt,,Staszko,,True
40babd13-73bb-4b8b-bbc3-65e758bafb5a,vorname_fehlt,,Staut,,True
fee88a3a-9eaa-4b76-ae3e-6ded3ff3a53f,vorname_fehlt,,Stecher,,True
7290e94a-ca13-4006-9878-7e4b2de5782a,vorname_fehlt,,Stefanides,,True
a7f5664c-f027-4b3c-a90c-9c63272b69a2,vorname_fehlt,,Steffens,,True
0c36055f-cbfa-4166-aca9-9bf84486fdfc,vorname_fehlt,,Steiger,,True
7c55923e-79df-4cb1-8fb5-15db9002ce7e,vorname_fehlt,,Stein,,True
345e1e28-c5f7-4d5a-896b-d76f2f911949,vorname_fehlt,,Steinbach,,True
e4c32e4d-deff-47cf-bb88-adb1a58d08ac,vorname_fehlt,,Steinberg,,True
f8d37fa8-9c55-442f-9aa8-b55672570578,vorname_fehlt,,Steinbichler,,True
d74e9571-c65f-49ff-bd68-32e15a5317da,vorname_fehlt,,Steinert,,True
2a3fc177-d259-4eac-9448-5b9834b4276d,vorname_fehlt,,Steinfeld,,True
b6383bba-8dff-4d35-ab0a-a1b17b769828,vorname_fehlt,,Steinfest,,True
b4000392-340f-4b6d-8385-ffb78797048e,vorname_fehlt,,Steingart,,True
c6693eee-b86a-43d2-90ae-7445ee8f3d7d,vorname_fehlt,,Steinhauer,,True
7ff84d18-576b-45a2-ad0c-71c0921ccc6b,vorname_fehlt,,Steinhoefel,,True
93c5e624-8d9d-413a-8c5e-00ddfbcadee9,vorname_fehlt,,Steinhoff,,True
02676173-aab3-4003-b0b1-f64251918611,vorname_fehlt,,Stelocke,,True
72844348-988b-4b3d-99b1-9f634d4aebfd,vorname_fehlt,,Sten,,True
6b2c8b39-9948-448b-8cf9-ff6cbb12fc37,vorname_fehlt,,Stenebo,,True
850066ed-310b-4343-9766-a4b93460ada4,vorname_fehlt,,Stenger,,True
58c8b6e0-d626-426f-b2f5-2e775c6a92b4,vorname_fehlt,,Stephens,,True
301e03d7-1373-4efe-98ff-b8ef645b2d03,vorname_fehlt,,Sterling,,True
8b54ded7-f0d8-4037-b26e-da0e3dbf4675,vorname_fehlt,,Stevens,,True
7711fc42-b409-4f3d-8895-6715df76f9ce,vorname_fehlt,,Steward,,True
cc0ba4bb-dde3-4f06-9b0f-cab66326ec2c,vorname_fehlt,,Stierlin,,True
d2a1bf1a-6a40-47da-9f83-32e30411b7a9,vorname_fehlt,,Stiglitz,,True
9789aa6a-a988-4635-bd5e-7fd4b297ae3b,vorname_fehlt,,Stine,,True
64c22225-9e8c-4462-b8f4-622e60f87d9b,vorname_fehlt,,Stingl,,True
954aa545-0289-47cb-b7d6-f112a9734cc5,vorname_fehlt,,Stirling,,True
4b419066-de91-48ff-af99-27c941552bb6,vorname_fehlt,,Stockett,,True
8584e6c4-bc7d-4a39-840a-2cb1a41924ee,vorname_fehlt,,Stockheim,,True
9df2b530-2db8-4f0e-b4d6-5d455d8589a6,vorname_fehlt,,Stoewing,,True
a38f660c-72c1-47b6-929d-2841108025ea,vorname_fehlt,,Stoker,,True
c1bd26e8-2640-422f-950b-087d5cc28cde,vorname_fehlt,,Stokowski,,True
dc47ff44-6e21-4ac8-8015-da6d1b7d3a7a,vorname_fehlt,,Stout,,True
7a657cf0-b900-4f6c-846e-43ff1af21d9a,vorname_fehlt,,Stratmann,,True
bd4a685b-dde3-4545-917b-512c465ea4c5,vorname_fehlt,,Strayed,,True
82694b24-a5fc-4da9-82cb-a8a79cf19ad9,vorname_fehlt,,Striano,,True
c22b8309-82f0-4673-b986-aeee4bc4f43c,vorname_fehlt,,Strieber,,True
68cdcbcd-cdc7-4ee6-ac7b-3451dc4c684b,vorname_fehlt,,Stripp,,True
c8ce1523-0399-4a3d-8002-cba3c949c175,vorname_fehlt,,Stromberg,,True
a2e10a71-a233-439f-895a-a06c9f817177,vorname_fehlt,,Strotmann,,True
5c1445ea-5f83-450c-8d40-d833c4d6f52d,vorname_fehlt,,Stroud,,True
0af28f5b-1282-416a-a1a0-ef82d06cb77d,vorname_fehlt,,Strout,,True
f1474a71-2e14-40fd-b056-f389384eb7ff,vorname_fehlt,,Strunk,,True
ecf365e2-0053-485e-b701-29f12dd53e2f,vorname_fehlt,,Strunz,,True
d4de2494-bedc-4d6a-bfe4-390d868efea2,vorname_fehlt,,Stuart,,True
fbe264d6-b55f-46c9-b16f-2e8bf44a98e0,vorname_fehlt,,Stuart-Fox,,True
320c0df0-05b4-4e93-a2a1-39ba94e890e5,vorname_fehlt,,Stucki,,True
4ada1b27-f856-4a64-8b0b-95895fb9d7c8,vorname_fehlt,,Stulin,,True
28dd1ef5-7712-49be-b9ed-20c2029d96de,vorname_fehlt,,Stumpf,,True
0d333142-b453-4a06-820c-a5f6cdf3d40c,vorname_fehlt,,Styron,,True
3b8b991b-f0e1-4045-8233-423277c27c29,vorname_fehlt,,Suender,,True
1c5c5eaf-1c93-492e-9a4e-1090be615886,vorname_fehlt,,Suess,,True
a53e2a4e-f21f-43f9-9be6-ff4fdf713be5,vorname_fehlt,,Sullitzer,,True
2c087636-b151-4a04-803f-d7b2277cb61e,vorname_fehlt,,Summ,,True
6d337139-bcb9-48d8-968f-030612bf7b97,vorname_fehlt,,Sundaresan,,True
548ab931-db61-43d6-ac0b-33315a1bcb16,vorname_fehlt,,Susann,,True
c161df56-cc15-462d-8824-dc6428ecdbfa,vorname_fehlt,,Sutcliffe,,True
3b37b641-524c-4abc-8edd-871944e1d004,vorname_fehlt,,Suter,,True
d09ec030-5cdf-4dd0-81ce-01f2eadb055f,vorname_fehlt,,Sutton,,True
8bdea772-682a-4aa0-9f1f-a38dbe14d2d1,vorname_fehlt,,Suzuki,,True
8bf839d3-0c6e-487e-848a-c742598038a3,vorname_fehlt,,Svensson,,True
7f97425f-be76-47a3-aab5-251df94c7d82,vorname_fehlt,,Swaan,,True
4c5e8dac-3558-4838-8113-6185c2c3bdd2,vorname_fehlt,,Swain,,True
854bfae9-1271-4d4f-ba42-7c2939066acf,vorname_fehlt,,Swale,,True
c48f2b1e-988c-4240-adfb-79399c6cba59,vorname_fehlt,,Swann,,True
f0f53a66-3028-4222-97ba-72a2daf760f0,vorname_fehlt,,Swanson,,True
aa3a49c0-89d8-47b0-84bd-3d81411da089,vorname_fehlt,,Swarthout,,True
e1e04b61-23f4-4583-9175-1258bd51a43d,vorname_fehlt,,Swift,,True
e38a2001-8ff4-40fd-8b65-f82b476561a0,vorname_fehlt,,Swoboda,,True
9b4f72b4-cf1d-4362-afc9-a7e10ed721ce,vorname_fehlt,,Sydsaeter,,True
f0f96f86-bcc2-402d-b6f0-d9f53c616bf0,vorname_fehlt,,Sykes,,True
cba7e12b-f1cc-4a84-ba63-8c416455f2ab,vorname_fehlt,,Szava,,True
0106758c-7224-42d5-abe3-a70e5fdc9826,vorname_fehlt,,Szerb,,True
f28042a1-ae84-4229-98d4-d2eb578c3826,vorname_fehlt,,Tacconi,,True
0b3fc5d0-b5b1-4f94-8b65-117bf3314bb4,vorname_fehlt,,Taeschner,,True
eec28e86-61ef-4b07-9e47-a01072a0cc8b,vorname_fehlt,,Talan,,True
e1a2f218-3fe9-40ab-80c2-8dcadd77b890,vorname_fehlt,,Taleb,,True
b8d2a81f-f70c-440a-9d88-f0ceb1f6e8e1,vorname_fehlt,,Tamaro,,True
bc712b8d-6d11-4c44-8d8b-41f4091d08cd,vorname_fehlt,,Tanner,,True
ee775046-de82-4041-9bfc-211cf7e1a457,vorname_fehlt,,Tapie,,True
4af7ccd6-d06e-4525-832b-ef2800ae0ea9,vorname_fehlt,,Tapscott,,True
077e2b6f-7dc0-4074-99c4-e4742c006a06,vorname_fehlt,,Tarara,,True
a344985e-dbcf-4255-a571-61d8fad2cb51,vorname_fehlt,,Tarawneh,,True
ff83f6c5-08dc-4ec3-b5fa-0ba617a927fd,vorname_fehlt,,Teale,,True
f073ccb8-4eb8-4de0-a41d-31eaaeeb1e1c,vorname_fehlt,,Teeuwisse,,True
ff9b5f84-3dfd-413d-88ff-6a3b1a74841b,vorname_fehlt,,Teipel,,True
d752e3fc-a147-433a-bc0a-33470f37c873,vorname_fehlt,,Tell,,True
6376f31d-dd60-46ab-94a9-a7a3b0f975cd,vorname_fehlt,,Tellington-Jones,,True
7baf9d7f-6b58-4367-a44b-032c323c7c8b,vorname_fehlt,,Temple,,True
dc35db60-09a4-49c5-b53f-58d21cc4d351,vorname_fehlt,,Templeton,,True
cafa8ef4-79ee-49cb-a43d-bf177da193ba,vorname_fehlt,,Temudschin,,True
b5eddc99-eafe-41db-bb3d-292c8f6db5f7,vorname_fehlt,,Tenberken,,True
d2628bf9-1255-42c9-b72b-3ce260af1091,vorname_fehlt,,Tepperwein,,True
80c7f4ed-f228-4f12-b59d-3d85ad310778,vorname_fehlt,,Terray,,True
d66ffafa-5614-40dd-9cea-1e48397bccb6,vorname_fehlt,,Terzani,,True
9405e27a-d3b6-4de5-9f91-a07fd70f3171,vorname_fehlt,,Tesch,,True
936db221-0956-46fc-bf23-541edfe98cb1,vorname_fehlt,,Tesche,,True
01eee73b-5a0e-4626-a945-9ed7bbb9e8d1,vorname_fehlt,,test,test,False
a1b3dd7d-6b58-48c3-95ce-97be609d6f62,vorname_fehlt,,Texier,,True
ea9f173f-7c17-42cf-be7c-92e4cb6eda28,vorname_fehlt,,Thal,,True
759c96f1-0330-4686-ba93-0d447c6bcdd1,vorname_fehlt,,Thamm,,True
11a68d40-3704-480a-9066-5147af8747c1,vorname_fehlt,,Thayer,,True
ba51b551-270e-4ae1-8e26-cdf87a65084a,vorname_fehlt,,Theis,,True
ecb6c968-cb3c-4331-b3f2-e4baab71935b,vorname_fehlt,,Thelen,,True
863babf5-1ddd-4d6d-b2f9-f04fa96eaab9,vorname_fehlt,,Thieck,,True
51e3c487-0866-48f9-813c-f324c94fe124,vorname_fehlt,,Thiele,,True
336fb517-9814-4b1a-89f8-d5f64704ae62,vorname_fehlt,,Thiemann,,True
27571cd5-160e-40da-9460-02a56a91a272,vorname_fehlt,,Thiemeyer,,True
8f67083c-7c5c-4fcd-887c-d448eeaad9b3,vorname_fehlt,,Thijssen,,True
2857b274-1ad2-4f0b-bb2c-71baa98825c8,vorname_fehlt,,Thiong'O,,True
e9809450-17eb-4304-9740-b5c3fbfbc6dc,vorname_fehlt,,Thirwell,,True
c9726759-e8e3-461e-84b6-849953dd7c4a,vorname_fehlt,,Thoene,,True
a68b7776-9794-4c59-9496-8a0d2c53bd63,vorname_fehlt,,Thomas,,True
1c33c5f2-dfef-4f9c-8066-65936849448d,vorname_fehlt,,Thor,,True
a651117e-a8a4-4ddb-984c-4e1bb702a422,vorname_fehlt,,Thorn,,True
fa431bc2-4c33-4394-94c9-c631f3a85489,vorname_fehlt,,Thuermer,,True
be8199a9-f537-4bb3-8f20-cb121e4f1d10,vorname_fehlt,,Thunberg,,True
2920dca7-023b-4b4a-a9ee-94c698b6c000,vorname_fehlt,,Thyvold,,True
bc1c736a-7f20-46c6-9c53-d18308b83d28,vorname_fehlt,,Tidyman,,True
f9323c7c-974d-48cc-8242-caa834ed50a9,vorname_fehlt,,Tietz,,True
7a13b6dc-21be-4a8e-85ab-b74fe42c522a,vorname_fehlt,,Tietze,,True
46493b4d-9def-42d5-a9e4-2802a1cc6eae,vorname_fehlt,,Tillmanns,,True
b469dd1a-1bfc-438d-8017-e128210460b4,vorname_fehlt,,Timm,,True
29a117fd-9253-47ba-ba5e-966eaf625545,vorname_fehlt,,Tin,,True
e147ef63-ff49-42f8-95b5-1095489386a3,vorname_fehlt,,Tine,,True
44bfc5ea-a5fc-41f8-ae3f-4bd5b0f0d927,vorname_fehlt,,Tingler,,True
fbb4c30d-2d20-43f4-8318-0120aaa92f9c,vorname_fehlt,,Tisserand,,True
0628223d-0218-4130-93ed-104b044a6bac,vorname_fehlt,,Tobias,,True
38264f23-98c7-4fe0-ae02-71eeac0e96d9,vorname_fehlt,,Toepperwien,,True
1746bc4a-d42d-4b92-9e6a-baecda468e2c,vorname_fehlt,,Toffler,,True
0106084c-77e1-42f1-b5a8-993f8e2e58ac,vorname_fehlt,,Tolle,,True
7e3f57e8-f78a-4aa7-9e8b-49d7b1e33790,vorname_fehlt,,Toman,,True
b47b7735-89c5-4ca3-9846-8ef34cbb952f,vorname_fehlt,,Tomiak,,True
64919178-6cba-4290-af18-53a8cfec6012,vorname_fehlt,,Tomizza,,True
71afc24d-ec93-49d9-98da-a0f8a2eecdaa,vorname_fehlt,,Tong,,True
fc89a367-4ee5-4a3e-a073-67ec0090f226,vorname_fehlt,,Torrigrossa,,True
9ae4a892-137e-4a1c-bbd3-1421d5067e7b,vorname_fehlt,,Torwesten,,True
11f3aaf4-7e9b-4f7f-b92c-e6630ef6db29,vorname_fehlt,,Tracy,,True
ecec0bf1-af63-4ad2-a627-5018989bb050,vorname_fehlt,,Trainito,,True
851cb199-b7a4-4086-a1d6-fb8146563ef2,vorname_fehlt,,Travers,,True
a95a87d5-ec40-4104-a4b9-49f2d5785e1f,vorname_fehlt,,Treffer,,True
dc7993f8-a596-4819-b4f5-8208e74e62fc,vorname_fehlt,,Treutwein,,True
0b2e153a-7146-4e25-8340-49fa87070a55,vorname_fehlt,,Trevanian,,True
c1163bb2-8bfc-4707-bad0-19edcf264939,vorname_fehlt,,Trevisan,,True
f668bc12-6cc9-43a7-b178-aeba90c38a02,vorname_fehlt,,Trinkwalder,,True
f8e98b1e-ec22-40cc-8b9e-041a16d1d6d6,vorname_fehlt,,Trojanow,,True
b8d95c66-24d7-4e25-9d31-b11a27aef7c7,vorname_fehlt,,Trooger,,True
e7d310dc-c469-479d-b14f-719a351bbbc3,vorname_fehlt,,Troost,,True
8009673a-1fdd-45ae-85df-335149201ed4,vorname_fehlt,,Tropper,,True
75e27122-ec38-461d-b40b-01ab4fe1a8b0,vorname_fehlt,,Trowell,,True
539c63d1-a200-43b9-8e9f-0a154cb5a1ce,vorname_fehlt,,Troy,,True
17562e36-d8cc-416d-a5bb-0b94742fa9c9,vorname_fehlt,,Troyat,,True
dccd2e9b-45a9-41e7-9505-6be126e09c90,vorname_fehlt,,Truksnis,,True
ef521aa5-3956-46bc-8f79-2777fb45cca0,vorname_fehlt,,Trump,,True
83094a46-b1ab-4fff-a60e-1deaa00e8c4d,vorname_fehlt,,Tschenze,,True
15474f4d-b2dc-4740-9d0e-4b54ac42584c,vorname_fehlt,,Tschinag,,True
325a4dc1-7e8d-45a2-b918-f5e7a22a9ead,vorname_fehlt,,Tsokos,,True
baf7875e-7bdd-47df-aecb-1068bf18ee31,vorname_fehlt,,Tuck,,True
7ac641ec-f183-4bf1-81d6-2a20a95b9176,vorname_fehlt,,Tuiavii,,True
258def0d-d9d0-4f48-b9d2-ecb2941d680b,vorname_fehlt,,Tukur,,True
13f657e1-9054-4f9f-a624-0ad22b73faee,vorname_fehlt,,Tulavii,,True
0229b0c6-dccf-4eba-b155-dc6409bb740b,vorname_fehlt,,Tully,,True
ebce3dd8-3b57-48e4-bc68-9b80cf510f63,vorname_fehlt,,Turani,,True
91aef0b0-284a-4786-8a20-243aa0650ba5,vorname_fehlt,,Turhan,,True
e0166468-0727-48e3-bfe4-e8d780baee5c,vorname_fehlt,,Tweedie,,True
29cece51-317d-4653-8cc9-1b2b9224b6f3,vorname_fehlt,,Twilfer,,True
1664207a-699a-4e03-a719-5e4268478735,vorname_fehlt,,Tyler,,True
d197a69f-eabb-4c05-84a8-5b140b34077b,vorname_fehlt,,Ueguencue,,True
3806311a-6c26-48cb-9730-5e1e10e3653c,vorname_fehlt,,Ufferfilge,,True
1da0c62d-b597-4473-8c5b-021596de203e,vorname_fehlt,,Ugolini,,True
a7158660-167d-4282-a4a6-f1401d28b683,vorname_fehlt,,Uhlig,,True
bbe42058-5cf0-4079-9187-d59df6f2fdc0,vorname_fehlt,,Ukena,,True
e7384b0e-3006-491f-93c2-89334e44604f,vorname_fehlt,,Ulbrich,,True
19097319-e0c1-4542-868d-2e04d8bbed67,vorname_fehlt,,Uli,,True
71266589-db6c-4976-b240-340fea76710e,vorname_fehlt,,Ullenboom,,True
3905562e-edc1-464d-8773-0bfe774ce5c7,vorname_fehlt,,Ullman,,True
ab3240f7-f3ed-4987-acb3-0deed5a40ef5,vorname_fehlt,,Ullmann,,True
0e5882da-2b43-418d-b2b9-badb5e6d14ed,vorname_fehlt,,Ulrici,,True
e0f46839-3e58-424d-971b-94d3e2eaaf40,vorname_fehlt,,Ummen,,True
40365448-9273-4a7a-9eb4-6160852f8ea2,vorname_fehlt,,Unser,,True
a7ddd7fd-b0aa-41ce-88fb-45d1a3120e4c,vorname_fehlt,,Unsworth,,True
02e4100d-0c92-4f4f-ad89-53dc424e6cd5,vorname_fehlt,,Updike,,True
f09659f4-cd0c-4a8c-b9f5-8acc720a77e6,vorname_fehlt,,Urban,,True
31106985-1496-4c95-ba5e-7997b641a029,vorname_fehlt,,Urquhat,,True
c671c6b7-89b7-455d-b3e4-ec7fcf087ca6,vorname_fehlt,,Uschmann,,True
958d9c28-ff40-4d8d-99ad-d6a3676ecd36,vorname_fehlt,,Vachss,,True
2bf77f35-6a86-4319-967d-872b155f7915,vorname_fehlt,,Vance,,True
b8c15783-7d9e-4d38-9864-8f3a91a84aba,vorname_fehlt,,Vandiemen,,True
8fff958a-5cde-44fb-9d08-763ffc4039cd,vorname_fehlt,,Vanpelt,,True
f994f26c-ac48-45dd-8825-68c7336d475d,vorname_fehlt,,Varesi,,True
05573b9c-f4c1-4f1e-9385-60f43c817266,vorname_fehlt,,Varma,,True
e29267df-bf1f-48d1-9d2f-6dd23951b99a,vorname_fehlt,,Vasas-Brown,,True
78191b7b-5a71-47b1-a61a-abeaf2611cf1,vorname_fehlt,,Vegesack,,True
c43818f7-1ce0-49b1-a55e-7cbb34554076,vorname_fehlt,,Venske,,True
b8d1c93f-cb57-4893-af7f-2e586c68df14,vorname_fehlt,,Venturi,,True
44035d23-a5cb-458b-9a17-8a01ad4b79b4,vorname_fehlt,,Verdi,,True
8cf83761-d368-46ac-a38f-486891d50f99,vorname_fehlt,,Vermes,,True
50f0be17-2c0c-42a0-8897-086626ffadff,vorname_fehlt,,Verollet,,True
f3d98de3-6a6e-43e6-94b7-09fffcea4302,vorname_fehlt,,Versteggen,,True
fd52b292-7e27-440d-81ce-ac9b3280a006,vorname_fehlt,,Veryan,,True
9b9ee9fd-e1fc-425a-af2a-8dfad86fe1cb,vorname_fehlt,,Vester,,True
4071b745-cbfd-4826-92f5-0880d8f67ee6,vorname_fehlt,,Vestner,,True
63c8f06e-4868-4696-b35f-fbbe3f0f49b5,vorname_fehlt,,Vetten,,True
81603fdd-8b3c-4715-82b4-6dda8a91e96b,vorname_fehlt,,Viegas,,True
c886dfc4-88fa-4df5-8ea7-6e214f2115c0,vorname_fehlt,,Viering,,True
a819f7cb-0723-4489-ab09-faa1b2848a45,vorname_fehlt,,Vilar,,True
c89b2814-c5c7-483d-9e62-238443ac1b4a,vorname_fehlt,,Vilcinskas,,True
4aab7c41-1964-40e4-bc0b-3258cd46e09e,vorname_fehlt,,Villaret,,True
32548935-7922-465f-b0e1-711f6ce9e650,vorname_fehlt,,Vine,,True
749ded22-22d0-4fdd-a5a3-56e7f41c8f49,vorname_fehlt,,Vinnai,,True
ec4473b1-f829-471c-8702-aab68051bfb4,vorname_fehlt,,Vissers,,True
a1a340d7-abe2-461b-a218-eb12fdc473e4,vorname_fehlt,,Vlitzkaja,,True
50133106-d4e8-4c86-9740-237f2cade99d,vorname_fehlt,,Voeller,,True
e3735828-b4ed-41c2-8623-ef3e4d621a8c,vorname_fehlt,,Voien,,True
4f06300f-e767-4d4d-b97b-4480220696f0,vorname_fehlt,,Voigt,,True
48bebc3f-bcdf-4b61-8b5a-29db514c5bf9,vorname_fehlt,,Voland,,True
d3eb9d54-69b7-4163-b6af-6349d893f6de,vorname_fehlt,,Vollborn,,True
364a3ddd-22cb-48c8-91a4-381b09b971b4,vorname_fehlt,,Volo,,True
b79f2dee-8e66-413a-9731-c275c02a4e5e,vorname_fehlt,,Volpi,,True
0426d157-0aec-49a0-a204-bcd9fb9b1f70,vorname_fehlt,,Vospernik,,True
317bf6c7-ff94-429e-9331-31bf646f6a22,vorname_fehlt,,Voss,Voss,False
25622aa9-cdba-4293-8ae6-ac05482c0413,vorname_fehlt,,Vuckovacki,,True
3c6e90cb-9205-4b0e-af2b-b48e3be9f4ba,vorname_fehlt,,Waffender,,True
214c0ff0-808e-4e9f-8a31-e69f54ed1759,vorname_fehlt,,Waffender,Waffender,False
f07bd178-991e-471b-a223-e620413d4865,vorname_fehlt,,Wagamese,,True
40394882-d443-491b-a19b-4f5d129ec2c6,vorname_fehlt,,Wagner,,True
f079b1fc-604d-43ae-abc8-d68cdf034ab7,vorname_fehlt,,Wahl,,True
ca576447-591e-4621-a787-d85a0fe86552,vorname_fehlt,,Waigel,,True
d04a9553-ed40-4fb0-a7c1-d4d1ce81a2e9,vorname_fehlt,,Wala,,True
7bf9bae2-d2be-4ef1-aa43-5495844a5c8f,vorname_fehlt,,Walb,,True
72975893-fbc4-4eb6-8935-f4cffc35867b,vorname_fehlt,,Walden,,True
00da048d-2a14-4a40-976f-d95d2dbbd7a9,vorname_fehlt,,Walker,,True
a86ede91-f721-4cf3-bf49-b43d354ed104,vorname_fehlt,,Wallert,,True
903807f6-7fe2-4d3f-a41c-b0a4ad65562a,vorname_fehlt,,Wallis,,True
7cc7013e-3a16-4b87-875d-612909f1d7d0,vorname_fehlt,,Wallner,,True
525d12dd-7020-4f08-87a3-a7995ae28922,vorname_fehlt,,Wallnoefer,,True
6567483b-adb1-4627-b6bd-42955ce2815e,vorname_fehlt,,Walsh,,True
4a6cb362-54d4-4957-a84c-aafd7a83d13a,vorname_fehlt,,Walter,,True
64199be4-8386-406e-9ffc-608350431928,vorname_fehlt,,Wambaugh,,True
f0532e9e-4f5d-4ea9-8637-cf2b321750fe,vorname_fehlt,,Wandl,,True
a5a06335-2f8f-435e-8f01-f90dca527d17,vorname_fehlt,,Wandmaker,,True
ae74d22a-6575-474b-be41-afcda6c51a5b,vorname_fehlt,,Wanninger,,True
ca4afccd-0cd7-4dbf-9a20-909c3f3533d9,vorname_fehlt,,Warden,,True
e340033f-47f5-4164-aef2-f7df1852a6bc,vorname_fehlt,,Wattles,,True
e3936178-c770-487d-a9b8-5d271e0abb80,vorname_fehlt,,Weaver,,True
46c91f4d-8c48-433c-9ab7-d232cfa877bc,vorname_fehlt,,Webi,,True
be7a6198-05ba-416a-a28f-86083cf1cb20,vorname_fehlt,,Webster,,True
358198eb-2a2b-460c-9f2b-240aa6d1fa7b,vorname_fehlt,,Wedel,,True
e501360c-991d-4884-b9a5-e4812ec92781,vorname_fehlt,,Weggel,,True
5c91de0d-81d1-4c96-92e8-bbd8dca8592e,vorname_fehlt,,Wegmann,,True
624bf971-eb61-4c6b-85f1-a6fdcd4c5052,vorname_fehlt,,Weichmann,,True
44993b19-2eaa-4451-8e15-7f2cd3cb8984,vorname_fehlt,,Weidenfeld,,True
cd1318c2-08dd-4bac-af59-d126eabbc864,vorname_fehlt,,Weidenmann,,True
7242e1c7-fd14-4d23-8b87-01a6521e37bc,vorname_fehlt,,Weidmann,,True
830c6500-3888-436b-953c-b8ee4740e7c1,vorname_fehlt,,Weik,,True
9bb2bce2-3567-4c18-99ac-b089adfe8854,vorname_fehlt,,Weil,,True
e88d66df-e771-4780-8185-2971b42e3c79,vorname_fehlt,,Weiler,,True
0b48d903-90d6-453c-9a70-7bc007682052,vorname_fehlt,,Weimer-Langer,,True
10d19b44-580a-4a0d-abdd-6a02a456df76,vorname_fehlt,,Weimert,,True
2098bc4c-899d-48af-bd4a-896b3848d374,vorname_fehlt,,Weingart,,True
67e8b989-8736-47a7-9627-a070530ed741,vorname_fehlt,,Weinstock,,True
ff1de657-27bd-4a2f-b694-f694a563147d,vorname_fehlt,,Weisberger,,True
86fb4906-430f-4ae3-bc49-774ca285a47e,vorname_fehlt,,Weise,,True
19bb5b84-8bce-4a53-be1d-2b5964ea63b4,vorname_fehlt,,Wei√Ü,,True
838fd6ab-1432-4515-932f-8a619ca62be8,vorname_fehlt,,Wekwerth,,True
3038fd59-25b0-4d29-8c1e-3244daf3c067,vorname_fehlt,,Welch,,True
604164c0-ad93-4cba-9379-c15330390ee3,vorname_fehlt,,Weldon,,True
503437a8-ed94-42c5-80b7-ad70e87bc7ab,vorname_fehlt,,Wellems,,True
e4f3fe95-7223-4e45-819d-5c0ddadcb518,vorname_fehlt,,Weller,,True
ac0e828c-f67c-4272-ab6f-8189c3a50b92,vorname_fehlt,,Wells,,True
6a72001b-e4d8-4ee3-875b-3781babc0677,vorname_fehlt,,Welsh,,True
a09f5c24-f293-476c-94bb-77c96022ca22,vorname_fehlt,,Welter,,True
22988881-c169-4542-a3ab-c84ac68398a2,vorname_fehlt,,Wenter,,True
d1380191-2c8c-4e1f-a2c3-c3c9dfa7bf68,vorname_fehlt,,Wentworth,,True
3aaa6088-f161-4ef9-9c61-0656d08c8c60,vorname_fehlt,,Werfel,,True
b16b0a87-2e63-4955-bcc9-44354148c961,vorname_fehlt,,Wernstroem,,True
8a329ab0-75f3-4676-8a0a-b7c068421f37,vorname_fehlt,,Wertheimer,,True
4b0c6c3a-d910-490d-a5da-47daf2f87b69,vorname_fehlt,,Wessels,,True
63b924a5-e577-40dc-b1ef-dc8ff8077baf,vorname_fehlt,,Westall,,True
c428aed5-e6e8-41e5-8abd-10a03866bb18,vorname_fehlt,,Westerwelle,,True
c8493f17-1ecc-4cc9-9560-389276d99ac1,vorname_fehlt,,Westphal,,True
217d4291-6440-41ba-8f2a-1da39c76f490,vorname_fehlt,,Wetscher,,True
5202017d-6558-4cba-9e3a-e5b9ac7b21c3,vorname_fehlt,,Weverka,,True
bd86c124-a677-4b8d-8a42-5bf72ddc546b,vorname_fehlt,,Whitaker,,True
4f48abdc-24cf-4dcc-83e3-8aa012bae881,vorname_fehlt,,Whitelaw,,True
8f1b47b3-801f-44c3-a4cc-31c3f0aef7bd,vorname_fehlt,,Whitemore,,True
15fe373b-05a0-4301-b11d-c1f87ba26cf8,vorname_fehlt,,Whittle,,True
411bcb40-ef71-459a-a3c6-8d63d040e6dc,vorname_fehlt,,Whittock,,True
eb7c82f9-c3c1-4a31-b50a-5fcd93ad9771,vorname_fehlt,,Wich,,True
58867fd1-99c7-43a5-9112-919756c13fc7,vorname_fehlt,,Wickenhaeuser,,True
b8cfe189-2885-4f4e-96c3-937c8f9defee,vorname_fehlt,,Wickham,,True
e7a4e3ed-caee-4295-881a-f8ad552e2087,vorname_fehlt,,Wiechert,,True
130ee0d7-c9cb-42c6-98d0-4c359f33eef6,vorname_fehlt,,Wieck,,True
7597065f-552f-4c90-9ef4-e71aaa8e9d0b,vorname_fehlt,,Wiedeking,,True
770ebddb-3684-4ee5-935d-30eec261b06c,vorname_fehlt,,Wiedemann,,True
7b882e40-e09a-4af3-851b-80e47f62b089,vorname_fehlt,,Wiener,,True
0aaeb940-124b-4925-a707-c3db2f319b87,vorname_fehlt,,Wierz,,True
a4040376-8137-4d3b-88cd-c4610fbf847c,vorname_fehlt,,Wiesemann,,True
f4266097-c86f-4b04-8b9f-2aa53e7fde2c,vorname_fehlt,,Wiest,,True
ec5a6f72-a9f9-4438-8c91-f473406ed633,vorname_fehlt,,Wigge,,True
fd9b729e-5034-4fc5-baff-0d1ce99852c8,vorname_fehlt,,Wiggen,,True
148ce1e4-8cef-464e-9220-6e965e2c4bf4,vorname_fehlt,,Wikstrom,,True
98d7d4bb-3233-4849-a001-174d94652428,vorname_fehlt,,Wildenhain,,True
d30fc675-3264-4648-b448-3d21aad71c0d,vorname_fehlt,,Wilding,,True
75b4bc1c-9aab-4ed9-9b10-c32b65d20c24,vorname_fehlt,,Wildung,,True
b3ef5a87-6b1d-4d28-b429-eb557e7ee07e,vorname_fehlt,,Wilhelm,,True
2247b220-62b3-4466-9f43-defd763065ad,vorname_fehlt,,Wilkerson,,True
18a1e62c-9fe1-433b-a6f0-438c5e077a15,vorname_fehlt,,Wilkinson,,True
e2c6b032-49f0-4759-bbcb-0393e9c6f5c2,vorname_fehlt,,Will,,True
4e091f10-7e99-4fec-af2f-652cfea7f1ce,vorname_fehlt,,Wille,,True
7bd525c6-f983-418d-a561-906cfebcd384,vorname_fehlt,,Williamson,,True
51f0bab6-2b53-4d44-9f89-eeeb9b1ae826,vorname_fehlt,,Willingham,,True
0a697807-a1c6-4255-b0a6-9a0570aef55b,vorname_fehlt,,Willmann,,True
fcec802b-d813-4e87-85f8-4a07718e7f58,vorname_fehlt,,Willschrei,,True
e2a52d03-1be3-462a-b0d7-86fb73c0f415,vorname_fehlt,,Wimmer,,True
cf607e90-2fff-4033-953f-83771a82d4d4,vorname_fehlt,,Wimschneider,,True
468db295-568d-4f39-a2d5-a9f8e745414d,vorname_fehlt,,Winchester,,True
eca2e8df-6296-4841-8973-dfb09792d7e7,vorname_fehlt,,Winnemuth,,True
6cd4db7e-afe0-4136-8711-059375a5d977,vorname_fehlt,,Winsloe,,True
d26f9164-3f36-4072-85e5-059aa7d79334,vorname_fehlt,,Winslow,,True
1d1e3012-43d4-4548-bb62-95508d7e7853,vorname_fehlt,,Winsor,,True
f40e6c32-ffa6-477b-a741-0b0130196f0c,vorname_fehlt,,Winterberg,,True
7f577894-5aca-4b50-aacd-39e018d5d3f4,vorname_fehlt,,Winterfeld,,True
92661672-2aa8-430e-9044-fe7380b756cb,vorname_fehlt,,Winterhoff,,True
4235e223-f686-499b-b341-d0ea8b907878,vorname_fehlt,,Winterhoff-Spurk,,True
a1f54ff4-4a05-45dc-952c-faa1d04ffc07,vorname_fehlt,,Winzer,,True
d74fd008-a8bb-474e-b187-8a0dcaf24995,vorname_fehlt,,Wisnewski,,True
d44a77a3-0b75-4986-93ec-c1a1008618b5,vorname_fehlt,,Wittmann,,True
dff66e17-93e7-4fb3-946c-52f14fc5aed1,vorname_fehlt,,Wlodarek,,True
dc12e615-0626-4e79-aec2-6183856c280f,vorname_fehlt,,Woelk,,True
d354861e-a236-4a3c-a51c-a3c1475f0a95,vorname_fehlt,,Wohlgemuth,,True
b69d41a1-1133-4ed1-a24b-3c9bcf9a18ec,vorname_fehlt,,Wolfe,,True
ba54f7ba-ca19-4f31-a670-b7dc9134157f,vorname_fehlt,,Wolff,,True
326f91ee-0f6c-4803-928e-da9de1870624,vorname_fehlt,,Wolick,,True
44fc5b40-a464-4d29-a59f-0b89f750be93,vorname_fehlt,,Wollenhaupt,,True
d50249eb-743c-442b-a0d2-d80c67f58fb0,vorname_fehlt,,Woller,,True
c5a32df8-2c75-4297-bba1-1254e1f9f798,vorname_fehlt,,Womack,,True
8e81c412-5711-43bd-ac70-4c6fce99ee13,vorname_fehlt,,Woods,,True
0f39d125-edd4-4241-9a88-ba394614c232,vorname_fehlt,,Woolrich,,True
7384faf7-4d29-4e36-80c6-dfed7b2ddfb9,vorname_fehlt,,Worell,,True
6ad655d4-ef54-4351-9eef-0740449bc022,vorname_fehlt,,Woulf,,True
85fd5163-3ff1-45d6-8912-250a44b982c6,vorname_fehlt,,Wrba,,True
7ab7c8bc-ea9a-4bd3-8d21-06f666ff4886,vorname_fehlt,,Wroblewski,,True
28966b78-6756-47b3-8ef8-a50565f2747f,vorname_fehlt,,Wu,,True
0fdd8d8d-3093-47d5-a454-29f09f0b1ceb,vorname_fehlt,,Wuendrich,,True
b2076a05-fe30-4d9f-a912-08ea243e0616,vorname_fehlt,,Wuensche,,True
fed03b19-f738-4111-a821-d64eacdc3d04,vorname_fehlt,,Wulf,,True
c32a8df2-0473-4276-9c0a-64e3303bd33a,vorname_fehlt,,Wulff-Braeutigam,,True
20af6303-9962-4d6b-9cf3-af8ec4466a56,vorname_fehlt,,Wunsch,,True
c01d9634-6edb-496a-a10f-95b29f885fa9,vorname_fehlt,,Wurlitzer,,True
f8d84132-9a49-40e2-97aa-bc54780822b2,vorname_fehlt,,Wustmann,,True
8e552279-be6a-4d99-a207-9a5dbe022ea7,vorname_fehlt,,Wyden,,True
e08d4436-8263-48f9-b8d6-8d4a0dcb2379,vorname_fehlt,,W√∂Tzel,,True
c49c66c2-f631-43b5-b8c6-7764a5cf98ac,vorname_fehlt,,Xingiian,,True
3b9def18-60b9-47fa-88a4-997cfa28f751,vorname_fehlt,,Xinran,,True
a2ec0ad2-feee-4bc2-82ee-6c8be244787c,vorname_fehlt,,Xinxin,,True
92d78714-ab40-46d0-be89-8a5e67cd4bc5,vorname_fehlt,,Xu,,True
d724f681-f3ad-45a2-acbd-be3c9eb8e2a2,vorname_fehlt,,Y,,True
db442530-6258-43dd-a050-e543dddd1d7d,vorname_fehlt,,Yallop,Yallop,False
7bd20002-a1e7-4312-a215-4fc52e33c3ea,vorname_fehlt,,Yalom,,True
1dceb62b-089e-4ea1-944a-df8b76d8f915,vorname_fehlt,,Yamamoto,,True
d3fc6ea5-dd52-4f94-82bc-3220a3f2d936,vorname_fehlt,,Yanagihara,,True
fd65a275-fc1a-4ea8-9d59-59710fe249bf,vorname_fehlt,,Yanagiharra,,True
dec1770c-77e9-45d0-98f4-0e29d767b55a,vorname_fehlt,,Yarger,,True
58902686-0a2f-4f63-a3d6-e9b7f34afe46,vorname_fehlt,,Yerby,,True
87e167d9-bb0f-4126-8dda-af9dd756f65a,vorname_fehlt,,Yi,,True
c5dea112-d731-4d58-911d-cc83ce983c82,vorname_fehlt,,Ying,,True
262cf2ab-217e-40fa-b8f2-36f507b7c7a5,vorname_fehlt,,Yiwu,,True
760414fe-1c01-40df-9175-83fbe4b6b538,vorname_fehlt,,Yogananda,,True
18d1cfea-9ac3-43b9-af65-775021c0d348,vorname_fehlt,,Yogeshwar,,True
8b1abe23-0e03-4375-a26b-9b758a62e3b2,vorname_fehlt,,Yoon-Nam,,True
06e2a10d-9e55-484e-84d4-4e778a891f60,vorname_fehlt,,Yoshida,,True
2d9e7086-3074-46ad-bb5d-699f0712a663,vorname_fehlt,,Yoshikawa,,True
95b99b10-8c7a-4d6b-b6ab-ed191037302b,vorname_fehlt,,Young,,True
bd0ffbb7-4f8a-4504-ad03-5b41492e661e,vorname_fehlt,,Yourcenar,,True
1e9b5276-064c-4bb2-8842-54eed4ae65a0,vorname_fehlt,,Yu,,True
e4410b68-7f7f-4ed7-8bd0-a9072427edb0,vorname_fehlt,,Yuan,,True
0963f7be-7ecf-427b-83a3-4126789da831,vorname_fehlt,,Yuecel,,True
8695ca28-5338-45e7-b3f0-993efcd50156,vorname_fehlt,,Yurk,,True
b3e35704-25c2-429f-a0a8-9aac51d069f1,vorname_fehlt,,Yutang,,True
bd65d8c9-b0a9-4923-b851-7a3b77d3241a,vorname_fehlt,,Zach,,True
79a48552-c42f-4ae2-b2e5-851c8eabdb96,vorname_fehlt,,Zacker,,True
2ed67526-5cc8-4fd9-80c2-4133e632e3ac,vorname_fehlt,,Zaimoglu,,True
c47db105-8a6f-4f20-a709-8e6a2885561f,vorname_fehlt,,Zaimogul,,True
5aaaf454-32d5-42fe-8ac6-47135c7635d0,vorname_fehlt,,Zampounidis,,True
0d3748ab-7f57-4be6-9be8-da4aeed76188,vorname_fehlt,,Zargaran,,True
e166bb1b-5ac9-4ac2-ad17-41823d9d8ba8,vorname_fehlt,,Zaroulis,,True
8ebc1668-d4c5-4c63-9a6d-f71d70dcb652,vorname_fehlt,,Zebothsen,,True
8178b255-755c-42ad-ae3c-010dec2310dc,vorname_fehlt,,Zechmeister,,True
e4913d38-dd41-4510-bf0d-36c7994ef220,vorname_fehlt,,Zeffirelli,Zeffirelli,False
923129b9-059f-4f62-9be5-4184e0c67602,vorname_fehlt,,Zeffirelli,,True
e38e6713-30e2-48c1-8a46-f612a0224640,vorname_fehlt,,Zeh,,True
d0bfda64-6883-4598-b3a9-0c9a3a6032e2,vorname_fehlt,,Zeller,Zeller,False
bc198f2b-5606-4605-90f7-f1e798325726,vorname_fehlt,,Zeller,,True
bf23ed55-1bd6-4a0d-bb2b-0970b0f74ed7,vorname_fehlt,,Zeman,,True
62348afc-d4a8-43e2-89ec-354ca1b72015,vorname_fehlt,,Zencey,,True
2d3e348b-24fe-451b-97a6-3e7e188bb518,vorname_fehlt,,Zevin,,True
66599383-f950-43ec-9693-e5cdceb51dd0,vorname_fehlt,,Zhang,,True
1fb70d0d-8972-47b5-ac3f-50116c20b42d,vorname_fehlt,,Zich,,True
e9077a59-e26e-4770-900c-200019c6ea13,vorname_fehlt,,Ziemann,,True
39cb8452-3fff-45f4-8be2-874a373a7670,vorname_fehlt,,Zillo,,True
0dc4543d-0f42-4d06-b940-833d769c0dae,vorname_fehlt,,Zimmer,,True
b4d50ed6-8167-40e8-8064-987e72080694,vorname_fehlt,,Zindell,,True
677da302-3f23-4574-86b7-f376916e2639,vorname_fehlt,,Zippelius,,True
c3ca6d04-999c-4cd9-b59a-4f2a06b8d4d3,vorname_fehlt,,Zm.,Zm.,False
0be5adfb-b327-4e30-9647-5d29fb0df28e,vorname_fehlt,,Zoepfl,,True
5911f683-a824-416d-b4ba-a230cb9eb31a,vorname_fehlt,,Zoller,,True
8fc8b6ba-8fe1-4a54-9034-b0d651984eb4,vorname_fehlt,,Zurhorst,,True
d6f192b8-e303-4a4a-ba1e-269a3142d830,vorname_fehlt,,Zusak,,True
d23d60ff-9763-44ee-a6b2-3eda72bfbf8f,vorname_fehlt,,Zwerenz,,True
c4c32168-0441-4bbb-b37c-cfcf41030d70,vorname_fehlt,,Zzz,,True
8ca69071-3c22-4fd5-be86-748318db2f5c,vorname_fehlt,,徹子·黒柳,徹子·黒柳,False
