alt;neu;art;sprache;manuell_korrigiert;unsicher_wegen
... ausser man tut es;... außer man tut es;umlaut;de;;N?außer
1000 tips selbstaendige;1000 Tips Selbständige;umlaut;de;;Selbständige
111 gruende frankreidch;111 Gründe Frankreidch;umlaut;de;ja;Gründe ?Frankreidch
111 orte muenchen;111 Orte München;umlaut;de;ja;Orte
150 buchhaendlerischer tradition;150 Buchhändlerischer Tradition;umlaut;de;;~buchhändlerischer
168 roemerzeit;168 Römerzeit;umlaut;de;;~römerzeit
400 inspirierende reisen;400 inspirierende Reisen;case;de;;Reisen
abd-el-kader;Abd-El-Kader;case;de;;?Abd ?El
abessinier;Abessinier;case;de;;?Abessinier
adragars;Adragars;case;de;;?Adragars
aerzte grossen;Ärzte großen;umlaut;de;;N?großen
agentterrorist;Agentterrorist;case;de;;?Agentterrorist
aischa;Aischa;case;de;;?Aischa
akte rosenthal;Akte Rosenthal;case;de;;?Rosenthal
alexia;Alexia;case;de;;?Alexia
alienor;Alienor;case;de;;?Alienor
altaegyptische;Altägyptische;umlaut;de;;~altägyptische
altbayrische;Altbayrische;case;de;;?Altbayrische
amande;Amande;case;de;;?Amande
amantha;Amantha;case;de;;?Amantha
amazonas wildnisse;Amazonas Wildnisse;case;de;;?Wildnisse
amazonien;Amazonien;case;de;;?Amazonien
anamur;Anamur;case;de;;?Anamur
anangula;Anangula;case;de;;?Anangula
anathem;Anathem;case;de;;?Anathem
anatolische;Anatolische;case;de;;?Anatolische
anatolischer;Anatolischer;case;de;;?Anatolischer
anatomica;Anatomica;case;de;;?Anatomica
anaxandra;Anaxandra;case;de;;?Anaxandra
anden wildnisse;Anden Wildnisse;case;de;;?Wildnisse
andi;Andi;case;de;;?Andi
arbeit halbe;Arbeit halbe;case;de;;N?halbe
arcanum;Arcanum;case;de;;?Arcanum
archaelogie einfuehrung;Archälogie Einführung;umlaut;de;;~archälogie
arche acali;Arche Acali;case;de;;?Acali
arcimboldo;Arcimboldo;case;de;;?Arcimboldo
arm reich;Arm reich;case;de;ja;Reich
armregiert;Armregiert;case;de;;?Armregiert
arpael;Arpael;case;de;;?Arpael
artgereicht freiheit;Artgereicht Freiheit;case;de;;?Artgereicht
arthrose-luege;Arthrose-Lüge;umlaut;de;;Lüge
arturos;Arturos;case;de;;?Arturos
arzt vorbei weg;Arzt vorbei Weg;case;de;;Weg
ascanio;Ascanio;case;de;;?Ascanio
asja;Asja;case;de;;?Asja
assyrer;Assyrer;case;de;;?Assyrer
aufbruch maasai;Aufbruch Maasai;case;de;;?Maasai
auferstehung toten;Auferstehung Toten;case;de;;Toten
aufgehende sonne;Aufgehende Sonne;case;de;;Sonne
aufgeputscht abgefahren;Aufgeputscht abgefahren;case;de;;?Aufgeputscht N?abgefahren
augen erde;Augen Erde;case;de;;Erde
aukmerfsamkeit;Aukmerfsamkeit;case;de;;?Aukmerfsamkeit
aum;Aum;case;de;;?Aum
ausgeflippt;Ausgeflippt;case;de;;?Ausgeflippt
ausgeliebt;Ausgeliebt;case;de;;?Ausgeliebt
ausgetraeumt;Ausgeträumt;umlaut;de;;~ausgeträumt
aussichten alter;Aussichten Alter;case;de;;Alter
aysche;Aysche;case;de;;?Aysche
azkaban;Azkaban;case;de;;?Azkaban
baader;Baader;case;de;;?Baader
bain;Bain;case;de;;?Bain
bali lombok;Bali Lombok;case;de;;?Lombok
barawitzka see amazonen;Barawitzka See Amazonen;case;de;;?Barawitzka
barschel;Barschel;case;de;;?Barschel
bartholy;Bartholy;case;de;;?Bartholy
batimaeus;Batimäus;umlaut;de;;~batimäus
batmans;Batmans;case;de;;?Batmans
beginenfeuer;Beginenfeuer;case;de;;?Beginenfeuer
berg legende;Berg Legende;case;de;;Legende
berge ewiges;Berge ewiges;case;de;;N?ewiges
bergsuechtig;Bergsüchtig;umlaut;de;;~bergsüchtig
besser reden schreiben;Besser reden schreiben;case;de;ja;Reden Schreiben
bhagwan;Bhagwan;case;de;;?Bhagwan
bibliothek verlorenen;Bibliothek verlorenen;case;de;;N?verlorenen
billionenpoker;Billionenpoker;case;de;;?Billionenpoker
bint-anat;Bint-Anat;case;de;;?Bint ?Anat
birma;Birma;case;de;;?Birma
bitterschokolade;Bitterschokolade;case;de;;?Bitterschokolade
bittersuesse schokolade 1;Bittersüsse Schokolade 1;umlaut;de;;~bittersüsse
blaue leuchten;Blaue Leuchten;case;de;;Leuchten
blind date leben;Blind Date Leben;case;de;;Leben
boehm;Böhm;umlaut;de;;~böhm
boehm filme leben;Böhm Filme Leben;umlaut;de;ja;~böhm Filme Leben
bonga;Bonga;case;de;;?Bonga
borina;Borina;case;de;;?Borina
boxershorts;Boxershorts;case;de;;?Boxershorts
braskowka;Braskowka;case;de;;?Braskowka
brehm;Brehm;case;de;;?Brehm
bretagne;Bretagne;case;de;;?Bretagne
briefe unbeherzten;Briefe Unbeherzten;case;de;;?Unbeherzten
briest;Briest;case;de;;?Briest
brinkmanns leben;Brinkmanns Leben;case;de;;?Brinkmanns Leben
brose;Brose;case;de;;?Brose
bruder kain;Bruder Kain;case;de;;?Kain
bts superstars;BTS Superstars;case;de;ja;?Bts
buddenbrooks;Buddenbrooks;case;de;;?Buddenbrooks
buecherfluesterin;Bücherflüsterin;umlaut;de;;~bücherflüsterin
burkina;Burkina;case;de;;?Burkina
byranz welt;Byranz Welt;case;de;;?Byranz
caesaren;Cäsaren;umlaut;de;;~cäsaren
camphill fuenzig seelenpflege;Camphill Fünzig Seelenpflege;umlaut;de;;?Camphill ~fünzig
canaris;Canaris;case;de;;?Canaris
cantus;Cantus;case;de;;?Cantus
carb 100 formel;Carb 100 Formel;case;de;;?Carb
carcassone;Carcassone;case;de;;?Carcassone
carcassonne;Carcassonne;case;de;;?Carcassonne
carrick;Carrick;case;de;;?Carrick
caxamalca;Caxamalca;case;de;;?Caxamalca
centurio;Centurio;case;de;;?Centurio
champagnerkoenigin;Champagnerkönigin;umlaut;de;;~champagnerkönigin
chikara;Chikara;case;de;;?Chikara
china erfahren;China erfahren;case;de;ja;Erfahren
china liebte;China liebte;case;de;;N?liebte
chiron verbindung planeten;Chiron Verbindung Planeten;case;de;;?Chiron
chronist winde;Chronist Winde;case;de;;Winde
cixi;Cixi;case;de;;?Cixi
copykill;Copykill;case;de;;?Copykill
corrupcion;Corrupcion;case;de;;?Corrupcion
cosa nostra;Cosa Nostra;case;de;;?Cosa ?Nostra
costa;Costa;case;de;;?Costa
couchsurfing;Couchsurfing;case;de;;?Couchsurfing
crashtest;Crashtest;case;de;;?Crashtest
cryptonomicon;Cryptonomicon;case;de;;?Cryptonomicon
dackelblick;Dackelblick;case;de;;?Dackelblick
dai-sho;Dai-Sho;case;de;;?Dai ?Sho
damalstuer;Damalstür;umlaut;de;;~damalstür
dawuds traum;Dawuds Traum;case;de;;?Dawuds
dente;Dente;case;de;;?Dente
depesche jenseitz;Depesche Jenseitz;case;de;;?Jenseitz
diabolus;Diabolus;case;de;;?Diabolus
dingsda dingenskirchen;Dingsda Dingenskirchen;case;de;;?Dingsda ?Dingenskirchen
dionysos;Dionysos;case;de;;?Dionysos
dismas;Dismas;case;de;;?Dismas
djin;Djin;case;de;;?Djin
dolittle;Dolittle;case;de;;?Dolittle
donut;Donut;case;de;;?Donut
drei einer zuviel;Drei einer zuviel;case;de;ja;N?einer ?Zuviel
drei zuviel;Drei zuviel;case;de;ja;?Zuviel
dschungel mittelamerikas wildnisse;Dschungel Mittelamerikas Wildnisse;case;de;;?Wildnisse
du  ganze leben;Du  ganze Leben;case;de;;Leben
duddits dreamcatcher;Duddits Dreamcatcher;case;de;;?Duddits ?Dreamcatcher
dulaba;Dulaba;case;de;;?Dulaba
duma;Duma;case;de;;?Duma
eagletrap;Eagletrap;case;de;;?Eagletrap
eboli;Eboli;case;de;;?Eboli
ecstasy romanzen chemischen;Ecstasy Romanzen chemischen;case;de;;N?chemischen
efeubaum;Efeubaum;case;de;;?Efeubaum
einander lieben;Einander lieben;case;de;ja;Lieben
einfach oeko;Einfach Öko;umlaut;de;ja;?Oeko
einsamer flucht dunkel;Einsamer Flucht dunkel;case;de;;Flucht
einzige reise;Einzige Reise;case;de;;Reise
ekkehard;Ekkehard;case;de;;?Ekkehard
eleni;Eleni;case;de;;?Eleni
eltern grenzen;Eltern Grenzen;case;de;;Grenzen
eltern locker;Eltern locker;case;de;;N?locker
elyas;Elyas;case;de;;?Elyas
empoerer;Empörer;umlaut;de;;~empörer
engel armen;Engel Armen;case;de;;Armen
enkop;Enkop;case;de;;?Enkop
enstalinisierung;Enstalinisierung;case;de;;?Enstalinisierung
entraetselte tierwelt;Enträtselte Tierwelt;umlaut;de;;~enträtselte
entzuendeten licht;Entzündeten Licht;umlaut;de;;Licht
eragon;Eragon;case;de;;?Eragon
erde retten;Erde retten;case;de;ja;Retten
erlebnisparks;Erlebnisparks;case;de;;?Erlebnisparks
erlebtes erfahrenes erforschtes;Erlebtes Erfahrenes Erforschtes;case;de;ja;N?erfahrenes N?erforschtes
eros thanatos;Eros Thanatos;case;de;;?Thanatos
erstgeborene;Erstgeborene;case;de;;?Erstgeborene
etruskische;Etruskische;case;de;;?Etruskische
etruskische leopard;Etruskische Leopard;case;de;;?Etruskische
eugen;Eugen;case;de;;?Eugen
eukalyptus;Eukalyptus;case;de;;?Eukalyptus
europ;Europ;case;de;;?Europ
ewige leben;Ewige Leben;case;de;;Leben
ewige licht notre;Ewige Licht Notre;case;de;ja;Licht ?Notre
faehrte steppenwolfs;Fährte Steppenwolfs;umlaut;de;;?Steppenwolfs
faellt fliegen;Fällt Fliegen;umlaut;de;;Fliegen
faenden liebe;Fänden Liebe;umlaut;de;;Liebe
falschen koerper gefangen;Falschen Körper gefangen;umlaut;de;;N?gefangen
falschen zeit ort;Falschen Zeit Ort;case;de;ja;Zeit
falsches spiel;Falsches Spiel;case;de;;Spiel
fang leben;Fang Leben;case;de;;Leben
fantaghiro;Fantaghiro;case;de;;?Fantaghiro
farben dunkels;Farben Dunkels;case;de;;?Dunkels
fast perfektes leben;Fast perfektes Leben;case;de;;Leben
faszinosum;Faszinosum;case;de;;?Faszinosum
feine erben;Feine Erben;case;de;;Erben
feng;Feng;case;de;;?Feng
fettloeserin;Fettlöserin;umlaut;de;;~fettlöserin
feuer brannte;Feuer brannte;case;de;;N?brannte
feuer glenallen;Feuer Glenallen;case;de;;?Glenallen
finanzgeschichte geschrieben;Finanzgeschichte geschrieben;case;de;;N?geschrieben
finzi;Finzi;case;de;;?Finzi
flirt-angriff;Flirt-Angriff;case;de;;Angriff
flirtattacke;Flirtattacke;case;de;;?Flirtattacke
florentinerin;Florentinerin;case;de;;?Florentinerin
fluch boesen tat;Fluch bösen Tat;umlaut;de;;Tat
fluss dazwischen;Fluss dazwischen;case;de;;N?dazwischen
frau  bedarf;Frau  Bedarf;case;de;;Bedarf
frau tueren rannte;Frau Türen rannte;umlaut;de;;N?rannte
frauen kriegen;Frauen Kriegen;case;de;;Kriegen
frauen liebe;Frauen Liebe;case;de;;Liebe
frauen lieben;Frauen Lieben;case;de;;Lieben
frauen morden;Frauen Morden;case;de;;Morden
frauen wissen schlagen;Frauen Wissen Schlagen;case;de;;Wissen Schlagen
freiheit weh;Freiheit weh;case;de;ja;Weh
freundesland;Freundesland;case;de;;?Freundesland
frevlerhand;Frevlerhand;case;de;;?Frevlerhand
frustig;Frustig;case;de;;?Frustig
fubi;Fubi;case;de;;?Fubi
futebol;Futebol;case;de;;?Futebol
ganesh neue welt;Ganesh neue Welt;case;de;;?Ganesh
ganzheitlich heilen homoeopathie;Ganzheitlich heilen Homöopathie;umlaut;de;ja;Heilen
gardasee;Gardasee;case;de;;?Gardasee
garou;Garou;case;de;;?Garou
gebrandmarkt deutschstaemmige mason;Gebrandmarkt Deutschstämmige Mason;umlaut;de;;~deutschstämmige
gedisst;Gedisst;case;de;;?Gedisst
geheimen frauen segi;Geheimen Frauen Segi;case;de;;?Segi
geierkrieger;Geierkrieger;case;de;;?Geierkrieger
gelber mond steppe;Gelber Mond Steppe;case;de;ja;N?steppe
gelingens;Gelingens;case;de;;?Gelingens
gerron;Gerron;case;de;;?Gerron
geschichte liebe;Geschichte Liebe;case;de;;Liebe
geschichten segler gustaf;Geschichten Segler Gustaf;case;de;;?Gustaf
geschichtenverkaeufer;Geschichtenverkäufer;umlaut;de;;~geschichtenverkäufer
gesund bleiben;Gesund bleiben;case;de;;N?bleiben
gesundheit alter;Gesundheit Alter;case;de;;Alter
gier adac;Gier ADAC;case;de;ja;?Adac
gilgamesch;Gilgamesch;case;de;;?Gilgamesch
giovese;Giovese;case;de;;?Giovese
giri;Giri;case;de;;?Giri
girifalco;Girifalco;case;de;;?Girifalco
giulia;Giulia;case;de;;?Giulia
gladiatorin;Gladiatorin;case;de;;?Gladiatorin
glasblaeserin murano;Glasbläserin Murano;umlaut;de;;?Murano
goetter lieben;Götter Lieben;umlaut;de;;Lieben
goldene schloss;Goldene Schloss;case;de;;Schloss
goldhorus;Goldhorus;case;de;;?Goldhorus
goldwascher;Goldwascher;case;de;;?Goldwascher
golf reisen;Golf Reisen;case;de;;Reisen
gondeln trauer;Gondeln Trauer;case;de;;Trauer
gral erben;Gral Erben;case;de;;Erben
grimaldi;Grimaldi;case;de;;?Grimaldi
grosse los;Große Los;umlaut;de;;Los
grossklockner;Grossklockner;case;de;;?Grossklockner
guardiola;Guardiola;case;de;;?Guardiola
guerillas;Guerillas;case;de;ja;~gürillas
gullivers;Gullivers;case;de;;?Gullivers
gurdel;Gurdel;case;de;;?Gurdel
habe dies leben;Habe dies Leben;case;de;;Leben
haette verhalten;Hätte Verhalten;umlaut;de;;Verhalten
hakima;Hakima;case;de;;?Hakima
hand spiegel gesundheit;Hand Spiegel Gesundheit;case;de;ja;Spiegel
hanis;Hanis;case;de;;?Hanis
harold einzlkind;Harold Einzlkind;case;de;;?Einzlkind
hatscheput;Hatscheput;case;de;;?Hatscheput
heerlager;Heerlager;case;de;;?Heerlager
heiratschwindlerin;Heiratschwindlerin;case;de;;?Heiratschwindlerin
hellesta;Hellesta;case;de;;?Hellesta
henkerstochter;Henkerstochter;case;de;;?Henkerstochter
henkerstochter teufel bamberg;Henkerstochter Teufel Bamberg;case;de;;?Henkerstochter
herrin luege;Herrin Lüge;umlaut;de;;Lüge
herzenhoeren;Herzenhören;umlaut;de;;~herzenhören
hilfe braune;Hilfe braune;case;de;;N?braune
himmel wagen;Himmel Wagen;case;de;;Wagen
hitler krieg haette;Hitler Krieg hätte;umlaut;de;;Krieg N?hätte
hitman feind;Hitman Feind;case;de;;?Hitman Feind
homoepathie;Homöpathie;umlaut;de;;~homöpathie
hondo;Hondo;case;de;;?Hondo
huerriyet;Hürriyet;umlaut;de;;~hürriyet
hummerschwestern;Hummerschwestern;case;de;;?Hummerschwestern
hundefluesterer;Hundeflüsterer;umlaut;de;;~hundeflüsterer
hur sohn;Hur Sohn;case;de;;?Hur
iacocca;Iacocca;case;de;;?Iacocca
identitti;Identitti;case;de;;?Identitti
ikea;Ikea;case;de;;?Ikea
il;Il;case;de;;?Il
iman;Iman;case;de;;?Iman
inanna;Inanna;case;de;;?Inanna
inchicore;Inchicore;case;de;;?Inchicore
indien kennen lieben;Indien kennen lieben;case;de;ja;Kennen Lieben
inkspell;Inkspell;case;de;;?Inkspell
inlandreide;Inlandreide;case;de;;?Inlandreide
inschallah;Inschallah;case;de;;?Inschallah
isarbulle;Isarbulle;case;de;;?Isarbulle
israel besetzte;Israel besetzte;case;de;;N?besetzte
itiooiti konspiration;Itiooiti Konspiration;case;de;;?Itiooiti ?Konspiration
jagte lecter;Jagte Lecter;case;de;;?Lecter
jahrhunderzeugen;Jahrhunderzeugen;case;de;;?Jahrhunderzeugen
jakobsweg;Jakobsweg;case;de;;?Jakobsweg
jakobswege;Jakobswege;case;de;;?Jakobswege
jamey. das kind das zuviel wusste;Jamey. Das Kind das zuviel wusste;case;de;ja;?Jamey ?Zuviel N?wusste
jao;Jao;case;de;;?Jao
jauche poeninchen quints;Jauche Pöninchen Quints;umlaut;de;;~pöninchen
jehova verliess;Jehova verließ;umlaut;de;ja;?Jehova Verließ
jenseits horizonts preis;Jenseits Horizonts Preis;case;de;;Preis
jenseits zeit;Jenseits Zeit;case;de;;Zeit
jeromin;Jeromin;case;de;;?Jeromin
jetzt unter uns;Jetzt unter uns;case;de;;N?unter
jikasee;Jikasee;case;de;;?Jikasee
joyland;Joyland;case;de;;?Joyland
jud;Jud;case;de;;?Jud
judasgift;Judasgift;case;de;;?Judasgift
judenbuche;Judenbuche;case;de;;?Judenbuche
juengling alain;Jüngling Alain;umlaut;de;;?Alain
junggesellenwirtschaft;Junggesellenwirtschaft;case;de;;?Junggesellenwirtschaft
jurmala;Jurmala;case;de;;?Jurmala
kabale;Kabale;case;de;;?Kabale
kainszeichen;Kainszeichen;case;de;;?Kainszeichen
kaisho;Kaisho;case;de;;?Kaisho
kaizen;Kaizen;case;de;;?Kaizen
kalinda;Kalinda;case;de;;?Kalinda
kallmann;Kallmann;case;de;;?Kallmann
kani;Kani;case;de;;?Kani
kann auch immer;Kann auch immer;case;de;;N?immer
karamasow;Karamasow;case;de;;?Karamasow
kardinaelin;Kardinälin;umlaut;de;;~kardinälin
kardinalsmotette;Kardinalsmotette;case;de;;?Kardinalsmotette
kariuki und sein weisser freund;Kariuki und sein weißer Freund;umlaut;de;ja;?Kariuki Freund
karpatenbaer;Karpatenbär;umlaut;de;;~karpatenbär
keile kriegste;Keile kriegste;case;de;ja;?Kriegste
keltennadel;Keltennadel;case;de;;?Keltennadel
kiesbett;Kiesbett;case;de;;?Kiesbett
kiffer barbie;Kiffer Barbie;case;de;;?Kiffer
kind regeln;Kind Regeln;case;de;;Regeln
kindern schule;Kindern Schule;case;de;;Schule
kinsky;Kinsky;case;de;;?Kinsky
kippa;Kippa;case;de;;?Kippa
kirche reiche;Kirche Reiche;case;de;;Reiche
kirchenknigge;Kirchenknigge;case;de;;?Kirchenknigge
kisscut;Kisscut;case;de;;?Kisscut
klang zeit;Klang Zeit;case;de;;Zeit
kleopatra;Kleopatra;case;de;;?Kleopatra
kliff;Kliff;case;de;;?Kliff
klingsor;Klingsor;case;de;;?Klingsor
knaurs voegel;Knaurs Vögel;umlaut;de;;Vögel
knaurs wueste;Knaurs Wüste;umlaut;de;;Wüste
knauss sieben;Knauss sieben;case;de;;?Knauss
koenigin saba;Königin Saba;umlaut;de;;?Saba
koennen sogar besser;Können sogar besser;umlaut;de;;N?besser
kohlhaas;Kohlhaas;case;de;;?Kohlhaas
kokainkrieg;Kokainkrieg;case;de;;?Kokainkrieg
kolumbus;Kolumbus;case;de;;?Kolumbus
kolumbus 2000 spaet;Kolumbus 2000 spät;umlaut;de;;?Kolumbus
korsar;Korsar;case;de;;?Korsar
korsaren;Korsaren;case;de;;?Korsaren
koskas;Koskas;case;de;;?Koskas
kraft leben;Kraft Leben;case;de;;Leben
krambambuli;Krambambuli;case;de;;?Krambambuli
krieg ende welt;Krieg Ende Welt;case;de;ja;Ende
kriemhild;Kriemhild;case;de;;?Kriemhild
krokodilwaechter;Krokodilwächter;umlaut;de;;~krokodilwächter
krypta;Krypta;case;de;;?Krypta
kuckucksnest;Kuckucksnest;case;de;;?Kuckucksnest
kueng;Küng;umlaut;de;;~küng
kuerbisfloete;Kürbisflöte;umlaut;de;;~kürbisflöte
kundschafter attila;Kundschafter Attila;case;de;;?Kundschafter
kundus;Kundus;case;de;;?Kundus
kunst jung bleiben;Kunst jung bleiben;case;de;;N?bleiben
kunst liebens;Kunst Liebens;case;de;;?Liebens
kunst logischen;Kunst logischen;case;de;;N?logischen
kuss muraene;Kuss Muräne;umlaut;de;;~muräne
kutschum;Kutschum;case;de;;?Kutschum
laerchenau;Lärchenau;umlaut;de;;~lärchenau
laikan;Laikan;case;de;;?Laikan
land leben;Land Leben;case;de;;Leben
landru;Landru;case;de;;?Landru
langani;Langani;case;de;;?Langani
langoliers;Langoliers;case;de;;?Langoliers
lanze liebe;Lanze Liebe;case;de;;Liebe
laras;Laras;case;de;;?Laras
lausbubengeschichte;Lausbubengeschichte;case;de;;?Lausbubengeschichte
lebe richtig bleibe;Lebe richtig bleibe;case;de;;N?bleibe
leben tausenduneiner nacht;Leben Tausenduneiner Nacht;case;de;;?Tausenduneiner
leibwaechterin;Leibwächterin;umlaut;de;;~leibwächterin
leonella;Leonella;case;de;;?Leonella
lessing überlebenden;Lessing Überlebenden;case;de;ja;N?überlebenden
letzte zauber;Letzte Zauber;case;de;;Zauber
letzten tage hongkong;Letzten Tage Hongkong;case;de;ja;Tage
letzter fahrt;Letzter Fahrt;case;de;;Fahrt
lexikon philatelie;Lexikon Philatelie;case;de;;?Philatelie
liano;Liano;case;de;;?Liano
liebens;Liebens;case;de;;?Liebens
lieber angst;Lieber Angst;case;de;;Angst
lied befreiung neschans;Lied Befreiung Neschans;case;de;;?Neschans
lili;Lili;case;de;;?Lili
linh;Linh;case;de;;?Linh
lockdown;Lockdown;case;de;;?Lockdown
lockruf macht;Lockruf Macht;case;de;;Macht
lohengrins;Lohengrins;case;de;;?Lohengrins
lordkanzler;Lordkanzler;case;de;;?Lordkanzler
luegenhafte leben erwachsenen;Lügenhafte Leben Erwachsenen;umlaut;de;ja;~lügenhafte Leben N?erwachsenen
lugal;Lugal;case;de;;?Lugal
lushins;Lushins;case;de;;?Lushins
machoman;Machoman;case;de;;?Machoman
macht missbrauch;Macht Missbrauch;case;de;;Missbrauch
madeira eden atlantischen;Madeira Eden atlantischen;case;de;;N?atlantischen
madiba;Madiba;case;de;;?Madiba
maedchen himmel beruehrte;Mädchen Himmel berührte;umlaut;de;;N?berührte
maedchen sonne eis;Mädchen Sonne Eis;umlaut;de;ja;Sonne
maenner schlagen zurueck;Männer schlagen zurück;umlaut;de;ja;Schlagen
maenner wollen;Männer Wollen;umlaut;de;;Wollen
maeusetoeter;Mäusetöter;umlaut;de;;~mäusetöter
mafiaprincess;Mafiaprincess;case;de;;?Mafiaprincess
magistra;Magistra;case;de;;?Magistra
magna;Magna;case;de;;?Magna
majipoor;Majipoor;case;de;;?Majipoor
makeda koenigin saba;Makeda Königin Saba;umlaut;de;;?Makeda ?Saba
malala;Malala;case;de;;?Malala
malik;Malik;case;de;;?Malik
malindi;Malindi;case;de;;?Malindi
manaslu;Manaslu;case;de;;?Manaslu
manaus;Manaus;case;de;;?Manaus
maorifrau;Maorifrau;case;de;;?Maorifrau
marchesa;Marchesa;case;de;;?Marchesa
marco ende;Marco Ende;case;de;;Ende
marihuana verbotene;Marihuana verbotene;case;de;;N?verbotene
marlott;Marlott;case;de;;?Marlott
masuren;Masuren;case;de;;?Masuren
matildas;Matildas;case;de;;?Matildas
matjora;Matjora;case;de;;?Matjora
mauern chantalon;Mauern Chantalon;case;de;;?Chantalon
mauren;Mauren;case;de;;?Mauren
maurin;Maurin;case;de;;?Maurin
mcmafia;McMafia;case;de;ja;?Mcmafia
medica aerztin;Medica Ärztin;umlaut;de;;?Medica
medicus;Medicus;case;de;;?Medicus
meer kleine fische;Meer kleine Fische;case;de;;Fische
meer waermer;Meer wärmer;umlaut;de;;N?wärmer
mefisto;Mefisto;case;de;;?Mefisto
memed;Memed;case;de;;?Memed
memoiren überlebenden;Memoiren Überlebenden;case;de;ja;N?überlebenden
mendes;Mendes;case;de;;?Mendes
menschen veraenderten;Menschen veränderten;umlaut;de;;N?veränderten
menschenskinder schon wieder;Menschenskinder schon wieder;case;de;;?Menschenskinder N?wieder
menschenskinder wieder;Menschenskinder wieder;case;de;;?Menschenskinder N?wieder
methusalem;Methusalem;case;de;;?Methusalem
milgram;Milgram;case;de;;?Milgram
minik;Minik;case;de;;?Minik
mitsukoshi;Mitsukoshi;case;de;;?Mitsukoshi
moa;Moa;case;de;;?Moa
moby;Moby;case;de;;?Moby
modelabel;Modelabel;case;de;;?Modelabel
modelmacher;Modelmacher;case;de;;?Modelmacher
moechte weinen lachen;Möchte weinen lachen;umlaut;de;ja;Weinen Lachen
moerderbienen;Mörderbienen;umlaut;de;;~mörderbienen
moerderwald;Mörderwald;umlaut;de;;~mörderwald
molwanien;Molwanien;case;de;;?Molwanien
monstrum;Monstrum;case;de;;?Monstrum
montanablack;Montanablack;case;de;;?Montanablack
montglane;Montglane;case;de;;?Montglane
morenga;Morenga;case;de;;?Morenga
moritz;Moritz;case;de;;?Moritz
mose;Mose;case;de;;?Mose
moslem-tuev;Moslem-Tuev;case;de;;?Tuev
mund gefallen;Mund Gefallen;case;de;;Gefallen
murashi;Murashi;case;de;;?Murashi
musa-dagh;Musa-Dagh;case;de;;?Musa ?Dagh
musst leben verstehen;Musst leben verstehen;case;de;ja;Leben Verstehen
mystica;Mystica;case;de;;?Mystica
nachkrieg;Nachkrieg;case;de;;?Nachkrieg
nachkrisenzeit;Nachkrisenzeit;case;de;;?Nachkrisenzeit
nachtfeuern karawan serail;Nachtfeuern Karawan Serail;case;de;;?Karawan ?Serail
nakano;Nakano;case;de;;?Nakano
namma;Namma;case;de;;?Namma
nana;Nana;case;de;;?Nana
napoleone siegerin herzens;Napoleone Siegerin Herzens;case;de;;?Napoleone
narbonne;Narbonne;case;de;;?Narbonne
nascondo;Nascondo;case;de;;?Nascondo
natuerlich schoen;Natürlich schön;umlaut;de;;N?schön
natuerlich schwanger;Natürlich schwanger;umlaut;de;;N?schwanger
natur reich tausend;Natur Reich tausend;case;de;;Reich
naturschoenheiten verborgenen;Naturschönheiten verborgenen;umlaut;de;;N?verborgenen
neferiti;Neferiti;case;de;;?Neferiti
neferiti sonne;Neferiti Sonne;case;de;;?Neferiti Sonne
nefertiti sonne;Nefertiti Sonne;case;de;;Sonne
neropolis;Neropolis;case;de;;?Neropolis
neuguinea wildnisse;Neuguinea Wildnisse;case;de;;?Wildnisse
neunundreißig;Neunundreißig;case;de;;?Neunundreißig
neverness;Neverness;case;de;;?Neverness
nichts laestern;Nichts Lästern;umlaut;de;;Lästern
nidal haendler todes;Nidal Händler Todes;umlaut;de;;?Nidal
nisa;Nisa;case;de;;?Nisa
nisa erzaehlt;Nisa erzählt;umlaut;de;;?Nisa
nofret schoene;Nofret schöne;umlaut;de;;?Nofret N?schöne
noni;Noni;case;de;;?Noni
nostra;Nostra;case;de;;?Nostra
notre;Notre;case;de;;?Notre
nubiers;Nubiers;case;de;;?Nubiers
nuhr sendung;Nuhr Sendung;case;de;;?Nuhr
nuja;Nuja;case;de;;?Nuja
odysee;Odysee;case;de;;?Odysee
oeffne lausche;Öffne lausche;umlaut;de;;N?lausche
oetzi edelweiss;Ötzi Edelweiß;umlaut;de;;~ötzi
ok;Ok;case;de;;?Ok
okami;Okami;case;de;;?Okami
oktopus;Oktopus;case;de;;?Oktopus
olessja;Olessja;case;de;;?Olessja
olivares;Olivares;case;de;;?Olivares
olivenbaeume;Olivenbäume;umlaut;de;;~olivenbäume
onedin kapitaen reeder;Onedin Kapitän Reeder;umlaut;de;;?Onedin
opiumpate;Opiumpate;case;de;;?Opiumpate
orakel stambul;Orakel Stambul;case;de;;?Stambul
orchideenhaus;Orchideenhaus;case;de;;?Orchideenhaus
orientalische reise;Orientalische Reise;case;de;;Reise
osterie;Osterie;case;de;;?Osterie
otto waalkes;Otto Waalkes;case;de;;?Waalkes
owitambe;Owitambe;case;de;;?Owitambe
paddington;Paddington;case;de;;?Paddington
palagia hunde;Palagia Hunde;case;de;;?Palagia
panamerika;Panamerika;case;de;;?Panamerika
pandablues;Pandablues;case;de;ja;~pandablüs
panico popstar;Panico Popstar;case;de;;?Panico ?Popstar
papalagi;Papalagi;case;de;;?Papalagi
papalapapp vaterwerden;Papalapapp Vaterwerden;case;de;;?Papalapapp ?Vaterwerden
papiermache;Papiermache;case;de;;?Papiermache
pekingmenschen;Pekingmenschen;case;de;;?Pekingmenschen
penmarric;Penmarric;case;de;;?Penmarric
perdido amulett kartenmachers;Perdido Amulett Kartenmachers;case;de;;?Perdido
perfekte welle;Perfekte Welle;case;de;;Welle
pestheilerin;Pestheilerin;case;de;;?Pestheilerin
peter erste;Peter erste;case;de;;N?erste
peter grosse;Peter große;umlaut;de;;N?große
pfad traeume;Pfad Träume;umlaut;de;;Träume
pferdefluesterer;Pferdeflüsterer;umlaut;de;;~pferdeflüsterer
pharaonin;Pharaonin;case;de;;?Pharaonin
pharisaer;Pharisäer;umlaut;de;ja;~pharisär
pharma;Pharma;case;de;;?Pharma
phoenizier;Phönizier;umlaut;de;;~phönizier
phropheten;Phropheten;case;de;;?Phropheten
piera;Piera;case;de;;?Piera
pilger reisenden;Pilger Reisenden;case;de;;Reisenden
podgoriza;Podgoriza;case;de;;?Podgoriza
poetin;Poetin;case;de;ja;~pötin
pompeji misteri;Pompeji Misteri;case;de;;?Misteri
popoff;Popoff;case;de;;?Popoff
populaermusik vittula;Populärmusik Vittula;umlaut;de;;~populärmusik ?Vittula
potter weisen;Potter Weisen;case;de;;Weisen
poverello;Poverello;case;de;;?Poverello
prominentenlexikon;Prominentenlexikon;case;de;;?Prominentenlexikon
prostatic;Prostatic;case;de;;?Prostatic
provenzialische;Provenzialische;case;de;;?Provenzialische
puppenspieler flore;Puppenspieler Flore;case;de;;?Flore
purpurfeuer;Purpurfeuer;case;de;;?Purpurfeuer
qin;Qin;case;de;;?Qin
quijote;Quijote;case;de;;?Quijote
quintus gefahr;Quintus Gefahr;case;de;;?Quintus
quintus rom;Quintus Rom;case;de;;?Quintus
rachegoettinnen;Rachegöttinnen;umlaut;de;;~rachegöttinnen
radelbuch;Radelbuch;case;de;;?Radelbuch
radfuehrer ddr;Radführer DDR;umlaut;de;ja;?Ddr
radubis;Radubis;case;de;;?Radubis
raettin;Rättin;umlaut;de;;~rättin
raj;Raj;case;de;;?Raj
rajace wal;Rajace Wal;case;de;;?Rajace
ramkrishna;Ramkrishna;case;de;;?Ramkrishna
rashomon;Rashomon;case;de;;?Rashomon
rattemfaenger;Rattemfänger;umlaut;de;;~rattemfänger
rauhes;Rauhes;case;de;;?Rauhes
realitiätsschock;Realitiätsschock;case;de;;?Realitiätsschock
red chilli curry;Red Chilli Curry;case;de;;?Chilli
redlichen fressen;Redlichen fressen;case;de;;N?fressen
reiten lernen;Reiten lernen;case;de;ja;Lernen
relictum;Relictum;case;de;;?Relictum
rhythmus liebe;Rhythmus Liebe;case;de;;Liebe
richtigen mann finden;Richtigen Mann finden;case;de;ja;Finden
roemer regen standen;Römer Regen standen;umlaut;de;;Regen N?standen
roissy;Roissy;case;de;;?Roissy
romanows;Romanows;case;de;;?Romanows
rongon;Rongon;case;de;;?Rongon
roter heisse zeit;Roter heiße Zeit;umlaut;de;;Zeit
roter mond und heiße zeit;Roter Mond und heiße Zeit;case;de;;Zeit
rueckkehr hakima;Rückkehr Hakima;umlaut;de;;?Hakima
rungholts;Rungholts;case;de;;?Rungholts
rv atlas erde;RV Atlas Erde;case;de;ja;?Rv Erde
sa;Sa;case;de;;?Sa
sabriel;Sabriel;case;de;;?Sabriel
sachnins;Sachnins;case;de;;?Sachnins
saddams;Saddams;case;de;;?Saddams
saenfte traenen;Sänfte Tränen;umlaut;de;ja;N?tränen
safranhaendlerin;Safranhändlerin;umlaut;de;;~safranhändlerin
saftschubse;Saftschubse;case;de;;?Saftschubse
salamanca;Salamanca;case;de;;?Salamanca
salomes sommer;Salomes Sommer;case;de;;?Salomes
salomo;Salomo;case;de;;?Salomo
salomons;Salomons;case;de;;?Salomons
sandelholzstrafe;Sandelholzstrafe;case;de;;?Sandelholzstrafe
saomai;Saomai;case;de;;?Saomai
schaetze welt erbe;Schätze Welt Erbe;umlaut;de;;Erbe
schatten tiefe;Schatten Tiefe;case;de;;Tiefe
schatz pagensand;Schatz Pagensand;case;de;;?Pagensand
scheherzerade;Scheherzerade;case;de;;?Scheherzerade
schenk insel;Schenk Insel;case;de;;?Schenk
schiff dunklem;Schiff dunklem;case;de;;N?dunklem
schindlers;Schindlers;case;de;;?Schindlers
schiwago;Schiwago;case;de;;?Schiwago
schleyer;Schleyer;case;de;;?Schleyer
schliemanns;Schliemanns;case;de;;?Schliemanns
schmetterlingsbaum;Schmetterlingsbaum;case;de;;?Schmetterlingsbaum
schmetterlingskaestchen;Schmetterlingskästchen;umlaut;de;;~schmetterlingskästchen
schnaeppchenjaegerin;Schnäppchenjägerin;umlaut;de;;~schnäppchenjägerin
schneller lesen verstehen;Schneller lesen verstehen;case;de;ja;Lesen Verstehen
schnitz;Schnitz;case;de;;?Schnitz
schoen junge welt;Schön junge Welt;umlaut;de;ja;Junge
schoenste allen;Schönste allen;umlaut;de;;N?allen
schrie leben;Schrie Leben;case;de;;Leben
schulmeisterlein;Schulmeisterlein;case;de;;?Schulmeisterlein
schwabenfilz;Schwabenfilz;case;de;;?Schwabenfilz
segelns;Segelns;case;de;;?Segelns
segu lehm;Segu Lehm;case;de;;?Segu
sehen hause;Sehen hause;case;de;;N?hause
sehnsucht gruenen;Sehnsucht grünen;umlaut;de;;N?grünen
sein reich;Sein Reich;case;de;;Reich
seltsam liebe;Seltsam Liebe;case;de;;Liebe
seltsamen reisen marco;Seltsamen Reisen Marco;case;de;;Reisen
sematary;Sematary;case;de;;?Sematary
sequest toedlicher terror;Sequest tödlicher Terror;umlaut;de;;?Sequest
showgeschäft;Showgeschäft;case;de;;?Showgeschäft
shylocks tochter;Shylocks Tochter;case;de;;?Shylocks
sibirski punk;Sibirski Punk;case;de;;?Sibirski
simonetta;Simonetta;case;de;;?Simonetta
sinhala;Sinhala;case;de;;?Sinhala
sinnenfreude;Sinnenfreude;case;de;;?Sinnenfreude
sisis;Sisis;case;de;;?Sisis
skarabaeus;Skarabäus;umlaut;de;;~skarabäus
skoeldgatan;Sköldgatan;umlaut;de;;~sköldgatan
smaragdcollier;Smaragdcollier;case;de;;?Smaragdcollier
smoerrebroed napoli;Smörrebröd Napoli;umlaut;de;;~smörrebröd ?Napoli
sofies;Sofies;case;de;;?Sofies
sofonisba;Sofonisba;case;de;;?Sofonisba
sog tiefe;Sog Tiefe;case;de;;Tiefe
sogenannte boese;Sogenannte böse;umlaut;de;;N?böse
sohn schamanen;Sohn Schamanen;case;de;;?Schamanen
solange leben entscheiden;Solange leben entscheiden;case;de;ja;Leben Entscheiden
sollst luegen;Sollst lügen;umlaut;de;ja;Lügen
sorbas;Sorbas;case;de;;?Sorbas
sousceyrac;Sousceyrac;case;de;;?Sousceyrac
sozialisitscher;Sozialisitscher;case;de;;?Sozialisitscher
spiegel zeit;Spiegel Zeit;case;de;;Zeit
sprecher toten;Sprecher Toten;case;de;;Toten
stargazey;Stargazey;case;de;;?Stargazey
stell schergen gut;Stell Schergen Gut;case;de;;Gut
steppenreiter;Steppenreiter;case;de;;?Steppenreiter
sternennaechte;Sternennächte;umlaut;de;;~sternennächte
stilettoholic;Stilettoholic;case;de;;?Stilettoholic
stillbuch;Stillbuch;case;de;;?Stillbuch
stillzusitzen;Stillzusitzen;case;de;;?Stillzusitzen
storia;Storia;case;de;;?Storia
storyjaeger;Storyjäger;umlaut;de;;~storyjäger
storyville;Storyville;case;de;;?Storyville
stradun;Stradun;case;de;;?Stradun
strand traeume;Strand Träume;umlaut;de;;Träume
studenten tscheka tod;Studenten Tscheka Tod;case;de;;?Tscheka
stunden luege glaub;Stunden Lüge glaub;umlaut;de;;Lüge
suedstaaten usa;Südstaaten USA;umlaut;de;ja;?Usa
suiza;Suiza;case;de;;?Suiza
sulha;Sulha;case;de;;?Sulha
surinam;Surinam;case;de;;?Surinam
suse;Suse;case;de;;?Suse
suse linux;Suse Linux;case;de;;?Suse
suzie;Suzie;case;de;;?Suzie
syrakus;Syrakus;case;de;;?Syrakus
taeglich reise tuerkei;Täglich Reise Türkei;umlaut;de;ja;Reise
tagmond;Tagmond;case;de;;?Tagmond
taigajaeger;Taigajäger;umlaut;de;;~taigajäger
takeda altona;Takeda Altona;case;de;;?Takeda
tanze solange kannst;Tanze solange kannst;case;de;;N?solange
taoisten;Taoisten;case;de;;?Taoisten
tasamanga;Tasamanga;case;de;;?Tasamanga
tatarenwueste;Tatarenwüste;umlaut;de;;~tatarenwüste
tatiana;Tatiana;case;de;;?Tatiana
tatiana alexander;Tatiana Alexander;case;de;;?Tatiana
tatortreiniger;Tatortreiniger;case;de;;?Tatortreiniger
tauranga;Tauranga;case;de;;?Tauranga
tausendundeiner;Tausendundeiner;case;de;;?Tausendundeiner
teamwechsel;Teamwechsel;case;de;;?Teamwechsel
templars;Templars;case;de;;?Templars
templer;Templer;case;de;;?Templer
terranauten;Terranauten;case;de;;?Terranauten
terzito;Terzito;case;de;;?Terzito
thaler;Thaler;case;de;;?Thaler
themba;Themba;case;de;;?Themba
tiana;Tiana;case;de;;?Tiana
tigerauge;Tigerauge;case;de;;?Tigerauge
tigerkralle;Tigerkralle;case;de;;?Tigerkralle
timbavati;Timbavati;case;de;;?Timbavati
tochter medicus;Tochter Medicus;case;de;;?Medicus
tod beginenhaus;Tod Beginenhaus;case;de;;?Beginenhaus
tod daneben;Tod daneben;case;de;;N?daneben
todestraeume montparnasse;Todesträume Montparnasse;umlaut;de;;?Montparnasse
toechter ehre;Töchter Ehre;umlaut;de;;Ehre
tokio jahr null;Tokio Jahr Null;case;de;;Null
tolteken;Tolteken;case;de;;?Tolteken
torusk;Torusk;case;de;;?Torusk
toskana;Toskana;case;de;;?Toskana
totgesagt;Totgesagt;case;de;;?Totgesagt
traueme;Traueme;case;de;;?Traueme
treck;Treck;case;de;;?Treck
treck kinder;Treck Kinder;case;de;;?Treck
tribute panem;Tribute Panem;case;de;;?Panem
trotzdem liebe;Trotzdem Liebe;case;de;;Liebe
trotzdem weiterleben;Trotzdem weiterleben;case;de;ja;Weiterleben
trueffelgold;Trüffelgold;umlaut;de;;~trüffelgold
tscha mensch;Tscha Mensch;case;de;;?Tscha
tschick;Tschick;case;de;;?Tschick
tschingis;Tschingis;case;de;;?Tschingis
tun schiefgeht;Tun schiefgeht;case;de;ja;?Schiefgeht
tutanchamun;Tutanchamun;case;de;;?Tutanchamun
tutanchamuns;Tutanchamuns;case;de;;?Tutanchamuns
tyll;Tyll;case;de;;?Tyll
ueber liebe;Über Liebe;umlaut;de;;Liebe
ueberall hause nirgendwo;Überall hause nirgendwo;umlaut;de;;N?hause
ueberleben alles;Überleben alles;umlaut;de;;N?alles
ukambala;Ukambala;case;de;;?Ukambala
unaufhaltbar;Unaufhaltbar;case;de;;?Unaufhaltbar
unbekannte europa wildnisse;Unbekannte Europa Wildnisse;case;de;;?Wildnisse
unbekanntes fuenfseenland;Unbekanntes Fünfseenland;umlaut;de;;~fünfseenland
unbeugsame braut;Unbeugsame Braut;case;de;;Braut
und kein bißchen weise;Und kein bißchen weise;case;de;ja;?Bißchen Weise
ungewollt schwanger;Ungewollt schwanger;case;de;;N?schwanger
unglaubliche fakirs ikea;Unglaubliche Fakirs Ikea;case;de;;?Ikea
uno;Uno;case;de;;?Uno
unschuldsengel;Unschuldsengel;case;de;;?Unschuldsengel
unter tagmond;Unter Tagmond;case;de;;?Tagmond
urlaubsparadies leseferien feinsten;Urlaubsparadies Leseferien feinsten;case;de;;N?feinsten
urschrift goettlichen;Urschrift göttlichen;umlaut;de;;?Urschrift N?göttlichen
urwaldnot;Urwaldnot;case;de;;?Urwaldnot
usa;USA;case;de;ja;?Usa
usa kalifornien suedwesten;USA Kalifornien Südwesten;umlaut;de;ja;?Usa
valle;Valle;case;de;;?Valle
veneto;Veneto;case;de;;?Veneto
venuspakt;Venuspakt;case;de;;?Venuspakt
verwoehnungsfalle;Verwöhnungsfalle;umlaut;de;;~verwöhnungsfalle
vetucha;Vetucha;case;de;;?Vetucha
vier versprechen;Vier Versprechen;case;de;;Versprechen
vinland saga;Vinland Saga;case;de;;?Vinland
vollstaendige liste vergessen;Vollständige Liste vergessen;umlaut;de;;Liste N?vergessen
vortreflliche;Vortreflliche;case;de;;?Vortreflliche
wahnsinnskarriere;Wahnsinnskarriere;case;de;;?Wahnsinnskarriere
wahrheit juden reich;Wahrheit Juden Reich;case;de;;Reich
waisen waren;Waisen waren;case;de;ja;Waren
waltons;Waltons;case;de;;?Waltons
war ihnen hoerig;War ihnen hörig;umlaut;de;;N?ihnen
warten leben;Warten Leben;case;de;;Leben
was meine;Was meine;case;de;;N?meine
waterworld;Waterworld;case;de;;?Waterworld
weg  grenze;Weg  Grenze;case;de;;Grenze
weg derwisch;Weg Derwisch;case;de;;?Derwisch
weiter traeume;Weiter Träume;umlaut;de;;Träume
weiteren fragen;Weiteren Fragen;case;de;;Fragen
weltensammler;Weltensammler;case;de;;?Weltensammler
wer bin viele;Wer bin viele;case;de;;N?viele
werther;Werther;case;de;;?Werther
whoopi;Whoopi;case;de;;?Whoopi
wickie;Wickie;case;de;;?Wickie
wiesn;Wiesn;case;de;;?Wiesn
wieviel arbeit mensch;Wieviel Arbeit Mensch;case;de;;?Wieviel
wilde merci;Wilde Merci;case;de;;?Merci
wilden wassern mooren;Wilden Wassern Mooren;case;de;ja;Wassern
wildnisse neuenglands;Wildnisse Neuenglands;case;de;;?Wildnisse
wilheim;Wilheim;case;de;;?Wilheim
wir  noch retten;Wir  noch retten;case;de;ja;Retten
wir  retten;Wir  retten;case;de;ja;Retten
wir brauchen nicht;Wir brauchen nicht;case;de;;N?brauchen
wir retten;Wir retten;case;de;ja;Retten
wirtschaft arm;Wirtschaft arm;case;de;ja;Arm
wiso report abzocker;WISO Report Abzocker;case;de;ja;?Wiso ?Abzocker
wissarionowitsch;Wissarionowitsch;case;de;;?Wissarionowitsch
woelfen frass;Wölfen Fraß;umlaut;de;;Fraß
wohl schoene;Wohl schöne;umlaut;de;;N?schöne
wolchow;Wolchow;case;de;;?Wolchow
wolfsmale;Wolfsmale;case;de;;?Wolfsmale
woyzeck;Woyzeck;case;de;;?Woyzeck
wueste bestehen;Wüste bestehen;umlaut;de;;N?bestehen
wueste bluehen;Wüste blühen;umlaut;de;;N?blühen
wunder wunder;Wunder Wunder;case;de;;Wunder
wundersame reise ende;Wundersame Reise Ende;case;de;ja;Reise Ende
yachtbau;Yachtbau;case;de;;?Yachtbau
yakamoz;Yakamoz;case;de;;?Yakamoz
yarrabee;Yarrabee;case;de;;?Yarrabee
yogini;Yogini;case;de;;?Yogini
yudka;Yudka;case;de;;?Yudka
yunus;Yunus;case;de;;?Yunus
yusuf;Yusuf;case;de;;?Yusuf
zaehne zeigen;Zähne zeigen;umlaut;de;;N?zeigen
zaid;Zaid;case;de;;?Zaid
zaida;Zaida;case;de;;?Zaida
zarenmoerder;Zarenmörder;umlaut;de;;~zarenmörder
zelda;Zelda;case;de;;?Zelda
zilgrei;Zilgrei;case;de;;?Zilgrei
zone grauens;Zone Grauens;case;de;;?Grauens
zorngebete;Zorngebete;case;de;;?Zorngebete
zornige soehne;Zornige Söhne;umlaut;de;;Söhne
zoya;Zoya;case;de;;?Zoya
zuckerfrei;Zuckerfrei;case;de;;?Zuckerfrei
zweitausendeins;Zweitausendeins;case;de;;?Zweitausendeins
--und auch nicht anderswo!;--Und auch nicht anderswo!;case;de;;
10 vollkommenen gedaechtnis;10 vollkommenen Gedächtnis;umlaut;de;;
1000 peking;1000 Peking;case;de;;
1001 nacht;1001 Nacht;case;de;;
1920 amerika fotografie;1920 Amerika Fotografie;case;de;;
25 letzte sommer;25 letzte Sommer;case;de;;
4 blutgruppen;4 Blutgruppen;case;de;;
40 kriminalfaelle;40 Kriminalfälle;umlaut;de;;
60 oscar;60 Oscar;case;de;;
abendland;Abendland;case;de;;
abendmahl;Abendmahl;case;de;;
abenteuer;Abenteuer;case;de;;
abenteuer ehemaligen bankberaters;Abenteuer ehemaligen Bankberaters;case;de;;
abenteuer ritter tafelrunde;Abenteuer Ritter Tafelrunde;case;de;;
abenteuer roten schlange;Abenteuer roten Schlange;case;de;;
abenteuergeschichten;Abenteuergeschichten;case;de;;
abgefahren 16 welt;Abgefahren 16 Welt;case;de;;
abgerutscht;Abgerutscht;case;de;;
abgrund;Abgrund;case;de;;
aborigines;Aborigines;case;en;;
abschied dir lebenskrisen;Abschied dir Lebenskrisen;case;de;;
absolut unwiderstehlich;Absolut unwiderstehlich;case;de;;
abwicklung;Abwicklung;case;de;;
achttausend;Achttausend;case;de;;
acid;Acid;case;en;;
adhd overthinking;ADHD Overthinking;case;en;ja;
aegypten;Ägypten;umlaut;de;;
aegyptens;Ägyptens;umlaut;de;;
aegyptisches;Ägyptisches;umlaut;de;;
aegyptisches totenbuch;Ägyptisches Totenbuch;umlaut;de;;
aelter;Älter;umlaut;de;;
aerzte;Ärzte;umlaut;de;;
aerztekind;Ärztekind;umlaut;de;;
affaere;Affäre;umlaut;de;;
affenschule;Affenschule;case;de;;
africa;Africa;case;en;;
afrika;Afrika;case;de;;
afrika 101;Afrika 101;case;de;;
afrika first;Afrika First;case;de;;
afrikaner groenland;Afrikaner Grönland;umlaut;de;;
afrikanische;Afrikanische;case;de;;
afrikanische tragoedie;Afrikanische Tragödie;umlaut;de;;
agent;Agent;case;de;;
aggression;Aggression;case;de;;
ahnen tuareg;Ahnen Tuareg;case;de;;
ahoi;Ahoi;case;de;;
aisha;Aisha;case;en;;
akazie;Akazie;case;de;;
aktfotografie;Aktfotografie;case;de;;
aktmodell;Aktmodell;case;de;;
al-qaida;Al-Qaida;case;en;;
alaska;Alaska;case;de;;
alaska zurueck;Alaska zurück;umlaut;de;;
aleppo;Aleppo;case;de;;
alexander;Alexander;case;de;;
alexanderplatz;Alexanderplatz;case;de;;
alexandra;Alexandra;case;de;;
alexandria;Alexandria;case;de;;
algier;Algier;case;de;;
alhambra;Alhambra;case;en;;
ali nino;Ali Nino;case;en;;
allein;Allein;case;de;;
allein  stark;Allein  stark;case;de;;
alleinsein;Alleinsein;case;de;;
alles;Alles;case;de;;
alles anfang;Alles Anfang;case;de;;
allianz;Allianz;case;de;;
alltaeglichen;Alltäglichen;umlaut;de;;
ally;Ally;case;en;;
alpen;Alpen;case;de;;
alptraeume;Alpträume;umlaut;de;;
altai;Altai;case;en;;
alte  baeume;Alte  Bäume;umlaut;de;;
alter narr nun;Alter Narr nun;case;de;;
alter schwede;Alter Schwede;case;de;;
alternative;Alternative;case;de;;
amateurs;Amateurs;case;de;;
amazonas;Amazonas;case;de;;
amazonen;Amazonen;case;de;;
amber;Amber;case;en;;
america;America;case;en;;
amerika;Amerika;case;de;;
amerikaner;Amerikaner;case;de;;
amerikanerin;Amerikanerin;case;de;;
amerikanische karriere;Amerikanische Karriere;case;de;;
amerikanischer;Amerikanischer;case;de;;
amerikanischer traum;Amerikanischer Traum;case;de;;
ami;Ami;case;de;;
amis;Amis;case;de;;
amsterdam;Amsterdam;case;de;;
amt;Amt;case;de;;
amuesant;Amüsant;umlaut;de;;
an meer;An Meer;case;de;;
ana;Ana;case;en;;
anastasia;Anastasia;case;en;;
anatolien;Anatolien;case;de;;
anatomie;Anatomie;case;de;;
andalusien;Andalusien;case;de;;
anden;Anden;case;de;;
andere verbindung;Andere Verbindung;case;de;;
anders;Anders;case;de;;
anfang;Anfang;case;de;;
angeles;Angeles;case;de;;
angelique;Angelique;case;en;;
angesehener;Angesehener;case;de;;
angst mut freunde;Angst Mut Freunde;case;de;;
angstgetrieben;Angstgetrieben;case;de;;
animal;Animal;case;en;;
anklage;Anklage;case;de;;
anleitung;Anleitung;case;de;;
anna;Anna;case;de;;
anonymous;Anonymous;case;en;;
anpfiff;Anpfiff;case;de;;
antarktis;Antarktis;case;de;;
antje mustermann;Antje Mustermann;case;de;;
antlitz;Antlitz;case;de;;
antoinette;Antoinette;case;en;;
apfelbaeumchen;Apfelbäumchen;umlaut;de;;
apokalypse;Apokalypse;case;de;;
apothekerin;Apothekerin;case;de;;
aprilhexe;Aprilhexe;case;de;;
aquarellsommer;Aquarellsommer;case;de;;
arabisches;Arabisches;case;de;;
ararat;Ararat;case;de;;
arbeit;Arbeit;case;de;;
arbeitstechniken;Arbeitstechniken;case;de;;
arche;Arche;case;de;;
argentina;Argentina;case;en;;
aristotle justice;Aristotle Justice;case;en;;
arktis;Arktis;case;de;;
arm;Arm;case;de;;
armen mittelalter;Armen Mittelalter;case;de;;
armstrongs kreuzzug;Armstrongs Kreuzzug;case;de;;
arrows;Arrows;case;en;;
arznei;Arznei;case;de;;
aschenbluete;Aschenblüte;umlaut;de;;
asians;Asians;case;en;;
asien;Asien;case;de;;
asien australien;Asien Australien;case;de;;
asphaltspringer;Asphaltspringer;case;de;;
assessment center;Assessment Center;case;en;;
asshole;Asshole;case;en;;
asyl;Asyl;case;de;;
atemberaubenden;Atemberaubenden;case;de;;
athena;Athena;case;en;;
atlantik;Atlantik;case;de;;
attendant;Attendant;case;en;;
attentat;Attentat;case;de;;
attila;Attila;case;de;;
aufbruch;Aufbruch;case;de;;
aufenthalt;Aufenthalt;case;de;;
aufgehenden;Aufgehenden;case;de;;
aufschrei;Aufschrei;case;de;;
aufstand;Aufstand;case;de;;
aufstieg;Aufstieg;case;de;;
auge fatima;Auge Fatima;case;de;;
augen;Augen;case;de;;
aus;Aus;case;de;;
auschwitz;Auschwitz;case;de;;
ausdauernd erfolgreich;Ausdauernd erfolgreich;case;de;;
auserwaehlten;Auserwählten;umlaut;de;;
ausgelacht;Ausgelacht;case;de;;
ausgesetzt;Ausgesetzt;case;de;;
austerlitz;Austerlitz;case;en;;
australien;Australien;case;de;;
auswahlbuecher;Auswahlbücher;umlaut;de;;
autistischen;Autistischen;case;de;;
autobahn;Autobahn;case;de;;
autobiography;Autobiography;case;en;;
avignon;Avignon;case;en;;
azoren;Azoren;case;de;;
azteken;Azteken;case;de;;
azur provence;Azur Provence;case;de;;
babylon;Babylon;case;de;;
bach blueten buch;Bach Blüten Buch;umlaut;de;;
backstage sieht anders;Backstage sieht anders;case;de;;
baer;Bär;umlaut;de;;
baeren;Bären;umlaut;de;;
bagdad;Bagdad;case;de;;
bahnhof;Bahnhof;case;de;;
ballerina;Ballerina;case;de;;
baltikum;Baltikum;case;de;;
banditen;Banditen;case;de;;
bangkok;Bangkok;case;de;;
barcelona;Barcelona;case;de;;
baskenmuetze;Baskenmütze;umlaut;de;;
bastard;Bastard;case;de;;
bauernkrieg;Bauernkrieg;case;de;;
bauernregeln brauchtum;Bauernregeln Brauchtum;case;de;;
baute tempel;Baute Tempel;case;de;;
bayern;Bayern;case;de;;
beast;Beast;case;en;;
beauty america;Beauty America;case;en;;
beckenbauer;Beckenbauer;case;de;;
becoming;Becoming;case;en;;
befreite ernaehrung;Befreite Ernährung;umlaut;de;;
begabt;Begabt;case;de;;
begegnung china;Begegnung China;case;de;;
begraben;Begraben;case;de;;
begrabene;Begrabene;case;de;;
beirut;Beirut;case;de;;
bekenntnisse;Bekenntnisse;case;de;;
belagerung;Belagerung;case;de;;
belmont;Belmont;case;en;;
berater;Berater;case;de;;
berg;Berg;case;de;;
berge;Berge;case;de;;
bergheimat;Bergheimat;case;de;;
bermuda;Bermuda;case;de;;
bernstein;Bernstein;case;de;;
beruehmter;Berühmter;umlaut;de;;
beruf familie;Beruf Familie;case;de;;
besser;Besser;case;de;;
bessere welt;Bessere Welt;case;de;;
bestaendigkeit;Beständigkeit;umlaut;de;;
beste;Beste;case;de;;
beste mann;Beste Mann;case;de;;
besteigung rum doodle;Besteigung Rum Doodle;case;de;;
besten;Besten;case;de;;
besten managementbuecher;Besten Managementbücher;umlaut;de;;
betoerende glanz dummheit;Betörende Glanz Dummheit;umlaut;de;;
betriebswirtschaftslehre;Betriebswirtschaftslehre;case;de;;
betrunken;Betrunken;case;de;;
bettler;Bettler;case;de;;
bevor;Bevor;case;de;;
bewegt;Bewegt;case;de;;
bewegte;Bewegte;case;de;;
bewerbungsmuster;Bewerbungsmuster;case;de;;
bewohnte;Bewohnte;case;de;;
bibel test;Bibel Test;case;de;;
bibliothek zaren;Bibliothek Zaren;case;de;;
bibliothekarin;Bibliothekarin;case;de;;
bienenhueterin;Bienenhüterin;umlaut;de;;
biester;Biester;case;de;;
big brother;Big Brother;case;en;;
bike;Bike;case;en;;
bild;Bild;case;de;;
bildhauer;Bildhauer;case;de;;
bildweberin;Bildweberin;case;de;;
billy;Billy;case;de;;
billy brueder;Billy Brüder;umlaut;de;;
bingo;Bingo;case;en;;
birne;Birne;case;de;;
bis;Bis;case;de;;
bischofs;Bischofs;case;de;;
bist;Bist;case;de;;
bist irre;Bist irre;case;de;;
bitter moon;Bitter Moon;case;en;;
bittere;Bittere;case;de;;
bitterer;Bitterer;case;de;;
bitterkalter;Bitterkalter;case;de;;
black beauty;Black Beauty;case;en;;
blaue;Blaue;case;de;;
blaupause;Blaupause;case;de;;
blechtrommel;Blechtrommel;case;de;;
bleiche;Bleiche;case;de;;
bless beasts children;Bless Beasts Children;case;en;;
blindheit;Blindheit;case;de;;
bloeder prinz kannst;Blöder Prinz kannst;umlaut;de;;
blog;Blog;case;de;;
blond;Blond;case;de;;
blondinen;Blondinen;case;de;;
blood;Blood;case;en;;
blue;Blue;case;en;;
bluegrass;Bluegrass;case;en;;
blut;Blut;case;de;;
blutbande;Blutbande;case;de;;
blutmal;Blutmal;case;de;;
blutroten morales;Blutroten Morales;case;de;;
bodyguard;Bodyguard;case;de;;
boerse;Börse;umlaut;de;;
boersenseminar;Börsenseminar;umlaut;de;;
boese;Böse;umlaut;de;;
boese maedchen;Böse Mädchen;umlaut;de;;
boeser;Böser;umlaut;de;;
boleyn;Boleyn;case;en;;
bolivia;Bolivia;case;en;;
bombay;Bombay;case;de;;
bonaparte;Bonaparte;case;de;;
bonsai;Bonsai;case;de;;
book;Book;case;en;;
boot;Boot;case;de;;
bord;Bord;case;de;;
bordbuch;Bordbuch;case;de;;
born run;Born Run;case;en;;
bosporus;Bosporus;case;de;;
boss;Boss;case;de;;
boxer poet;Boxer Poet;case;de;;
boys;Boys;case;de;;
braeute;Bräute;umlaut;de;;
brahms;Brahms;case;de;;
brandmal;Brandmal;case;de;;
brandt report;Brandt Report;case;de;;
brandung;Brandung;case;de;;
brandwueste;Brandwüste;umlaut;de;;
brasilien;Brasilien;case;de;;
brauchst einen guru;Brauchst einen Guru;case;de;;
braucht nacht;Braucht Nacht;case;de;;
brauhaus isar;Brauhaus Isar;case;de;;
braunschweig johannesburg;Braunschweig Johannesburg;case;de;;
brennende;Brennende;case;de;;
breslau;Breslau;case;de;;
bridge lehrbuch;Bridge Lehrbuch;case;de;;
bridgehouse toolbox;Bridgehouse Toolbox;case;en;;
brief  koenig;Brief  König;umlaut;de;;
brille;Brille;case;de;;
bruder;Bruder;case;de;;
bruecken;Brücken;umlaut;de;;
buch namen;Buch Namen;case;de;;
buch weiblichkeit;Buch Weiblichkeit;case;de;;
buchevangelisten;Buchevangelisten;case;de;;
buddha;Buddha;case;de;;
buddha fluss;Buddha Fluss;case;de;;
buddha suburbia;Buddha Suburbia;case;en;;
buddhas sieben uebungen;Buddhas sieben Übungen;umlaut;de;ja;
buecher-jaeger;Bücher-Jäger;umlaut;de;;
buecherdiebin;Bücherdiebin;umlaut;de;;
buffalo;Buffalo;case;en;;
bundestag;Bundestag;case;de;;
burg;Burg;case;de;;
buschfeuer;Buschfeuer;case;de;;
bush;Bush;case;de;;
bushido;Bushido;case;en;;
business;Business;case;de;;
caen;Caen;case;de;;
caesar gallier;Cäsar Gallier;umlaut;de;;
calais;Calais;case;en;;
caledonia;Caledonia;case;en;;
california;California;case;en;;
callas;Callas;case;en;;
canal grande;Canal Grande;case;en;;
canyon;Canyon;case;en;;
cape town;Cape Town;case;en;;
caravan;Caravan;case;de;;
carlos;Carlos;case;de;;
carlos true;Carlos True;case;en;;
carrie;Carrie;case;en;;
casablanca;Casablanca;case;en;;
cash;Cash;case;en;;
casino;Casino;case;de;;
caspar hauser;Caspar Hauser;case;en;;
casting;Casting;case;en;;
charleston;Charleston;case;en;;
charleston true;Charleston True;case;en;;
chasing monsoon;Chasing Monsoon;case;en;;
chefarzt;Chefarzt;case;de;;
chefarzt true;Chefarzt True;case;de;;
chico mendes;Chico Mendes;case;en;;
children;Children;case;en;;
chile antarktis;Chile Antarktis;case;de;;
chile handbuch;Chile Handbuch;case;de;;
china;China;case;de;;
china contemporary photography;China Contemporary Photography;case;en;;
china pulver;China Pulver;case;de;;
china run;China Run;case;de;;
chinese characteristics;Chinese Characteristics;case;en;;
chinesisch;Chinesisch;case;de;;
chinesische;Chinesische;case;de;;
chip;Chip;case;de;;
chirurgen;Chirurgen;case;de;;
cholera;Cholera;case;de;;
choral;Choral;case;de;;
christi;Christi;case;de;;
christina;Christina;case;de;;
christlichen ritterorden;Christlichen Ritterorden;case;de;;
christus;Christus;case;de;;
chroniken;Chroniken;case;de;;
chronistin;Chronistin;case;de;;
circus;Circus;case;de;;
claire;Claire;case;en;;
clan;Clan;case;en;;
clan cave bear;Clan Cave Bear;case;en;;
claudine;Claudine;case;en;;
claudius;Claudius;case;en;;
cleave;Cleave;case;en;;
cleopatra;Cleopatra;case;en;;
cliffhanger;Cliffhanger;case;en;;
clifton kapuzen;Clifton Kapuzen;case;de;;
clinton;Clinton;case;de;;
clique;Clique;case;de;;
cold mountain;Cold Mountain;case;en;;
colorado;Colorado;case;en;;
columbus;Columbus;case;de;;
companion;Companion;case;en;;
confusion;Confusion;case;en;;
cop;Cop;case;en;;
cordoba;Cordoba;case;en;;
core performance;Core Performance;case;en;;
corleone;Corleone;case;en;;
coronavirus handbuch;Coronavirus Handbuch;case;de;;
cowboys einsam;Cowboys einsam;case;de;;
crack;Crack;case;en;;
crash;Crash;case;de;;
crew;Crew;case;de;;
cromwell;Cromwell;case;en;;
cuba;Cuba;case;en;;
daemmerlicht;Dämmerlicht;umlaut;de;;
dagegen;Dagegen;case;de;;
daisy;Daisy;case;en;;
dallas schicksalhaft;Dallas schicksalhaft;case;de;;
damals alexandria;Damals Alexandria;case;de;;
damaskus;Damaskus;case;de;;
danke;Danke;case;de;;
dann eben gewalt;Dann eben Gewalt;case;de;;
dare to love;Dare to Love;case;en;;
darjeeling;Darjeeling;case;en;;
dark;Dark;case;en;;
dass tod scheidet;Dass Tod scheidet;case;de;;
david;David;case;de;;
day;Day;case;en;;
dealer;Dealer;case;de;;
december;December;case;en;;
definitionen;Definitionen;case;de;;
delikatessen;Delikatessen;case;de;;
delphine;Delphine;case;de;;
delphins;Delphins;case;de;;
demenz;Demenz;case;de;;
denkanstoesse;Denkanstöße;umlaut;de;;
denken;Denken;case;de;;
denkmethoden;Denkmethoden;case;de;;
denkst;Denkst;case;de;;
der nazi & der friseur;Der Nazi & der Friseur;case;de;;
desiree;Desiree;case;en;;
deutschland;Deutschland;case;de;;
diamonds;Diamonds;case;en;;
diana;Diana;case;de;;
dicke berta ski;Dicke Berta Ski;case;de;;
dicke freunde;Dicke Freunde;case;de;;
diebe;Diebe;case;de;;
diener;Diener;case;de;;
dienstagsfrau;Dienstagsfrau;case;de;;
dies;Dies;case;de;;
dieser;Dieser;case;de;;
diktators;Diktators;case;de;;
diktatur;Diktatur;case;de;;
ding;Ding;case;de;;
dinge;Dinge;case;de;;
distel;Distel;case;de;;
distelfink;Distelfink;case;de;;
diva;Diva;case;de;;
doerfer;Dörfer;umlaut;de;;
dogs rome;Dogs Rome;case;en;;
dolores;Dolores;case;en;;
domino;Domino;case;de;;
doppelpoker;Doppelpoker;case;de;;
dorfapostel;Dorfapostel;case;de;;
dorfbanditen;Dorfbanditen;case;de;;
dornenhaus;Dornenhaus;case;de;;
dornental;Dornental;case;de;;
down under;Down Under;case;en;;
dr. frank;Dr. Frank;case;en;;
drachen;Drachen;case;de;;
drachen mekong;Drachen Mekong;case;de;;
drachenlaeufer;Drachenläufer;umlaut;de;;
drachenlied;Drachenlied;case;de;;
drachensturz;Drachensturz;case;de;;
drachentor;Drachentor;case;de;;
dracula;Dracula;case;de;;
drama everest;Drama Everest;case;de;;
dran;Dran;case;de;;
dream traum montana;Dream Traum Montana;case;en;;
drehtuer;Drehtür;umlaut;de;;
drei;Drei;case;de;;
drei meter himmel;Drei Meter Himmel;case;de;;
dreihundert;Dreihundert;case;de;;
dreissig abenteuer;Dreißig Abenteuer;umlaut;de;;
dreizehn;Dreizehn;case;de;;
dreizehnte;Dreizehnte;case;de;;
dresden;Dresden;case;de;;
dress code;Dress Code;case;de;;
dressiert;Dressiert;case;de;;
dschihad;Dschihad;case;de;;
dschingis;Dschingis;case;de;;
dschungelbuch;Dschungelbuch;case;de;;
dschungelbuecher;Dschungelbücher;umlaut;de;;
dumm;Dumm;case;de;;
dunkle;Dunkle;case;de;;
dunkle wald;Dunkle Wald;case;de;;
durchgeblaettert;Durchgeblättert;umlaut;de;;
durchgedreht;Durchgedreht;case;de;;
dynastie;Dynastie;case;de;;
e-hon;E-Hon;case;en;;
eagle;Eagle;case;en;;
easy santa barbara;Easy Santa Barbara;case;en;;
eat pray love;Eat Pray Love;case;en;;
eaton;Eaton;case;en;;
eben gewalt;Eben Gewalt;case;de;;
echte italienische kueche;Echte italienische Küche;umlaut;de;;
echtzeit;Echtzeit;case;de;;
ecke;Ecke;case;de;;
edelsteine;Edelsteine;case;de;;
egoist;Egoist;case;de;;
ehrenwerte;Ehrenwerte;case;de;;
ehrlich;Ehrlich;case;de;;
ehrliche arbeit;Ehrliche Arbeit;case;de;;
eid kreuzritter;Eid Kreuzritter;case;de;;
eigentlich paul;Eigentlich Paul;case;de;;
eindruck;Eindruck;case;de;;
einfach;Einfach;case;de;;
einfach freunde;Einfach Freunde;case;de;;
einfuehrung;Einführung;umlaut;de;;
eingebildete;Eingebildete;case;de;;
einkreisung;Einkreisung;case;de;;
einmal;Einmal;case;de;;
einsamkeit;Einsamkeit;case;de;;
einstieg .;Einstieg .;case;de;;
einzige geschichte;Einzige Geschichte;case;de;;
eis;Eis;case;de;;
eisbergs;Eisbergs;case;de;;
eisblumen;Eisblumen;case;de;;
eiserne;Eiserne;case;de;;
eisgang;Eisgang;case;de;;
eishai;Eishai;case;de;;
eisjaeger;Eisjäger;umlaut;de;;
eistaucher;Eistaucher;case;de;;
eitelkeiten;Eitelkeiten;case;de;;
elefant mueckenland;Elefant Mückenland;umlaut;de;;
elefanten;Elefanten;case;de;;
elefantenjunge;Elefantenjunge;case;de;;
elfenbeindolch;Elfenbeindolch;case;de;;
elfenbeinzimmer;Elfenbeinzimmer;case;de;;
elixier;Elixier;case;de;;
elternliebe;Elternliebe;case;de;;
eminenz;Eminenz;case;de;;
emotionale;Emotionale;case;de;;
enchantment;Enchantment;case;en;;
end;End;case;en;;
ende anfang;Ende Anfang;case;de;;
ende welt;Ende Welt;case;de;;
engelsgift;Engelsgift;case;de;;
englaender;Engländer;umlaut;de;;
englische;Englische;case;de;;
enigmas;Enigmas;case;en;;
entdeckungen;Entdeckungen;case;de;;
entfesselte;Entfesselte;case;de;;
entfuehrt;Entführt;umlaut;de;;
entruemple geist;Entrümple Geist;umlaut;de;;
entschaedigung;Entschädigung;umlaut;de;;
entspannt buddha;Entspannt Buddha;case;de;;
entspannt hier jetzt;Entspannt hier jetzt;case;de;;
entspannung;Entspannung;case;de;;
epiphany;Epiphany;case;en;;
epochen  weltkunst;Epochen  Weltkunst;case;de;;
epochen musikgeschichte;Epochen Musikgeschichte;case;de;;
er;Er;case;de;;
erbe;Erbe;case;de;;
erbe welt;Erbe Welt;case;de;;
erde;Erde;case;de;;
erde zukunft;Erde Zukunft;case;de;;
erfahrung revolution;Erfahrung Revolution;case;de;;
erfolg;Erfolg;case;de;;
erfolg maennern;Erfolg Männern;umlaut;de;;
erfolgreich;Erfolgreich;case;de;;
erfuellbare traum;Erfüllbare Traum;umlaut;de;;
erhoerte;Erhörte;umlaut;de;;
erinnern;Erinnern;case;de;;
erkauftes;Erkauftes;case;de;;
erloeser;Erlöser;umlaut;de;;
erloesung;Erlösung;umlaut;de;;
ernaehrungsirrtuemer;Ernährungsirrtümer;umlaut;de;;
ernaehrungsluege;Ernährungslüge;umlaut;de;;
eroberung;Eroberung;case;de;;
erogene;Erogene;case;de;;
erotic drinks;Erotic Drinks;case;en;;
erotic food;Erotic Food;case;en;;
erwartung;Erwartung;case;de;;
erzaehlen;Erzählen;umlaut;de;;
erzaehlungen;Erzählungen;umlaut;de;;
es;Es;case;de;;
essen;Essen;case;de;;
essensfaelscher;Essensfälscher;umlaut;de;;
eulenspiegels;Eulenspiegels;case;de;;
eunuchen;Eunuchen;case;de;;
europaeische union;Europäische Union;umlaut;de;;
evolution;Evolution;case;de;;
exegese;Exegese;case;de;;
expectations;Expectations;case;en;;
experiment;Experiment;case;de;;
explosion;Explosion;case;de;;
eyes;Eyes;case;en;;
eyre;Eyre;case;en;;
faehrte;Fährte;umlaut;de;;
faellt;Fällt;umlaut;de;;
faelschte;Fälschte;umlaut;de;;
fahndung;Fahndung;case;de;;
fahrt weltumseglers;Fahrt Weltumseglers;case;de;;
falkland;Falkland;case;en;;
fallschirmjaeger;Fallschirmjäger;umlaut;de;;
falsche;Falsche;case;de;;
falsche prophet;Falsche Prophet;case;de;;
familie;Familie;case;de;;
familienbilder;Familienbilder;case;de;;
family fish;Family Fish;case;en;;
fangen gerade erst;Fangen gerade erst;case;de;ja;
fanny-hill;Fanny-Hill;case;en;;
farbe;Farbe;case;de;;
farbe blau;Farbe blau;case;de;;
farben;Farben;case;de;;
fashion;Fashion;case;en;;
faszination tier fuehrer;Faszination Tier Führer;umlaut;de;;
faszinierende tierwelt;Faszinierende Tierwelt;case;de;;
faszinierendes amerika;Faszinierendes Amerika;case;de;;
fatima;Fatima;case;de;;
fatima nehmt;Fatima nehmt;case;de;;
faule;Faule;case;de;;
faust;Faust;case;de;;
feder sturm;Feder Sturm;case;de;;
federico;Federico;case;en;;
feeds;Feeds;case;en;;
fegefeuer;Fegefeuer;case;de;;
fehler;Fehler;case;de;;
feind;Feind;case;de;;
feind buero;Feind Büro;umlaut;de;;
feindliche uebernahme;Feindliche Übernahme;umlaut;de;;
feine;Feine;case;de;;
fern gipfel;Fern Gipfel;case;de;;
fernsehgeisel;Fernsehgeisel;case;de;;
fernster;Fernster;case;de;;
festung;Festung;case;de;;
fetter bauch regiert;Fetter Bauch regiert;case;de;;
feuer;Feuer;case;de;;
feuerfrau;Feuerfrau;case;de;;
feuerkelch;Feuerkelch;case;de;;
feuerlaeufer;Feuerläufer;umlaut;de;;
feuerland himalaya;Feuerland Himalaya;case;de;;
feuerprobe;Feuerprobe;case;de;;
feuersonne;Feuersonne;case;de;;
feuerspringer;Feuerspringer;case;de;;
feuersturm;Feuersturm;case;de;;
feuertanz;Feuertanz;case;de;;
feuertaube;Feuertaube;case;de;;
feuertaufe;Feuertaufe;case;de;;
filmte 1000;Filmte 1000;case;de;;
finale;Finale;case;de;;
finanzcrash krisenvorsorge;Finanzcrash Krisenvorsorge;case;de;;
finanziellen;Finanziellen;case;de;;
finderlohn;Finderlohn;case;de;;
fine balance;Fine Balance;case;en;;
finstere tal;Finstere Tal;case;de;;
finsternis;Finsternis;case;de;;
firma;Firma;case;de;;
firmenwechsel;Firmenwechsel;case;de;;
first;First;case;de;;
fish;Fish;case;en;;
fit top;Fit Top;case;de;;
fjorde;Fjorde;case;de;;
flamme;Flamme;case;de;;
flammen verdammnis;Flammen Verdammnis;case;de;;
flammenbrut;Flammenbrut;case;de;;
flammenden;Flammenden;case;de;;
flammensiegel;Flammensiegel;case;de;;
flehen;Flehen;case;de;;
fleisch gemuese;Fleisch Gemüse;umlaut;de;;
fleischfabrik;Fleischfabrik;case;de;;
flicks;Flicks;case;en;;
fliegen fluegel;Fliegen Flügel;umlaut;de;;
fliegender;Fliegender;case;de;;
flies;Flies;case;en;;
florida;Florida;case;de;;
flucht adlers;Flucht Adlers;case;de;;
flucht hoffnung;Flucht Hoffnung;case;de;;
flucht sklaverei;Flucht Sklaverei;case;de;;
flucht welt;Flucht Welt;case;de;;
fluchtstuecke;Fluchtstücke;umlaut;de;;
fluechten;Flüchten;umlaut;de;;
fluechtig;Flüchtig;umlaut;de;;
fluegeln;Flügeln;umlaut;de;;
fluesternde;Flüsternde;umlaut;de;;
fluss;Fluss;case;de;;
fluss dorf;Fluss Dorf;case;de;;
fluss<;Fluss<;case;de;;
flusspiraten;Flusspiraten;case;de;;
focusing;Focusing;case;en;;
forgotten;Forgotten;case;en;;
forrest gump;Forrest Gump;case;en;;
fotografen;Fotografen;case;de;;
fraeulein;Fräulein;umlaut;de;;
frank;Frank;case;de;;
frankreich;Frankreich;case;de;;
franzoesin;Französin;umlaut;de;;
frau;Frau;case;de;;
frau  norden;Frau  Norden;case;de;;
frau buch;Frau Buch;case;de;;
frau duenen;Frau Dünen;umlaut;de;;
frauen;Frauen;case;de;;
frauen lanzarote;Frauen Lanzarote;case;de;;
frauen lateinamerika;Frauen Lateinamerika;case;de;;
frauen moenche;Frauen Mönche;umlaut;de;;
frei;Frei;case;de;;
freibad;Freibad;case;de;;
freibeuter;Freibeuter;case;de;;
freihandelsluege;Freihandelslüge;umlaut;de;;
freiheit;Freiheit;case;de;;
freizeitland bayern;Freizeitland Bayern;case;de;;
fremde heimat;Fremde Heimat;case;de;;
fremde tibeter;Fremde Tibeter;case;de;;
fremden menschen;Fremden Menschen;case;de;;
fremdgehen;Fremdgehen;case;de;;
frequenz ekstase;Frequenz Ekstase;case;de;;
freud;Freud;case;de;;
freund;Freund;case;de;;
freunde;Freunde;case;de;;
freundinnen strandbad;Freundinnen Strandbad;case;de;;
friedfertige;Friedfertige;case;de;;
friedfertige frau;Friedfertige Frau;case;de;;
frueh;Früh;umlaut;de;;
fruehling lue bu we;Frühling Lue Bu We;umlaut;en;;
fruehling tod;Frühling Tod;umlaut;de;;
fruehlingsmond;Frühlingsmond;umlaut;de;;
fruehstueck;Frühstück;umlaut;de;;
fuchs;Fuchs;case;de;;
fuchsspiel;Fuchsspiel;case;de;;
fuechsin;Füchsin;umlaut;de;;
fuehren;Führen;umlaut;de;;
fuehrungskraefte;Führungskräfte;umlaut;de;;
fuenf tibeter;Fünf Tibeter;umlaut;de;;
fuenfte;Fünfte;umlaut;de;;
fuenfundzwanzig;Fünfundzwanzig;umlaut;de;;
fuerchtest;Fürchtest;umlaut;de;;
fuerst;Fürst;umlaut;de;;
fährte;Fährte;case;de;;
gabe;Gabe;case;de;;
gabe true;Gabe True;case;de;;
galgenlied;Galgenlied;case;de;;
galileo;Galileo;case;en;;
gallische;Gallische;case;de;;
gallische true;Gallische True;case;de;;
gandhi;Gandhi;case;de;;
garden;Garden;case;de;;
garten pflanzenpraxis;Garten Pflanzenpraxis;case;de;;
gaukler;Gaukler;case;de;;
gazelle;Gazelle;case;de;;
geahnt;Geahnt;case;de;;
gebieter;Gebieter;case;de;;
geblendete;Geblendete;case;de;;
geblieben;Geblieben;case;de;;
geboren;Geboren;case;de;;
gebt schnelles schiff;Gebt schnelles Schiff;case;de;;
geburt europas;Geburt Europas;case;de;;
gedaechtnistraining;Gedächtnistraining;umlaut;de;;
gefaehrdete heimat;Gefährdete Heimat;umlaut;de;;
gefaehrlichen;Gefährlichen;umlaut;de;;
gefaehrte;Gefährte;umlaut;de;;
gefahr;Gefahr;case;de;;
gefangen;Gefangen;case;de;;
gefangen packeis;Gefangen Packeis;case;de;;
gefangene;Gefangene;case;de;;
gefangener;Gefangener;case;de;;
gefecht;Gefecht;case;de;;
gefressen;Gefressen;case;de;;
gefuehle;Gefühle;umlaut;de;;
gegenoffensive pazifik;Gegenoffensive Pazifik;case;de;;
gegenteil tod;Gegenteil Tod;case;de;;
geh;Geh;case;de;;
geheimakte;Geheimakte;case;de;;
geheimakte gestapo 2;Geheimakte Gestapo 2;case;de;;
geheimakte gizeh plateau;Geheimakte Gizeh Plateau;case;de;;
geheimbuende;Geheimbünde;umlaut;de;;
geheimbund degen;Geheimbund Degen;case;de;;
geheimcode veil;Geheimcode Veil;case;de;;
geheime;Geheime;case;de;;
geheime schrift;Geheime Schrift;case;de;;
geheimgesellschaften;Geheimgesellschaften;case;de;;
geheimnis;Geheimnis;case;de;;
geheimnis inka;Geheimnis Inka;case;de;;
geheimnis kalligraphen;Geheimnis Kalligraphen;case;de;;
geheimnis spiegelpartners;Geheimnis Spiegelpartners;case;de;;
geheimnisse;Geheimnisse;case;de;;
geheimnisse jerusalem;Geheimnisse Jerusalem;case;de;;
geheimnisse natur;Geheimnisse Natur;case;de;;
geheimnisvolle;Geheimnisvolle;case;de;;
gehen;Gehen;case;de;;
gehirn;Gehirn;case;de;;
gehoert zukunft;Gehört Zukunft;umlaut;de;;
geht’s arabien;geht’s Arabien;case;de;;
geist;Geist;case;de;;
geisterball fussballzeiten;Geisterball Fußballzeiten;umlaut;de;;
gekuesst;Geküsst;umlaut;de;;
gelassene;Gelassene;case;de;;
gelben krokodile;Gelben Krokodile;case;de;;
gelber;Gelber;case;de;;
geld;Geld;case;de;;
geliebt gequaelt gehetzt;Geliebt gequält gehetzt;umlaut;de;;
geliebte;Geliebte;case;de;;
geliebte kaisers;Geliebte Kaisers;case;de;;
geliebten;Geliebten;case;de;;
gemeine;Gemeine;case;de;;
gen;Gen;case;de;;
generation doof;Generation doof;case;de;;
genetik gentechnik genmanipulation;Genetik Gentechnik Genmanipulation;case;de;;
genial gescheitert;Genial gescheitert;case;de;;
gentechnik irrweg ausweg;Gentechnik Irrweg Ausweg;case;de;;
genug;Genug;case;de;;
george;George;case;de;;
gerechtigkeit;Gerechtigkeit;case;de;;
geronimo;Geronimo;case;en;;
geräderte;Geräderte;case;de;;
gesammelte;Gesammelte;case;de;;
gesandte papstes;Gesandte Papstes;case;de;;
gesang flusskrebse;Gesang Flusskrebse;case;de;;
gesang wale;Gesang Wale;case;de;;
gesang zikaden;Gesang Zikaden;case;de;;
geschaeftsbedingungen;Geschäftsbedingungen;umlaut;de;;
geschehnisse;Geschehnisse;case;de;;
geschichte;Geschichte;case;de;;
geschichte paepste;Geschichte Päpste;umlaut;de;;
geschlossene;Geschlossene;case;de;;
geschmierte republik;Geschmierte Republik;case;de;;
gesicht;Gesicht;case;de;;
gesicht krieger;Gesicht Krieger;case;de;;
gestirne;Gestirne;case;de;;
gesundheit;Gesundheit;case;de;;
getan;Getan;case;de;;
getraenke;Getränke;umlaut;de;;
gewalt;Gewalt;case;de;;
gewalt warum;Gewalt warum;case;de;;
gewand;Gewand;case;de;;
gewinnen linie4;Gewinnen linie4;case;de;;
gewinnt;Gewinnt;case;de;;
gewissens;Gewissens;case;de;;
gezeichneten;Gezeichneten;case;de;;
gezeiten;Gezeiten;case;de;;
ghana;Ghana;case;de;;
gier;Gier;case;de;;
gift;Gift;case;de;;
giftige;Giftige;case;de;;
giftkoechin;Giftköchin;umlaut;de;;
gigant zukunft;Gigant Zukunft;case;de;;
gipfel gefaehrten;Gipfel Gefährten;umlaut;de;;
girlfriend experiment;Girlfriend Experiment;case;en;;
gladiator;Gladiator;case;de;;
glaeserne;Gläserne;umlaut;de;;
glaeserne sarg;Gläserne Sarg;umlaut;de;;
glamour mutig;Glamour mutig;case;de;;
glanz;Glanz;case;de;;
glanz jahrhunderts;Glanz Jahrhunderts;case;de;;
glas 3;Glas 3;case;de;;
glaspalast;Glaspalast;case;de;;
glatte;Glatte;case;de;;
gleichgewicht;Gleichgewicht;case;de;;
gletschergrab;Gletschergrab;case;de;;
glueck;Glück;umlaut;de;;
gluecklich;Glücklich;umlaut;de;;
gluecklichste baby;Glücklichste Baby;umlaut;de;;
gluecks;Glücks;umlaut;de;;
gluehender;Glühender;umlaut;de;;
gluehender himmel;Glühender Himmel;umlaut;de;;
glut;Glut;case;de;;
gnadenlose;Gnadenlose;case;de;;
go;Go;case;en;;
go-spielerin;Go-Spielerin;case;de;;
goethes mutter;Goethes Mutter;case;de;;
goetter;Götter;umlaut;de;;
goettin;Göttin;umlaut;de;;
gold veracruz;Gold Veracruz;case;en;;
goldene;Goldene;case;de;;
goldenen;Goldenen;case;de;;
goldenes;Goldenes;case;de;;
goldkueste;Goldküste;umlaut;de;;
goldtöchter;Goldtöchter;case;de;;
golf;Golf;case;de;;
golfstaaten;Golfstaaten;case;de;;
golgatha;Golgatha;case;de;;
goliath;Goliath;case;en;;
gomorrha;Gomorrha;case;de;;
gone;Gone;case;en;;
gong kaiser;Gong Kaiser;case;de;;
gorbatschow;Gorbatschow;case;de;;
gorillas;Gorillas;case;de;;
gorky-park;Gorky-Park;case;en;;
gossip;Gossip;case;en;;
gossip girl;Gossip Girl;case;en;;
goten;Goten;case;de;;
gott;Gott;case;de;;
gott wölfe;Gott Wölfe;case;de;;
gott-kaiser wuestenplaneten;Gott-Kaiser Wüstenplaneten;umlaut;de;;
gottes;Gottes;case;de;;
gottesdiener liebhaber;Gottesdiener Liebhaber;case;de;;
grabbing;Grabbing;case;en;;
grabraeubern;Grabräubern;umlaut;de;;
graefinnen;Gräfinnen;umlaut;de;;
gral;Gral;case;de;;
grammatik;Grammatik;case;de;;
grat;Grat;case;de;;
grau;Grau;case;de;;
grausame;Grausame;case;de;;
green;Green;case;en;;
green mile;Green Mile;case;en;;
gremlins;Gremlins;case;en;;
grenzbereich;Grenzbereich;case;de;;
grenze;Grenze;case;de;;
grenzen;Grenzen;case;de;;
grenzenlos weiblich;Grenzenlos weiblich;case;de;;
grenzgaenger;Grenzgänger;umlaut;de;;
grieche;Grieche;case;de;;
grieche griechin;Grieche Griechin;case;de;;
griechische;Griechische;case;de;;
griechische inseln;Griechische Inseln;case;de;;
griechische philosophie;Griechische Philosophie;case;de;;
groenland;Grönland;umlaut;de;;
groessenwahn;Größenwahn;umlaut;de;;
groesste;Größte;umlaut;de;;
grossartig;Großartig;umlaut;de;;
grosse  welt getraenke;Große  Welt Getränke;umlaut;de;;
grosse buch  kletternattern;Große Buch  Kletternattern;umlaut;de;;
grosse heinz erhardt;Große Heinz Erhardt;umlaut;de;;
grosse tierbuch;Große Tierbuch;umlaut;de;;
grossen religionen welt;Großen Religionen Welt;umlaut;de;;
grosser sueden;Großer Süden;umlaut;de;;
großaktionaer;Großaktionär;umlaut;de;;
große;Große;case;de;;
gruene baum lebens;Grüne Baum Lebens;umlaut;de;;
gruene tomaten;Grüne Tomaten;umlaut;de;;
gruenen;Grünen;umlaut;de;;
gruenes;Grünes;umlaut;de;;
gruenes geld 2020;Grünes Geld 2020;umlaut;de;;
gruft;Gruft;case;de;;
gruppe;Gruppe;case;de;;
gruppen ex;Gruppen ex;case;de;;
gruppendynamik;Gruppendynamik;case;de;;
gründervaeter;Gründerväter;umlaut;de;;
gummibaerchen;Gummibärchen;umlaut;de;;
gun;Gun;case;en;;
guru;Guru;case;de;;
gute;Gute;case;de;;
guten;Guten;case;de;;
habitat economy society;Habitat Economy Society;case;en;;
hadrian;Hadrian;case;en;;
haemmer;Hämmer;umlaut;de;;
haende;Hände;umlaut;de;;
haeupter;Häupter;umlaut;de;;
haeuptling praerie;Häuptling Prärie;umlaut;de;;
hahn;Hahn;case;de;;
hai;Hai;case;de;;
haie;Haie;case;de;;
haie begleiter;Haie Begleiter;case;de;;
halbe helden;Halbe Helden;case;de;;
halo;Halo;case;en;;
halsband;Halsband;case;de;;
handbook artificial intelligence;Handbook Artificial Intelligence;case;en;;
handbuch inquisitoren;Handbuch Inquisitoren;case;de;;
handvoll;Handvoll;case;de;;
hannah;Hannah;case;en;;
happiness;Happiness;case;en;;
harris;Harris;case;en;;
hartmut;Hartmut;case;de;;
hatte alle;Hatte alle;case;de;;
hauch;Hauch;case;de;;
hauptsache;Hauptsache;case;de;;
haus sieben frauen;Haus sieben Frauen;case;de;ja;
haus wiederkehr;Haus Wiederkehr;case;de;;
haus wind zaehlt;Haus Wind zählt;umlaut;de;;
haus windes;Haus Windes;case;de;;
hausmittel;Hausmittel;case;de;;
haut;Haut;case;de;;
haut knochen;Haut Knochen;case;de;;
havanna;Havanna;case;de;;
havanna umgebung;Havanna Umgebung;case;de;;
hawaii;Hawaii;case;de;;
heat;Heat;case;en;;
heaven;Heaven;case;en;;
hebamme;Hebamme;case;de;;
heilen musik;Heilen Musik;case;de;;
heilen naturelementen;Heilen Naturelementen;case;de;;
heilen schnelltempo;Heilen Schnelltempo;case;de;;
heilerin worms;Heilerin Worms;case;de;;
heilkraefte natur;Heilkräfte Natur;umlaut;de;;
heilkraft gleichgewicht;Heilkraft Gleichgewicht;case;de;;
heilkunst;Heilkunst;case;de;;
heilpflanzen;Heilpflanzen;case;de;;
heim;Heim;case;de;;
heimat vermisst;Heimat vermisst;case;de;;
heimweh;Heimweh;case;de;;
heineken eineken;Heineken Eineken;case;en;;
heirate niemals udo;Heirate niemals Udo;case;de;;
heiter kunst;Heiter Kunst;case;de;;
heldenprojekt;Heldenprojekt;case;de;;
heldenstellung;Heldenstellung;case;de;;
heldin;Heldin;case;de;;
henker;Henker;case;de;;
herbst;Herbst;case;de;;
herbstmilch;Herbstmilch;case;de;;
herbstwind blatt;Herbstwind Blatt;case;de;;
herrin;Herrin;case;de;;
herz;Herz;case;de;;
herzchirurgie;Herzchirurgie;case;de;;
herzen1 see;herzen1 See;case;de;;
herzens;Herzens;case;de;;
herzland;Herzland;case;de;;
hexe;Hexe;case;de;;
hexen;Hexen;case;de;;
hilflosen helfer;Hilflosen Helfer;case;de;;
himalaja;Himalaja;case;de;;
himmel;Himmel;case;de;;
himmelhunde;Himmelhunde;case;de;;
himmels;Himmels;case;de;;
himmelsbraut;Himmelsbraut;case;de;;
himmelstochter;Himmelstochter;case;de;;
hindu tempel;Hindu Tempel;case;de;;
hindukusch;Hindukusch;case;de;;
hinter;Hinter;case;de;;
hiroshima;Hiroshima;case;de;;
his;His;case;en;;
historiker;Historiker;case;de;;
hitchhikers;Hitchhikers;case;en;;
hoax;Hoax;case;en;;
hochglanz;Hochglanz;case;de;;
hochlandzauber;Hochlandzauber;case;de;;
hoehenwege;Höhenwege;umlaut;de;;
hoehere;Höhere;umlaut;de;;
hoehlenkinder;Höhlenkinder;umlaut;de;;
hoelle;Hölle;umlaut;de;;
hoelle zurueck;Hölle zurück;umlaut;de;;
hoellenritt;Höllenritt;umlaut;de;;
hoellenschlund;Höllenschlund;umlaut;de;;
hoeness;Hoeneß;umlaut;de;;
hoffnung;Hoffnung;case;de;;
holes;Holes;case;en;;
hollywood geheimnisse;Hollywood Geheimnisse;case;de;;
holzschiff;Holzschiff;case;de;;
hong kong;Hong Kong;case;en;;
hongkong;Hongkong;case;de;;
honigvoegel;Honigvögel;umlaut;de;;
horizonts;Horizonts;case;de;;
horus;Horus;case;en;;
hot crowded;Hot Crowded;case;en;;
hotzenplotz;Hotzenplotz;case;de;;
house hypochonder;House Hypochonder;case;de;;
hueterin;Hüterin;umlaut;de;;
huette;Hütte;umlaut;de;;
humanism china;Humanism China;case;en;;
hund;Hund;case;de;;
hundert;Hundert;case;de;;
hundert blumen;Hundert Blumen;case;de;;
hure;Hure;case;de;;
hurricane;Hurricane;case;en;;
husky;Husky;case;en;;
ice;Ice;case;en;;
ich;Ich;case;de;;
idylle hyaenen;Idylle Hyänen;umlaut;de;;
immer;Immer;case;de;;
immer ausweg;Immer Ausweg;case;de;;
immobilien jahrbuch 2012;Immobilien Jahrbuch 2012;case;de;;
immun;Immun;case;de;;
immunsystem;Immunsystem;case;de;;
imperien;Imperien;case;de;;
imperium;Imperium;case;de;;
in  blood;In  Blood;case;en;;
indian;Indian;case;en;;
indianer;Indianer;case;de;;
indianergrenzen;Indianergrenzen;case;de;;
indianische;Indianische;case;de;;
indianische verweigerung;Indianische Verweigerung;case;de;;
indians;Indians;case;en;;
indie uk europa;Indie UK Europa;case;en;ja;
indien;Indien;case;de;;
indien gandhi;Indien Gandhi;case;de;;
indische;Indische;case;de;;
indiz;Indiz;case;de;;
indonesien;Indonesien;case;de;;
inimitable;Inimitable;case;en;;
inka;Inka;case;de;;
innovators;Innovators;case;en;;
inquisition;Inquisition;case;de;;
insel;Insel;case;de;;
inselkrankenhaus;Inselkrankenhaus;case;de;;
inseln;Inseln;case;de;;
inselschwestern;Inselschwestern;case;de;;
inside;Inside;case;en;;
insomnia;Insomnia;case;en;;
instinct;Instinct;case;en;;
intelligentes;Intelligentes;case;de;;
intelligenzquotient;Intelligenzquotient;case;de;;
intensivstation;Intensivstation;case;de;;
interest;Interest;case;en;;
internat internet vokalbahn;Internat Internet Vokalbahn;case;de;;
international;International;case;de;;
internets;Internets;case;de;;
investment;Investment;case;de;;
iran;Iran;case;de;;
ireland;Ireland;case;en;;
irland;Irland;case;de;;
irre;Irre;case;de;;
irren;Irren;case;de;;
irrtuemer;Irrtümer;umlaut;de;;
is;Is;case;en;;
isabel;Isabel;case;en;;
isfahan;Isfahan;case;en;;
islam;Islam;case;de;;
islam fanatismus;Islam Fanatismus;case;de;;
island;Island;case;de;;
israel;Israel;case;de;;
iss;Iss;case;de;;
isst;Isst;case;de;;
italians;Italians;case;en;;
italien;Italien;case;de;;
italienische;Italienische;case;de;;
ivanhoe;Ivanhoe;case;en;;
ja tante inge;Ja Tante Inge;case;de;;
jaeger;Jäger;umlaut;de;;
jahr meer;Jahr Meer;case;de;;
jahresbericht;Jahresbericht;case;de;;
jahresbericht 1997;Jahresbericht 1997;case;de;;
jahrhundert;Jahrhundert;case;de;;
jahrhunderte;Jahrhunderte;case;de;;
jahrhundertmann;Jahrhundertmann;case;de;;
jane;Jane;case;en;;
japan;Japan;case;de;;
java;Java;case;de;;
java swing;Java Swing;case;de;;
jaws;Jaws;case;en;;
jeans;Jeans;case;de;;
jenseits;Jenseits;case;de;;
jenseits meeres;Jenseits Meeres;case;de;;
jenseits mittelmass;Jenseits Mittelmaß;umlaut;de;;
jenseits wasserscheide;Jenseits Wasserscheide;case;de;;
jerusalem conspiracy;Jerusalem Conspiracy;case;en;;
jesuiten;Jesuiten;case;de;;
jesus;Jesus;case;de;;
jesus prophet rebell;Jesus Prophet Rebell;case;de;;
jo jo;Jo Jo;case;en;;
joghurt;Joghurt;case;de;;
jordanien;Jordanien;case;de;;
jou than;Jou Than;case;en;;
journalismus;Journalismus;case;de;;
journalistisch;Journalistisch;case;de;;
juan;Juan;case;en;;
jude;Jude;case;de;;
jugendwahn;Jugendwahn;case;de;;
julia;Julia;case;de;;
juliette;Juliette;case;en;;
jumper;Jumper;case;de;;
jung;Jung;case;de;;
junge;Junge;case;de;;
juwelenbucht;Juwelenbucht;case;de;;
kabinett;Kabinett;case;de;;
kabul;Kabul;case;de;;
kaelte;Kälte;umlaut;de;;
kaelteste;Kälteste;umlaut;de;;
kaemmerer;Kämmerer;umlaut;de;;
kaempfe;Kämpfe;umlaut;de;;
kaempfen;Kämpfen;umlaut;de;;
kaempfer;Kämpfer;umlaut;de;;
kaempfte;Kämpfte;umlaut;de;;
kaffeedieb;Kaffeedieb;case;de;;
kaffeehaendler;Kaffeehändler;umlaut;de;;
kairo;Kairo;case;de;;
kaiser;Kaiser;case;de;;
kaiser china;Kaiser China;case;de;;
kaiser herr;Kaiser Herr;case;de;;
kaiser kalifornien;Kaiser Kalifornien;case;de;;
kaiserin;Kaiserin;case;de;;
kalahari;Kalahari;case;de;;
kalifen;Kalifen;case;de;;
kalifornien;Kalifornien;case;de;;
kalifornien las canyon;Kalifornien Las Canyon;case;de;ja;
kalligraphen;Kalligraphen;case;de;;
kalteis;Kalteis;case;de;;
kalten;Kalten;case;de;;
kamele;Kamele;case;de;;
kamen;Kamen;case;de;;
kameraden;Kameraden;case;de;;
kamerun;Kamerun;case;de;;
kampffische;Kampffische;case;de;;
kampfhund;Kampfhund;case;de;;
kanada;Kanada;case;de;;
kann;Kann;case;de;;
kann haesslich;Kann hässlich;umlaut;de;;
kannst;Kannst;case;de;;
kaplan;Kaplan;case;de;;
karate;Karate;case;de;;
karawanen koenigin;Karawanen Königin;umlaut;de;;
kardinal;Kardinal;case;de;;
karenina;Karenina;case;en;;
karibikfieber;Karibikfieber;case;de;;
karl;Karl;case;de;;
karma;Karma;case;en;;
karriere;Karriere;case;de;;
karussell;Karussell;case;de;;
kasse;Kasse;case;de;;
katakomben;Katakomben;case;de;;
kate;Kate;case;en;;
katharina;Katharina;case;de;;
kathedrale;Kathedrale;case;de;;
kathedrale erinnerung;Kathedrale Erinnerung;case;de;;
katholischer katechismus;Katholischer Katechismus;case;de;;
kauai;Kauai;case;en;;
keaton;Keaton;case;en;;
keeper;Keeper;case;en;;
kehrseite;Kehrseite;case;de;;
kelten;Kelten;case;de;;
kennedy;Kennedy;case;de;;
kennedys;Kennedys;case;de;;
kerntechnischen;Kerntechnischen;case;de;;
ketzer;Ketzer;case;de;;
ketzerinnen;Ketzerinnen;case;de;;
kid 3;Kid 3;case;en;;
kiel;Kiel;case;de;;
kill;Kill;case;de;;
killing;Killing;case;en;;
kim;Kim;case;en;;
kinder;Kinder;case;de;;
kinder bahnhof zoo;Kinder Bahnhof Zoo;case;de;;
kinder maerchen;Kinder Märchen;umlaut;de;;
kinder natuerlich;Kinder natürlich;umlaut;de;;
kinder tyrannen;Kinder Tyrannen;case;de;;
kinderkarawane;Kinderkarawane;case;de;;
kinderleicht;Kinderleicht;case;de;;
kindermoench;Kindermönch;umlaut;de;;
king;King;case;en;;
kirgistan;Kirgistan;case;de;;
kiribati;Kiribati;case;en;;
kiss;Kiss;case;en;;
klang;Klang;case;de;;
kleidermacherin;Kleidermacherin;case;de;;
kleinasien;Kleinasien;case;de;;
kleine kaiser;Kleine Kaiser;case;de;;
kleinen;Kleinen;case;de;;
klick;Klick;case;de;;
klinsmann;Klinsmann;case;de;;
klopft tuer;Klopft Tür;umlaut;de;;
klosterjaeger;Klosterjäger;umlaut;de;;
knaurs;Knaurs;case;de;;
knaurs savanne;Knaurs Savanne;case;de;;
knaurs strom;Knaurs Strom;case;de;;
knaurs tierleben meer;Knaurs Tierleben Meer;case;de;;
knaurs tundra;Knaurs Tundra;case;de;;
knaurs wald;Knaurs Wald;case;de;;
knieschule;Knieschule;case;de;;
knochenraub san marco;Knochenraub San Marco;case;de;;
knochenraub true;Knochenraub True;case;de;;
knochenwald;Knochenwald;case;de;;
knopf;Knopf;case;de;;
kobra manifest;Kobra Manifest;case;de;;
kochen jahrhundert;Kochen Jahrhundert;case;de;;
kochtopf;Kochtopf;case;de;;
koenig;König;umlaut;de;;
koenig windes;König Windes;umlaut;de;;
koenige;Könige;umlaut;de;;
koenigin;Königin;umlaut;de;;
koenigin jerusalem;Königin Jerusalem;umlaut;de;;
koenigin seidenstrasse;Königin Seidenstraße;umlaut;de;;
koenigliche;Königliche;umlaut;de;;
koenigs;Königs;umlaut;de;;
koenigskind;Königskind;umlaut;de;;
koepfchen;Köpfchen;umlaut;de;;
koerper;Körper;umlaut;de;;
koerpersprache;Körpersprache;umlaut;de;;
kohle;Kohle;case;de;;
kokosnuesse;Kokosnüsse;umlaut;de;;
kollaps;Kollaps;case;de;;
koma;Koma;case;de;;
komm;Komm;case;de;;
kommission;Kommission;case;de;;
kommt rad;Kommt Rad;case;de;;
kommt salz meer;Kommt Salz Meer;case;de;;
kommunistin;Kommunistin;case;de;;
kompetentes;Kompetentes;case;de;;
konflikt;Konflikt;case;de;;
kongo;Kongo;case;de;;
konkubine;Konkubine;case;de;;
konsumenten;Konsumenten;case;de;;
kontinent;Kontinent;case;de;;
kontrollverlust;Kontrollverlust;case;de;;
konzentriert;Konzentriert;case;de;;
konzern;Konzern;case;de;;
kopfkissenbuch;Kopfkissenbuch;case;de;;
kopplung;Kopplung;case;de;;
koreanische;Koreanische;case;de;;
kornfeld;Kornfeld;case;de;;
kosmetikerin;Kosmetikerin;case;de;;
kosmos;Kosmos;case;de;;
kraenkung;Kränkung;umlaut;de;;
kraeuterfibel;Kräuterfibel;umlaut;de;;
krawatten knigge;Krawatten Knigge;case;de;;
kreativ reichtum;Kreativ Reichtum;case;de;;
krebs;Krebs;case;de;;
kreuzes;Kreuzes;case;de;;
kreuzfahrt meier;Kreuzfahrt Meier;case;de;;
krieg;Krieg;case;de;;
krieg friede schmetterlinge;Krieg Friede Schmetterlinge;case;de;;
krieger roms;Krieger Roms;case;de;;
kriegerin;Kriegerin;case;de;;
krieges;Krieges;case;de;;
kriegsbraut;Kriegsbraut;case;de;;
kritiker;Kritiker;case;de;;
kruegers;Krügers;umlaut;de;;
kuechenchefs;Küchenchefs;umlaut;de;;
kuehlschrank irland;Kühlschrank Irland;umlaut;de;;
kuesse;Küsse;umlaut;de;;
kuesse moschee;Küsse Moschee;umlaut;de;;
kulissen;Kulissen;case;de;;
kultur;Kultur;case;de;;
kulturgeschichte europas;Kulturgeschichte Europas;case;de;;
kunst;Kunst;case;de;;
kunst egoist;Kunst Egoist;case;de;;
kunstdenkmaeler;Kunstdenkmäler;umlaut;de;;
kunstgeschichte;Kunstgeschichte;case;de;;
kupferkrone;Kupferkrone;case;de;;
kurtisanen;Kurtisanen;case;de;;
kurz;Kurz;case;de;;
kuscheltiere;Kuscheltiere;case;de;;
kuss;Kuss;case;de;;
kuss kurtisane;Kuss Kurtisane;case;de;;
la deutsche vita;La Deutsche Vita;case;en;;
labor;Labor;case;de;;
lachen;Lachen;case;de;;
laecheln frauen;Lächeln Frauen;umlaut;de;;
laechelnden;Lächelnden;umlaut;de;;
laemmer;Lämmer;umlaut;de;;
laender baerte;Länder Bärte;umlaut;de;;
laengste;Längste;umlaut;de;;
lamm;Lamm;case;de;;
lamm loewen;Lamm Löwen;umlaut;de;;
land;Land;case;de;;
land gewohnheit;Land Gewohnheit;case;de;;
landarzt;Landarzt;case;de;;
lande;Lande;case;de;;
landkarte;Landkarte;case;de;;
landschaft;Landschaft;case;de;;
landsitz;Landsitz;case;de;;
landstreicherin;Landstreicherin;case;de;;
landvergnuegen;Landvergnügen;umlaut;de;;
lange;Lange;case;de;;
lange revolution;Lange Revolution;case;de;;
langobarden;Langobarden;case;de;;
last wild places;Last Wild Places;case;en;;
lateinamerika;Lateinamerika;case;de;;
laubsturm;Laubsturm;case;de;;
lauschangriff;Lauschangriff;case;de;;
lautloser donner;Lautloser Donner;case;de;;
lawrence;Lawrence;case;en;;
lazarus;Lazarus;case;en;;
lazarus-kind;Lazarus-Kind;case;en;;
lean machines;Lean Machines;case;en;;
learning;Learning;case;en;;
lebanon;Lebanon;case;en;;
leben;Leben;case;de;;
leben pharaonen;Leben Pharaonen;case;de;;
lebens;Lebens;case;de;;
lebensbilder;Lebensbilder;case;de;;
lebenslaenglich;Lebenslänglich;umlaut;de;;
lebensphasen;Lebensphasen;case;de;;
lebensraum zerstoert;Lebensraum zerstört;umlaut;de;;
leber;Leber;case;de;;
legenden;Legenden;case;de;;
legion;Legion;case;de;;
legionaere;Legionäre;umlaut;de;;
leidenschaft;Leidenschaft;case;de;;
leila;Leila;case;en;;
lektion;Lektion;case;de;;
lennon beatles;Lennon Beatles;case;de;;
leonardo papier;Leonardo Papier;case;de;;
leopard;Leopard;case;de;;
leoparden;Leoparden;case;de;;
leopardin;Leopardin;case;de;;
lernen;Lernen;case;de;;
lernstress ade;Lernstress ade;case;de;;
lesefestival;Lesefestival;case;de;;
leseleckerbissen;Leseleckerbissen;case;de;;
lesetraining;Lesetraining;case;de;;
lesotho;Lesotho;case;en;;
letzte;Letzte;case;de;;
letzte herausforderung;Letzte Herausforderung;case;de;;
letzte tochter versailles;Letzte Tochter Versailles;case;de;;
letzten;Letzten;case;de;;
letzten amerika;Letzten Amerika;case;de;;
letzter mann turm;Letzter Mann Turm;case;de;;
leuchtende;Leuchtende;case;de;;
leuchtturm alexandria;Leuchtturm Alexandria;case;de;;
lexikon;Lexikon;case;de;;
lexikon tiere;Lexikon Tiere;case;de;;
licht erlosch;Licht erlosch;case;de;;
licht schatten;Licht Schatten;case;de;;
licht sterne;Licht Sterne;case;de;;
liebe;Liebe;case;de;;
liebe  egal heiratest;Liebe  egal heiratest;case;de;;
liebe  gift;Liebe  Gift;case;de;;
liebe  loewin;Liebe  Löwin;umlaut;de;;
liebe  wahnsinn;Liebe  Wahnsinn;case;de;;
liebe amur;Liebe Amur;case;de;;
liebe hoffnung;Liebe Hoffnung;case;de;;
liebe loewin;Liebe Löwin;umlaut;de;;
lieben;Lieben;case;de;;
liebenden leningrad;Liebenden Leningrad;case;de;;
liebesbeweis;Liebesbeweis;case;de;;
liebesbriefe;Liebesbriefe;case;de;;
liebesgeschichten;Liebesgeschichten;case;de;;
liebeslaeufe;Liebesläufe;umlaut;de;;
liebesleben;Liebesleben;case;de;;
liebst;Liebst;case;de;;
life  strategies matters;Life  Strategies Matters;case;en;;
lila;Lila;case;de;;
linken;Linken;case;de;;
linux;Linux;case;de;;
livingstone;Livingstone;case;de;;
lob schoepferischen faulheit;Lob schöpferischen Faulheit;umlaut;de;;
lock tiger bergen;Lock Tiger Bergen;case;en;;
loewen;Löwen;umlaut;de;;
loewenhof;Löwenhof;umlaut;de;;
loewenkoenigs;Löwenkönigs;umlaut;de;;
loewinnen;Löwinnen;umlaut;de;;
lokomotivfuehrer;Lokomotivführer;umlaut;de;;
lolita;Lolita;case;de;;
lost land;Lost Land;case;de;;
lucas;Lucas;case;en;;
luege;Lüge;umlaut;de;;
luegen;Lügen;umlaut;de;;
luegen zeiten krieges;Lügen Zeiten Krieges;umlaut;de;;
luegnerin;Lügnerin;umlaut;de;;
luft;Luft;case;de;;
lulu;Lulu;case;en;;
lusitania;Lusitania;case;en;;
lust;Lust;case;de;;
luxemburg;Luxemburg;case;de;;
macabre;Macabre;case;en;;
macbeth;Macbeth;case;en;;
machen;Machen;case;de;;
macheten;Macheten;case;de;;
macho man;Macho man;case;de;;
macht;Macht;case;de;;
macht unterbewusstseins;Macht Unterbewusstseins;case;de;;
machtkampf everest;Machtkampf Everest;case;de;;
mad dogs;Mad Dogs;case;en;;
madeira;Madeira;case;en;;
maedchen;Mädchen;umlaut;de;;
maedchen zweiten gesicht;Mädchen zweiten Gesicht;umlaut;de;;
maengelexemplar;Mängelexemplar;umlaut;de;;
maenner;Männer;umlaut;de;;
maenner normale wahnsinn;Männer normale Wahnsinn;umlaut;de;;
maenner staubsaugen sex;Männer staubsaugen Sex;umlaut;de;;
maerchen;Märchen;umlaut;de;;
maerchenprinzen;Märchenprinzen;umlaut;de;;
maertyrer;Märtyrer;umlaut;de;;
magazin;Magazin;case;de;;
magd haus;Magd Haus;case;de;;
maggie lady;Maggie Lady;case;en;;
magische;Magische;case;de;;
magische pfeil;Magische Pfeil;case;de;;
magische route;Magische Route;case;de;;
magischer kontinent australien;Magischer Kontinent Australien;case;de;;
maharani;Maharani;case;en;;
mailand;Mailand;case;de;;
majestic;Majestic;case;en;;
majorca;Majorca;case;en;;
makel;Makel;case;de;;
malaysia;Malaysia;case;de;;
malta;Malta;case;de;;
mama ich;Mama ich;case;de;;
mammutjaeger;Mammutjäger;umlaut;de;;
man management;Man Management;case;de;;
management;Management;case;de;;
manager;Manager;case;de;;
manager-knigge;Manager-Knigge;case;de;;
managing brand;Managing Brand;case;en;;
managt natur;Managt Natur;case;de;;
manchmal;Manchmal;case;de;;
mandarin;Mandarin;case;de;;
mandel;Mandel;case;de;;
mandelbaumtor;Mandelbaumtor;case;de;;
mandelblueten;Mandelblüten;umlaut;de;;
mandelduft;Mandelduft;case;de;;
manhattan;Manhattan;case;de;;
manila;Manila;case;de;;
manipulation;Manipulation;case;de;;
mann buch;Mann Buch;case;de;;
mann buddha;Mann Buddha;case;de;;
mann meer;Mann Meer;case;de;;
mann vater;Mann Vater;case;de;;
mao;Mao;case;de;;
maori;Maori;case;de;;
mara;Mara;case;en;;
marathon;Marathon;case;de;;
marco;Marco;case;en;;
mariana;Mariana;case;en;;
marina;Marina;case;en;;
marke;Marke;case;de;;
marketing;Marketing;case;de;;
marokko;Marokko;case;de;;
marquise;Marquise;case;de;;
mars venus;Mars Venus;case;de;;
marsch;Marsch;case;de;;
marx;Marx;case;de;;
mary poppins;Mary Poppins;case;en;;
masada;Masada;case;en;;
masken muetter;Masken Mütter;umlaut;de;;
mass;Maß;umlaut;de;;
massage;Massage;case;de;;
matterhorns;Matterhorns;case;de;;
mattscheibe;Mattscheibe;case;de;;
mauertaenzer;Mauertänzer;umlaut;de;;
maui;Maui;case;en;;
maya;Maya;case;de;;
medici;Medici;case;de;;
medici-siegel;Medici-Siegel;case;de;;
meer;Meer;case;de;;
meer trennt;Meer trennt;case;de;;
meereshoehe;Meereshöhe;umlaut;de;;
meg;Meg;case;en;;
meine marke;Meine Marke;case;de;;
meiner;Meiner;case;de;;
meister siebten siegels;Meister siebten Siegels;case;de;;
meisterstueck;Meisterstück;umlaut;de;;
meisterwerke schoepfung;Meisterwerke Schöpfung;umlaut;de;;
memoiren;Memoiren;case;de;;
memoiren 3;Memoiren 3;case;de;;
memsahib;Memsahib;case;en;;
mensch;Mensch;case;de;;
mensch gehirn;Mensch Gehirn;case;de;;
menschen;Menschen;case;de;;
menschenfressern;Menschenfressern;case;de;;
menschenhai;Menschenhai;case;de;;
menschenkind;Menschenkind;case;de;;
menschheit;Menschheit;case;de;;
merlin feuerproben;Merlin Feuerproben;case;de;;
messerhelden;Messerhelden;case;de;;
messias;Messias;case;de;;
metamorphose menschheit 3;Metamorphose Menschheit 3;case;de;;
meuterei;Meuterei;case;de;;
meuterei bounty;Meuterei Bounty;case;de;;
mexikanischer tango;Mexikanischer Tango;case;de;;
mexiko;Mexiko;case;de;;
michael;Michael;case;de;;
microsoft-story;Microsoft-Story;case;de;;
mill-farm;Mill-Farm;case;en;;
millionaire;Millionaire;case;en;;
millionen;Millionen;case;de;;
minnesaenger;Minnesänger;umlaut;de;;
minuten;Minuten;case;de;;
missed;Missed;case;en;;
mission  scientology;Mission  Scientology;case;de;;
missionar;Missionar;case;de;;
missions speciales;Missions Speciales;case;en;;
mississippi;Mississippi;case;de;;
mitbestimmung;Mitbestimmung;case;de;;
mitte;Mitte;case;de;;
mob;Mob;case;de;;
modemacher;Modemacher;case;de;;
moderne laenderlexikon;Moderne Länderlexikon;umlaut;de;;
moehrchen;Möhrchen;umlaut;de;;
moench;Mönch;umlaut;de;;
moerders;Mörders;umlaut;de;;
mogul;Mogul;case;de;;
mond;Mond;case;de;;
mond schatten;Mond Schatten;case;de;;
mondamulett;Mondamulett;case;de;;
mondbaum;Mondbaum;case;de;;
mondscheintarif;Mondscheintarif;case;de;;
mongole;Mongole;case;de;;
monster tierwelt;Monster Tierwelt;case;de;;
moor;Moor;case;de;;
moore zitadelle;Moore Zitadelle;case;de;;
morgen anderer tag;Morgen anderer Tag;case;de;;
morgengrauen;Morgengrauen;case;de;;
morgenland;Morgenland;case;de;;
morgenroete;Morgenröte;umlaut;de;;
morgens welt ordnung;Morgens Welt Ordnung;case;de;;
morgenstern;Morgenstern;case;de;;
moses;Moses;case;de;;
moskau;Moskau;case;de;;
mozart;Mozart;case;de;;
muenchner;Münchner;umlaut;de;;
muenze china;Münze China;umlaut;de;;
muetter maennern;Mütter Männern;umlaut;de;;
muetze lebens;Mütze Lebens;umlaut;de;;
museen;Museen;case;de;;
musik;Musik;case;de;;
muslime jesus;Muslime Jesus;case;de;;
mussten;Mussten;case;de;;
mustergatte;Mustergatte;case;de;;
musterknabe;Musterknabe;case;de;;
mutter;Mutter;case;de;;
mutter seelen allein;Mutter Seelen allein;case;de;;
mutterliebe warum stark;Mutterliebe warum stark;case;de;;
muttersoehne;Muttersöhne;umlaut;de;;
myanmar;Myanmar;case;en;;
myron;Myron;case;en;;
mythologie;Mythologie;case;de;;
nabob;Nabob;case;en;;
nachbar china;Nachbar China;case;de;;
nachhilfestunde;Nachhilfestunde;case;de;;
nacht;Nacht;case;de;;
nacht kalifen;Nacht Kalifen;case;de;;
nacht loewen;Nacht Löwen;umlaut;de;;
nachtschicht;Nachtschicht;case;de;;
nachtzug;Nachtzug;case;de;;
naechsten;Nächsten;umlaut;de;;
naechte messer;Nächte Messer;umlaut;de;;
nahrung;Nahrung;case;de;;
nahrungsmittel;Nahrungsmittel;case;de;;
namen kinder;Namen Kinder;case;de;;
namibia;Namibia;case;de;;
nashorn;Nashorn;case;de;;
nationalparks welt;Nationalparks Welt;case;de;;
natron handbuch;Natron Handbuch;case;de;;
natuerlich;Natürlich;umlaut;de;;
natuerlich weiblich;Natürlich weiblich;umlaut;de;;
natur;Natur;case;de;;
naturerbe;Naturerbe;case;de;;
naturgarten;Naturgarten;case;de;;
naturheilkunde;Naturheilkunde;case;de;;
naturparks;Naturparks;case;de;;
nazareth;Nazareth;case;en;;
nebel;Nebel;case;de;;
nefertiti;Nefertiti;case;en;;
neger schornsteinfeger;Neger Schornsteinfeger;case;de;;
nehmt ernst;Nehmt ernst;case;de;;
nehmt uns endlich ernst;Nehmt uns endlich ernst;case;de;;
nein amen;Nein amen;case;de;;
nelsons;Nelsons;case;en;;
nervenkitzel;Nervenkitzel;case;de;;
nest;Nest;case;de;;
nettesten;Nettesten;case;de;;
netz;Netz;case;de;;
netze;Netze;case;de;;
neue russland;Neue Russland;case;de;;
neuen ufern;Neuen Ufern;case;de;;
neuengland;Neuengland;case;de;;
neues;Neues;case;de;;
neuguinea;Neuguinea;case;de;;
neukoelln;Neukölln;umlaut;de;;
neuland;Neuland;case;de;;
neunte;Neunte;case;de;;
neuseeland;Neuseeland;case;de;;
new earth;New Earth;case;en;;
new york;New York;case;de;;
next;Next;case;en;;
nice;Nice;case;en;;
nicht tag;Nicht Tag;case;de;;
nicht war noch;Nicht war noch;case;de;;
nichts hoffnung gepaeck;Nichts Hoffnung Gepäck;umlaut;de;;
nichts wahrheit;Nichts Wahrheit;case;de;;
niemals;Niemals;case;de;;
niemand sieht weinst;Niemand sieht weinst;case;de;;
niemands;Niemands;case;de;;
night;Night;case;en;;
nikotin 0;Nikotin 0;case;de;;
nil;Nil;case;de;;
nimitz;Nimitz;case;en;;
nineteen;Nineteen;case;en;;
nirgendwo;Nirgendwo;case;de;;
no  exit;No  Exit;case;en;;
noch;Noch;case;de;;
nomadentochter;Nomadentochter;case;de;;
nordic;Nordic;case;en;;
nordindien;Nordindien;case;de;;
nordseekueste schleswig;Nordseeküste Schleswig;umlaut;de;;
nordwestkueste amerikas;Nordwestküste Amerikas;umlaut;de;;
nordwestpassage;Nordwestpassage;case;de;;
norm;Norm;case;de;;
norma;Norma;case;en;;
normalen;Normalen;case;de;;
northern territory;Northern Territory;case;en;;
nostradamus;Nostradamus;case;en;;
nostradamus jahrtausendwende;Nostradamus Jahrtausendwende;case;de;;
notwehr;Notwehr;case;de;;
november;November;case;de;;
novembermoerder;Novembermörder;umlaut;de;;
now;Now;case;en;;
nutella kochbuch;Nutella Kochbuch;case;de;;
oben;Oben;case;de;;
october;October;case;en;;
odessa;Odessa;case;de;;
odysseus;Odysseus;case;en;;
oekoroutine;Ökoroutine;umlaut;de;;
oelwaffe;Ölwaffe;umlaut;de;;
oelzweig;Ölzweig;umlaut;de;;
oesterreich weltmeister;Österreich Weltmeister;umlaut;de;;
of lying;Of Lying;case;en;;
ohne;Ohne;case;de;;
ohne wenn aber;Ohne wenn aber;case;de;;
oldtimer;Oldtimer;case;de;;
olympisches;Olympisches;case;de;;
omas haushaltstipps;Omas Haushaltstipps;case;de;;
omega;Omega;case;de;;
onkel;Onkel;case;de;;
open book management;Open Book Management;case;en;;
operation;Operation;case;de;;
operation heiliges grab;Operation heiliges Grab;case;de;;
option b;Option b;case;de;;
orangen;Orangen;case;de;;
orchideen;Orchideen;case;de;;
orden;Orden;case;de;;
ordnung;Ordnung;case;de;;
organsprache;Organsprache;case;de;;
ost-kanada;Ost-Kanada;case;de;;
ostdeutschen;Ostdeutschen;case;de;;
osten rot;Osten rot;case;de;;
ostens;Ostens;case;de;;
osterinsel;Osterinsel;case;de;;
ostfriesland;Ostfriesland;case;de;;
oswald;Oswald;case;en;;
outback;Outback;case;en;;
outsider;Outsider;case;de;;
ozean;Ozean;case;de;;
ozeanien;Ozeanien;case;de;;
ozeans;Ozeans;case;de;;
pacific private;Pacific Private;case;en;;
pakistan;Pakistan;case;de;;
palermo;Palermo;case;de;;
palmen warschau;Palmen Warschau;case;de;;
palomino molero;Palomino Molero;case;en;;
pampers;Pampers;case;en;;
pan tau;Pan Tau;case;de;;
panda;Panda;case;en;;
papaya;Papaya;case;en;;
papstes;Papstes;case;de;;
paradeplatz;Paradeplatz;case;de;;
paradies;Paradies;case;de;;
paranoia;Paranoia;case;de;;
paranormal;Paranormal;case;en;;
parasit;Parasit;case;de;;
parmenides;Parmenides;case;en;;
pasta pasta;Pasta Pasta;case;de;;
patagonia;Patagonia;case;en;;
patagonien;Patagonien;case;de;;
pater;Pater;case;de;;
pathless;Pathless;case;en;;
pathologin;Pathologin;case;de;;
patienten;Patienten;case;de;;
paulas new-york-buch;Paulas New-York-Buch;case;de;;
peking;Peking;case;de;;
pelikan;Pelikan;case;de;;
pendler;Pendler;case;de;;
perestroika;Perestroika;case;de;;
perfect;Perfect;case;en;;
perfekte;Perfekte;case;de;;
perfekte mallorca;Perfekte Mallorca;case;de;;
perfektesten 1440;Perfektesten 1440;case;de;;
perlen;Perlen;case;de;;
perser;Perser;case;de;;
persien;Persien;case;de;;
persische;Persische;case;de;;
perspektive unternehmensberatung 2013;Perspektive Unternehmensberatung 2013;case;de;;
peru;Peru;case;de;;
pest;Pest;case;de;;
petersburg;Petersburg;case;de;;
pfeife;Pfeife;case;de;;
pfeiler gluecks;Pfeiler Glücks;umlaut;de;;
pferd chile;Pferd Chile;case;de;;
pferde;Pferde;case;de;;
pflanzenmoench;Pflanzenmönch;umlaut;de;;
pforte himmelreich;Pforte Himmelreich;case;de;;
phantom;Phantom;case;de;;
pharao;Pharao;case;de;;
pharaonen;Pharaonen;case;de;;
philosophin;Philosophin;case;de;;
phoenix;Phönix;umlaut;de;;
physiker;Physiker;case;de;;
pi;Pi;case;de;;
piaf;Piaf;case;en;;
picasso;Picasso;case;de;;
pigeon;Pigeon;case;en;;
piloten;Piloten;case;de;;
pinguine;Pinguine;case;de;;
pinocchio;Pinocchio;case;de;;
pioniere enkel;Pioniere Enkel;case;de;;
pirat;Pirat;case;de;;
piraten;Piraten;case;de;;
pjoengjang;Pjöngjang;umlaut;de;;
plage;Plage;case;de;;
planet;Planet;case;de;;
please mom;Please Mom;case;en;;
po;Po;case;de;;
pocahontas;Pocahontas;case;en;;
polizist;Polizist;case;de;;
polo;Polo;case;en;;
polstuermer;Polstürmer;umlaut;de;;
pompeji;Pompeji;case;de;;
portraet heimat;Porträt Heimat;umlaut;de;;
portugal;Portugal;case;de;;
posaune;Posaune;case;de;;
positiven;Positiven;case;de;;
postmann;Postmann;case;de;;
potter philosopher's;Potter philosopher's;case;en;;
power base selling;Power Base Selling;case;en;;
prachtstueck;Prachtstück;umlaut;de;;
prada;Prada;case;en;;
prado;Prado;case;de;;
pray;Pray;case;en;;
primary;Primary;case;en;;
prinz william;Prinz William;case;de;;
prinzessin;Prinzessin;case;de;;
prinzip;Prinzip;case;de;;
professional internet;Professional Internet;case;en;;
profi;Profi;case;de;;
programmieren;Programmieren;case;de;;
programmieren.;Programmieren.;case;de;;
prominent;Prominent;case;de;;
propaganda;Propaganda;case;de;;
prophet;Prophet;case;de;;
prophet vergangenheit;Prophet Vergangenheit;case;de;;
propheten;Propheten;case;de;;
prophezeiungen;Prophezeiungen;case;de;;
prospect;Prospect;case;en;;
provence;Provence;case;en;;
prozess;Prozess;case;de;;
pruefung;Prüfung;umlaut;de;;
pruegelknabe;Prügelknabe;umlaut;de;;
psyche;Psyche;case;de;;
psychologe;Psychologe;case;de;;
psychologie;Psychologie;case;de;;
puls;Puls;case;de;;
puppen;Puppen;case;de;;
pur;Pur;case;de;;
purpur;Purpur;case;de;;
purpur diamant;Purpur Diamant;case;de;;
purpurnen fluesse;Purpurnen Flüsse;umlaut;de;;
pyramiden;Pyramiden;case;de;;
python;Python;case;de;;
q-agent;Q-Agent;case;de;;
quecksilber;Quecksilber;case;de;;
queensland;Queensland;case;de;;
quints;Quints;case;en;;
qumran;Qumran;case;en;;
quo;Quo;case;en;;
quorum;Quorum;case;de;;
rache;Rache;case;de;;
rache medici;Rache Medici;case;de;;
rachel;Rachel;case;en;;
radau;Radau;case;de;;
radio journalismus;Radio Journalismus;case;de;;
radtouren alpenvorland;Radtouren Alpenvorland;case;de;;
raeder;Räder;umlaut;de;;
raender;Ränder;umlaut;de;;
raetsel familiengruft;Rätsel Familiengruft;umlaut;de;;
rain-man;Rain-man;case;de;;
rambo 3;Rambo 3;case;en;;
raphaels frauen;Raphaels Frauen;case;de;;
raumfahrt report;Raumfahrt Report;case;de;;
reader's auswahlbuecher;reader's Auswahlbücher;umlaut;de;;
readers auswahlbuecher;Readers Auswahlbücher;umlaut;de;;
rebellenwitwe;Rebellenwitwe;case;de;;
rebellin;Rebellin;case;de;;
recht;Recht;case;de;;
rechtsverdreher;Rechtsverdreher;case;de;;
recyceln;Recyceln;case;de;;
reeder;Reeder;case;de;;
regeln gluecks;Regeln Glücks;umlaut;de;;
regenbogentruppe;Regenbogentruppe;case;de;;
regenhaenden;Regenhänden;umlaut;de;;
regenkoenigin;Regenkönigin;umlaut;de;;
regentin;Regentin;case;de;;
reichen anders;Reichen anders;case;de;;
reichste;Reichste;case;de;;
reise;Reise;case;de;;
reise kaiser;Reise Kaiser;case;de;;
reiseflughoehe;Reiseflughöhe;umlaut;de;;
reisen;Reisen;case;de;;
reisen leary;Reisen Leary;case;de;;
reisen paulus;Reisen Paulus;case;de;;
reisepass;Reisepass;case;de;;
relax;Relax;case;de;;
remains;Remains;case;en;;
remarkably;Remarkably;case;en;;
rendezvous;Rendezvous;case;de;;
rendite;Rendite;case;de;;
rennsteig;Rennsteig;case;de;;
rentenplaner;Rentenplaner;case;de;;
rentnerkoenig;Rentnerkönig;umlaut;de;;
report;Report;case;de;;
reporterin;Reporterin;case;de;;
reserve;Reserve;case;de;;
resistent;Resistent;case;de;;
rest relax vietnam;Rest Relax Vietnam;case;de;ja;
reste meer;Reste Meer;case;de;;
restlos;Restlos;case;de;;
resturlaub;Resturlaub;case;de;;
rette;Rette;case;de;;
rettung;Rettung;case;de;;
reue;Reue;case;de;;
revanche;Revanche;case;de;;
revolution;Revolution;case;de;;
revolution autoindustrie;Revolution Autoindustrie;case;de;;
revolver;Revolver;case;de;;
rezepte lebens;Rezepte Lebens;case;de;;
rhodos;Rhodos;case;de;;
rhythmus lebens;Rhythmus Lebens;case;de;;
rich;Rich;case;en;;
richter;Richter;case;de;;
richtige;Richtige;case;de;;
richtigen zeitpunkt;Richtigen Zeitpunkt;case;de;;
rides;Rides;case;en;;
riesige;Riesige;case;de;;
riff;Riff;case;de;;
ringeltaube;Ringeltaube;case;de;;
ripper;Ripper;case;en;;
risikomanagement;Risikomanagement;case;de;;
riskantes manoever;Riskantes Manöver;umlaut;de;;
risse;Risse;case;de;;
ritter;Ritter;case;de;;
rittersagen;Rittersagen;case;de;;
ritual;Ritual;case;de;;
rituale;Rituale;case;de;;
river;River;case;en;;
river violence;River Violence;case;en;;
river-god;River-God;case;en;;
rochen;Rochen;case;de;;
rockmusik;Rockmusik;case;de;;
rockstar;Rockstar;case;de;;
rod;Rod;case;en;;
roemer;Römer;umlaut;de;;
roemische;Römische;umlaut;de;;
rohkost;Rohkost;case;de;;
rolltreppe;Rolltreppe;case;de;;
rom;Rom;case;de;;
romanen;Romanen;case;de;;
romanleserin;Romanleserin;case;de;;
rose;Rose;case;de;;
rose  tibet;Rose  Tibet;case;de;;
rosen;Rosen;case;de;;
rosenbeet;Rosenbeet;case;de;;
rosenkriege;Rosenkriege;case;de;;
rot;Rot;case;de;;
rote;Rote;case;de;;
rote frau;Rote Frau;case;de;;
roten matrosen;Roten Matrosen;case;de;;
roter;Roter;case;de;;
roter sand;Roter Sand;case;de;;
roter staub;Roter Staub;case;de;;
rothschild;Rothschild;case;de;;
routen;Routen;case;de;;
rubinroter dschungel;Rubinroter Dschungel;case;de;;
rueckkehr;Rückkehr;umlaut;de;;
ruf;Ruf;case;de;;
ruf muschelhorns;Ruf Muschelhorns;case;de;;
ruht;Ruht;case;de;;
runen;Runen;case;de;;
rush;Rush;case;en;;
russland;Russland;case;de;;
saegewerk;Sägewerk;umlaut;de;;
saenfte;Sänfte;umlaut;de;;
saet;Sät;umlaut;de;;
safari;Safari;case;de;;
said;Said;case;en;;
saigon;Saigon;case;de;;
saladin;Saladin;case;de;;
salem;Salem;case;en;;
salesman;Salesman;case;en;;
salz;Salz;case;de;;
salzstaedte;Salzstädte;umlaut;de;;
sammel;Sammel;case;de;;
samoa;Samoa;case;en;;
san;San;case;de;;
san-michele;San-Michele;case;en;;
sand;Sand;case;de;;
sand begrub;Sand begrub;case;de;;
sandwolken;Sandwolken;case;de;;
sansibar;Sansibar;case;de;;
santa evita;Santa Evita;case;en;;
sardinien;Sardinien;case;de;;
sari;Sari;case;en;;
satanische verhandlungskunst;Satanische Verhandlungskunst;case;de;;
satans augen;Satans Augen;case;de;;
satans insel;Satans Insel;case;de;;
sauerei;Sauerei;case;de;;
schachautomat;Schachautomat;case;de;;
schaefer tausend;Schäfer tausend;umlaut;de;;
schaendung;Schändung;umlaut;de;;
schaf;Schaf;case;de;;
schafe;Schafe;case;de;;
scharlachrote;Scharlachrote;case;de;;
schatten;Schatten;case;de;;
schatten florenz;Schatten Florenz;case;de;;
schatten fluegel;Schatten Flügel;umlaut;de;;
schatten globalisierung;Schatten Globalisierung;case;de;;
schattenland;Schattenland;case;de;;
schattenmacher;Schattenmacher;case;de;;
schattenmesser;Schattenmesser;case;de;;
schattenmund;Schattenmund;case;de;;
schattennaechte;Schattennächte;umlaut;de;;
schattentanz;Schattentanz;case;de;;
schatz hose rutscht;Schatz Hose rutscht;case;de;;
schatzsuche;Schatzsuche;case;de;;
scheide kann;Scheide kann;case;de;;
scheidet;Scheidet;case;de;;
scheiss;Scheiß;umlaut;de;;
scheisskerle;Scheißkerle;umlaut;de;;
schelme;Schelme;case;de;;
schiff apulien;Schiff Apulien;case;de;;
schiff versuchung;Schiff Versuchung;case;de;;
schiffbruch tiger;Schiffbruch Tiger;case;de;;
schiffsmeldungen;Schiffsmeldungen;case;de;;
schildkroeten;Schildkröten;umlaut;de;;
schimmernder;Schimmernder;case;de;;
schimpansen;Schimpansen;case;de;;
schlacht;Schlacht;case;de;;
schlacht atlantik;Schlacht Atlantik;case;de;;
schlaechter;Schlächter;umlaut;de;;
schlafen;Schlafen;case;de;;
schlafende hunde;Schlafende Hunde;case;de;;
schlaflose;Schlaflose;case;de;;
schlange;Schlange;case;de;;
schlangenhaus;Schlangenhaus;case;de;;
schlank stress;Schlank Stress;case;de;;
schlau dumm;Schlau dumm;case;de;;
schliesse;Schließe;umlaut;de;;
schloss andern;Schloss andern;case;de;;
schluessel;Schlüssel;umlaut;de;;
schlund;Schlund;case;de;;
schmutzigen;Schmutzigen;case;de;;
schnapsstadt;Schnapsstadt;case;de;;
schneeflockenbaum;Schneeflockenbaum;case;de;;
schnees;Schnees;case;de;;
schneetänzerin;Schneetänzerin;case;de;;
schnelles;Schnelles;case;de;;
schnitt;Schnitt;case;de;;
schnuert mystiker schuhe;Schnürt Mystiker Schuhe;umlaut;de;;
schoen;Schön;umlaut;de;;
schoenheit;Schönheit;umlaut;de;;
schoenheitsfarm;Schönheitsfarm;umlaut;de;;
schoenheitslinie;Schönheitslinie;umlaut;de;;
schokoladeneis;Schokoladeneis;case;de;;
schokoladenkuesse;Schokoladenküsse;umlaut;de;;
schottenrock;Schottenrock;case;de;;
schraenken;Schränken;umlaut;de;;
schreiben;Schreiben;case;de;;
schreibens;Schreibens;case;de;;
schreibkunst;Schreibkunst;case;de;;
schrift;Schrift;case;de;;
schriftrolle;Schriftrolle;case;de;;
schriftsteller;Schriftsteller;case;de;;
schueler  side;Schüler  Side;umlaut;de;;
schuelerladen rote  freiheit;Schülerladen rote  Freiheit;umlaut;de;;
schuld;Schuld;case;de;;
schulfach glueck;Schulfach Glück;umlaut;de;;
schulhof;Schulhof;case;de;;
schulversagen;Schulversagen;case;de;;
schwaene;Schwäne;umlaut;de;;
schwan;Schwan;case;de;;
schwanger;Schwanger;case;de;;
schwangerschaft geburt;Schwangerschaft Geburt;case;de;;
schwarz;Schwarz;case;de;;
schwarze;Schwarze;case;de;;
schwarze baron;Schwarze Baron;case;de;;
schwarze moench;Schwarze Mönch;umlaut;de;;
schwarze tod;Schwarze Tod;case;de;;
schwarzen see;Schwarzen See;case;de;;
schwarzer;Schwarzer;case;de;;
schwarzer himmel;Schwarzer Himmel;case;de;;
schwarzrotgeld;Schwarzrotgeld;case;de;;
schwebezustand;Schwebezustand;case;de;;
schweden;Schweden;case;de;;
schweitzer;Schweitzer;case;de;;
schweiz;Schweiz;case;de;;
schwert;Schwert;case;de;;
schwerter;Schwerter;case;de;;
schwester;Schwester;case;de;;
schwestern;Schwestern;case;de;;
schwestern halbmond;Schwestern Halbmond;case;de;;
schwierigen;Schwierigen;case;de;;
schwimmen;Schwimmen;case;de;;
scipio;Scipio;case;en;;
scorecard;Scorecard;case;en;;
secret;Secret;case;en;;
seele;Seele;case;de;;
seelen;Seelen;case;de;;
seelsorge;Seelsorge;case;de;;
seerosenspiel;Seerosenspiel;case;de;;
segeln;Segeln;case;de;;
sehen;Sehen;case;de;;
sehen dort oben;Sehen dort oben;case;de;;
sehnsucht;Sehnsucht;case;de;;
seide;Seide;case;de;;
seidenbaronin;Seidenbaronin;case;de;;
seidene;Seidene;case;de;;
seidenmanufaktur;Seidenmanufaktur;case;de;;
seiltanz;Seiltanz;case;de;;
seit fort bist;Seit fort bist;case;de;;
sekte;Sekte;case;de;;
selbst;Selbst;case;de;;
serengeti;Serengeti;case;en;;
sex;Sex;case;de;;
sex-berater;Sex-Berater;case;de;;
sexualitaet;Sexualität;umlaut;de;;
sexualitaet schoepfungsplan;Sexualität Schöpfungsplan;umlaut;de;;
sexuelle;Sexuelle;case;de;;
sexuellen phantasien;Sexuellen Phantasien;case;de;;
sexus;Sexus;case;de;;
seychellen;Seychellen;case;de;;
shanghai;Shanghai;case;en;;
shannon;Shannon;case;en;;
sharks;Sharks;case;en;;
shell;Shell;case;de;;
shining;Shining;case;en;;
shootout;Shootout;case;en;;
shopaholic;Shopaholic;case;en;;
sibirische;Sibirische;case;de;;
sichtbar;Sichtbar;case;de;;
sie;Sie;case;de;;
sieben;Sieben;case;de;;
siebenten;Siebenten;case;de;;
siebte;Siebte;case;de;;
siegelring;Siegelring;case;de;;
siegels;Siegels;case;de;;
sieht;Sieht;case;de;;
silberne;Silberne;case;de;;
silberstreifen horizont;Silberstreifen Horizont;case;de;;
silvia;Silvia;case;en;;
simplify;Simplify;case;en;;
sins;Sins;case;en;;
sirenen bagdad;Sirenen Bagdad;case;de;;
skandinavien finnland;Skandinavien Finnland;case;de;;
sklave;Sklave;case;de;;
sklavenkind;Sklavenkind;case;de;;
sklavenschiff;Sklavenschiff;case;de;;
sklavin;Sklavin;case;de;;
sliver;Sliver;case;en;;
society;Society;case;en;;
socken;Socken;case;de;;
soehne;Söhne;umlaut;de;;
sofa;Sofa;case;de;;
sohn;Sohn;case;de;;
soldatensender calais;Soldatensender Calais;case;de;;
sollte;Sollte;case;de;;
somebody;Somebody;case;en;;
sommer;Sommer;case;de;;
sommer geheimnisse;Sommer Geheimnisse;case;de;;
sommerfaenger;Sommerfänger;umlaut;de;;
sommerglanz;Sommerglanz;case;de;;
sommers;Sommers;case;de;;
sommerwind;Sommerwind;case;de;;
sonderappell;Sonderappell;case;de;;
songs;Songs;case;de;;
sonnen;Sonnen;case;de;;
sonnenaufgang;Sonnenaufgang;case;de;;
sonnenjungfrau;Sonnenjungfrau;case;de;;
sonnenkoenig;Sonnenkönig;umlaut;de;;
sonnentochter;Sonnentochter;case;de;;
sonst;Sonst;case;de;;
sopranistin koenigin;Sopranistin Königin;umlaut;de;;
sorry;Sorry;case;en;;
sorry hotel abgebrannt;Sorry Hotel abgebrannt;case;de;;
sorry landebahn;Sorry Landebahn;case;de;;
soul survivor;Soul Survivor;case;en;;
southeast asia shoestring;Southeast Asia Shoestring;case;en;;
southwest;Southwest;case;en;;
sowjetunion;Sowjetunion;case;de;;
spa;Spa;case;en;;
spaet;Spät;umlaut;de;;
spaetsommerliebe;Spätsommerliebe;umlaut;de;;
spaniens;Spaniens;case;de;;
sparkles;Sparkles;case;en;;
speer;Speer;case;de;;
spekulant;Spekulant;case;de;;
spider-man;Spider-Man;case;en;;
spiderweb;Spiderweb;case;en;;
spiegel;Spiegel;case;de;;
spiegelmacher;Spiegelmacher;case;de;;
spiegelstadt;Spiegelstadt;case;de;;
spielball goetter;Spielball Götter;umlaut;de;;
spiele;Spiele;case;de;;
spielregeln;Spielregeln;case;de;;
spinne;Spinne;case;de;;
spion;Spion;case;de;;
spionin;Spionin;case;de;;
sportbootfuehrerschein r-schein;Sportbootführerschein r-Schein;umlaut;de;;
sprachverfuehrer;Sprachverführer;umlaut;de;;
spring wheel time;Spring Wheel Time;case;en;;
spuren;Spuren;case;de;;
spuren schnee;Spuren Schnee;case;de;;
sri lanka;Sri Lanka;case;de;;
staaten 1945;Staaten 1945;case;de;;
staatsbankrott;Staatsbankrott;case;de;;
staatsgruendung;Staatsgründung;umlaut;de;;
stadt;Stadt;case;de;;
stadtgeschichten;Stadtgeschichten;case;de;;
staerker krebs;Stärker Krebs;umlaut;de;;
stalin;Stalin;case;de;;
stalin hof zaren;Stalin Hof Zaren;case;de;;
stalingrad;Stalingrad;case;de;;
stark;Stark;case;de;;
stark dark half;Stark Dark Half;case;en;;
starke frauen;Starke Frauen;case;de;;
statistische;Statistische;case;de;;
statthalter;Statthalter;case;de;;
steckbrieflich gesucht;Steckbrieflich gesucht;case;de;;
stecker;Stecker;case;de;;
steht umgekehrt;Steht umgekehrt;case;de;;
steiermark;Steiermark;case;de;;
steiner 2;Steiner 2;case;en;;
steinerne;Steinerne;case;de;;
steinzeit;Steinzeit;case;de;;
stell herz sommerzeit;Stell Herz Sommerzeit;case;de;;
stephanie kurierin kaisers;Stephanie Kurierin Kaisers;case;de;;
sterben;Sterben;case;de;;
sterben jerusalem;Sterben Jerusalem;case;de;;
sterbende;Sterbende;case;de;;
sterbenden;Sterbenden;case;de;;
stern kalifornien;Stern Kalifornien;case;de;;
sterne zodiac;Sterne Zodiac;case;en;;
sternstunden weltgeschichte;Sternstunden Weltgeschichte;case;de;;
steve;Steve;case;de;;
stich;Stich;case;de;;
stiere;Stiere;case;de;;
stigmata;Stigmata;case;de;;
stille;Stille;case;de;;
stimme;Stimme;case;de;;
stimmen;Stimmen;case;de;;
stirn gerunzelt;Stirn gerunzelt;case;de;;
stonehenge;Stonehenge;case;de;;
stoner meer;Stoner Meer;case;de;;
stop;Stop;case;en;;
stopp alterungsprozesses;Stopp Alterungsprozesses;case;de;;
story;Story;case;de;;
strand;Strand;case;de;;
strandrosensommer;Strandrosensommer;case;de;;
stranger greece;Stranger Greece;case;en;;
strasse;Straße;umlaut;de;;
strasse nirgendwo;Straße nirgendwo;umlaut;de;;
strassen;Straßen;umlaut;de;;
strassen des himmels;Straßen des Himmels;umlaut;de;;
strategen;Strategen;case;de;;
strategie;Strategie;case;de;;
strauss;Strauss;case;de;;
streiche;Streiche;case;de;;
stress;Stress;case;de;;
strom;Strom;case;de;;
stuerme;Stürme;umlaut;de;;
stumme;Stumme;case;de;;
stumme herzogin;Stumme Herzogin;case;de;;
stunde;Stunde;case;de;;
sturm;Sturm;case;de;;
sturmfaengerin;Sturmfängerin;umlaut;de;;
sturms;Sturms;case;de;;
subjektiv;Subjektiv;case;de;;
suche verlorenen glueck;Suche verlorenen Glück;umlaut;de;;
suchkind 212;Suchkind 212;case;de;;
sudan antike nil;Sudan antike Nil;case;de;;
sue maedchen mandelaugen;Sue Mädchen Mandelaugen;umlaut;de;;
suedafrika;Südafrika;umlaut;de;;
suedamerika;Südamerika;umlaut;de;;
suedamerika 3;Südamerika 3;umlaut;de;;
suedengland;Südengland;umlaut;de;;
suedens;Südens;umlaut;de;;
suedliches afrika;Südliches Afrika;umlaut;de;;
suedpol;Südpol;umlaut;de;;
suedreich;Südreich;umlaut;de;;
suedrussland;Südrussland;umlaut;de;;
suedschweden;Südschweden;umlaut;de;;
suedsee tropenwelt;Südsee Tropenwelt;umlaut;de;;
suedwesten;Südwesten;umlaut;de;;
suedwestfrankreich;Südwestfrankreich;umlaut;de;;
suehne;Sühne;umlaut;de;;
suendige;Sündige;umlaut;de;;
suesse;Süße;umlaut;de;;
suesser vogel schatten;Süßer Vogel Schatten;umlaut;de;;
sumerer;Sumerer;case;de;;
sumpf;Sumpf;case;de;;
sunny;Sunny;case;en;;
super learning;Super Learning;case;en;;
superweib;Superweib;case;de;;
survive 3;Survive 3;case;en;;
survive radfahrer;Survive Radfahrer;case;de;;
sydney;Sydney;case;de;;
symbolik;Symbolik;case;de;;
systemfehler;Systemfehler;case;de;;
tabu;Tabu;case;de;;
taeufers;Täufers;umlaut;de;;
taeuschung;Täuschung;umlaut;de;;
tafelspitzen;Tafelspitzen;case;de;;
tagebuch armut;Tagebuch Armut;case;de;;
tagebuch skandals;Tagebuch Skandals;case;de;;
taifun;Taifun;case;de;;
taiga;Taiga;case;de;;
taiwan;Taiwan;case;de;;
tal dorf;Tal Dorf;case;de;;
tal geysire;Tal Geysire;case;de;;
tal goetter;Tal Götter;umlaut;de;;
tal lebens;Tal Lebens;case;de;;
talon;Talon;case;de;;
tam tam;Tam Tam;case;en;;
tanger;Tanger;case;de;;
tangled;Tangled;case;en;;
tango eros;Tango Eros;case;de;;
tanz;Tanz;case;de;;
tao;Tao;case;en;;
tao hoehlenmaler;Tao Höhlenmaler;umlaut;de;;
tarnkappe;Tarnkappe;case;de;;
tatham mound;Tatham Mound;case;en;;
taube;Taube;case;de;;
tauchplaetze;Tauchplätze;umlaut;de;;
taufbecken;Taufbecken;case;de;;
taugenichts;Taugenichts;case;de;;
tausend;Tausend;case;de;;
teemeisterin;Teemeisterin;case;de;;
teerose;Teerose;case;de;;
tell;Tell;case;en;;
tenderness;Tenderness;case;en;;
teresa;Teresa;case;en;;
terracotta;Terracotta;case;en;;
terrasse;Terrasse;case;de;;
terroristen;Terroristen;case;de;;
terroristin;Terroristin;case;de;;
test;Test;case;de;;
testament;Testament;case;de;;
teufel;Teufel;case;de;;
teufelin;Teufelin;case;de;;
teufelinnen;Teufelinnen;case;de;;
teufeln;Teufeln;case;de;;
teufels;Teufels;case;de;;
teufelshaube;Teufelshaube;case;de;;
teufelszahl;Teufelszahl;case;de;;
teuflische;Teuflische;case;de;;
thailand;Thailand;case;de;;
theorie neoliberalismus;Theorie Neoliberalismus;case;de;;
therapie;Therapie;case;de;;
tibers;Tibers;case;de;;
tibet;Tibet;case;de;;
tibetern;Tibetern;case;de;;
tibetische;Tibetische;case;de;;
tibets;Tibets;case;de;;
ticket;Ticket;case;de;;
tier;Tier;case;de;;
tierbuch;Tierbuch;case;de;;
tiere;Tiere;case;de;;
tiere afrikas;Tiere Afrikas;case;de;;
tiergeschichten;Tiergeschichten;case;de;;
tiffany;Tiffany;case;en;;
tiger;Tiger;case;de;;
timbuktu;Timbuktu;case;de;;
tiroler skitouren;Tiroler Skitouren;case;de;;
titanic;Titanic;case;de;;
tito;Tito;case;de;;
tochter;Tochter;case;de;;
tochter advokaten;Tochter Advokaten;case;de;;
tochter henkers;Tochter Henkers;case;de;;
tochter windes;Tochter Windes;case;de;;
tod;Tod;case;de;;
tod maerchenprinzen;Tod Märchenprinzen;umlaut;de;;
tod tango koenigs;Tod Tango Königs;umlaut;de;;
tod tiber;Tod Tiber;case;de;;
todesangst;Todesangst;case;de;;
todesart natuerlich;Todesart natürlich;umlaut;de;;
todesbraeute;Todesbräute;umlaut;de;;
todsuende;Todsünde;umlaut;de;;
toechter;Töchter;umlaut;de;;
toechter malers;Töchter Malers;umlaut;de;;
toechter zorns;Töchter Zorns;umlaut;de;;
toedliche;Tödliche;umlaut;de;;
toedliches paradies herz;Tödliches Paradies Herz;umlaut;de;;
toepfern;Töpfern;umlaut;de;;
toete;Töte;umlaut;de;;
together forever;Together Forever;case;en;;
tokio;Tokio;case;de;;
tokyo;Tokyo;case;en;;
ton;Ton;case;de;;
tonart;Tonart;case;de;;
tons;Tons;case;de;;
tonto;Tonto;case;en;;
top;Top;case;de;;
toren himmels;Toren Himmels;case;de;;
torjaeger;Torjäger;umlaut;de;;
torquemada;Torquemada;case;en;;
tot;Tot;case;de;;
totale;Totale;case;de;;
totenschiff;Totenschiff;case;de;;
totentanz;Totentanz;case;de;;
touching;Touching;case;en;;
traenen;Tränen;umlaut;de;;
traenensaecken;Tränensäcken;umlaut;de;;
traeume;Träume;umlaut;de;;
traeume selbsterkenntnis;Träume Selbsterkenntnis;umlaut;de;;
traeumen;Träumen;umlaut;de;;
traeumende delphin;Träumende Delphin;umlaut;de;;
traeumer;Träumer;umlaut;de;;
trainspotting;Trainspotting;case;en;;
trans-amerika;Trans-Amerika;case;de;;
transsibirische;Transsibirische;case;de;;
traumberge bergtraeume;Traumberge Bergträume;umlaut;de;;
traumdeutung;Traumdeutung;case;de;;
traumfaenger;Traumfänger;umlaut;de;;
traumfuehrer wege selbst;Traumführer Wege selbst;umlaut;de;;
traumhueter;Traumhüter;umlaut;de;;
traumstrasse welt;Traumstraße Welt;umlaut;de;;
traumstrassen abendlandes;Traumstraßen Abendlandes;umlaut;de;;
traumtaenzerin;Traumtänzerin;umlaut;de;;
traumwanderer;Traumwanderer;case;de;;
traumzeit;Traumzeit;case;de;;
treibstoff;Treibstoff;case;de;;
trendbuero;Trendbüro;umlaut;de;;
tricky;Tricky;case;en;;
trip;Trip;case;de;;
tritt kind;Tritt Kind;case;de;;
troika;Troika;case;en;;
trojaner;Trojaner;case;de;;
trommel;Trommel;case;de;;
tropen;Tropen;case;de;;
tropenparadies;Tropenparadies;case;de;;
troubadour;Troubadour;case;de;;
tuerkei;Türkei;umlaut;de;;
tuerkin;Türkin;umlaut;de;;
tuerkisch suedkueste;Türkisch Südküste;umlaut;de;;
tuerkische westkueste;Türkische Westküste;umlaut;de;;
tunesien;Tunesien;case;de;;
turkey;Turkey;case;en;;
turm;Turm;case;de;;
twist;Twist;case;en;;
tyrannen;Tyrannen;case;de;;
u.;U.;case;de;;
ueberflieger;Überflieger;umlaut;de;;
uebergang;Übergang;umlaut;de;;
ueberholspur;Überholspur;umlaut;de;;
ueberleben;Überleben;umlaut;de;;
ueberlebende;Überlebende;umlaut;de;;
ueberlebensbedingungen menschheit;Überlebensbedingungen Menschheit;umlaut;de;;
ueberlebenskuenstler tiere umwelt;Überlebenskünstler Tiere Umwelt;umlaut;de;;
uebermorgen;Übermorgen;umlaut;de;;
uebersaeuerung;Übersäuerung;umlaut;de;;
uebersieht;Übersieht;umlaut;de;;
uganda;Uganda;case;de;;
uhr nicht tickt;Uhr nicht tickt;case;de;;
ultimative new body;Ultimative New Body;case;de;;
ulysses;Ulysses;case;en;;
umgang tieren;Umgang Tieren;case;de;;
umgangsformen;Umgangsformen;case;de;;
umsonst;Umsonst;case;de;;
umweltbewusstsein umweltkrisen;Umweltbewusstsein Umweltkrisen;case;de;;
unabhaengigkeitstag;Unabhängigkeitstag;umlaut;de;;
unantastbar;Unantastbar;case;de;;
unbaendig;Unbändig;umlaut;de;;
unbekannt;Unbekannt;case;de;;
unbekanntes asien;Unbekanntes Asien;case;de;;
unbequeme;Unbequeme;case;de;;
unbeugsame;Unbeugsame;case;de;;
uncommon;Uncommon;case;en;;
unentbehrliche grossmuetter;Unentbehrliche Großmütter;umlaut;de;;
unersaettlichen;Unersättlichen;umlaut;de;;
unertraegliche;Unerträgliche;umlaut;de;;
unfreien;Unfreien;case;de;;
ungeduldigen;Ungeduldigen;case;de;;
ungenuegend;Ungenügend;umlaut;de;;
unglaublich aber wahr;Unglaublich aber wahr;case;de;;
uniform;Uniform;case;de;;
universallexikon;Universallexikon;case;de;;
unmoralisches;Unmoralisches;case;de;;
unrecht;Unrecht;case;de;;
unschuldig;Unschuldig;case;de;;
unselig;Unselig;case;de;;
unsinn;Unsinn;case;de;;
unsitten;Unsitten;case;de;;
untenrum;Untenrum;case;de;;
unter beschuss;Unter Beschuss;case;de;;
unter dach;Unter Dach;case;de;;
unter deppen;Unter Deppen;case;de;;
untergang;Untergang;case;de;;
untergang kulturen;Untergang Kulturen;case;de;;
unterhaendler;Unterhändler;umlaut;de;;
unternehmer;Unternehmer;case;de;;
unternehmers;Unternehmers;case;de;;
unterwegs;Unterwegs;case;de;;
untreu;Untreu;case;de;;
unvollendete palazzo venedig;Unvollendete Palazzo Venedig;case;de;;
urgrossvater;Urgroßvater;umlaut;de;;
urlaub papa;Urlaub Papa;case;de;;
ursprung;Ursprung;case;de;;
vagus;Vagus;case;en;;
valencia;Valencia;case;en;;
vampire;Vampire;case;de;;
vater;Vater;case;de;;
vaters;Vaters;case;de;;
vatikan;Vatikan;case;de;;
veganerin siebzehn jungfrau;Veganerin siebzehn Jungfrau;case;de;;
venedig;Venedig;case;de;;
venedig lagune;Venedig Lagune;case;de;;
venus;Venus;case;de;;
verarschen;Verarschen;case;de;;
verbannung;Verbannung;case;de;;
verbloedete;Verblödete;umlaut;de;;
verborgene;Verborgene;case;de;;
verborgene haus;Verborgene Haus;case;de;;
verborgene sprache blumen;Verborgene Sprache Blumen;case;de;;
verborgene welt;Verborgene Welt;case;de;;
verbotene;Verbotene;case;de;;
verbotene land;Verbotene Land;case;de;;
verbotenes;Verbotenes;case;de;;
verbrannte;Verbrannte;case;de;;
verdacht;Verdacht;case;de;;
verde;Verde;case;en;;
verdi;Verdi;case;de;;
verdienen;Verdienen;case;de;;
verdun;Verdun;case;de;;
verfuehrerin;Verführerin;umlaut;de;;
verfuehrung;Verführung;umlaut;de;;
vergebung;Vergebung;case;de;;
vergeltung;Vergeltung;case;de;;
vergessen rhetorik;Vergessen Rhetorik;case;de;;
vergessene;Vergessene;case;de;;
vergessenen;Vergessenen;case;de;;
vergisst;Vergisst;case;de;;
verhaengnisvolles;Verhängnisvolles;umlaut;de;;
verheiratet persien;Verheiratet Persien;case;de;;
verheissung;Verheißung;umlaut;de;;
verhueten;Verhüten;umlaut;de;;
verjaehrt;Verjährt;umlaut;de;;
verkaufserfolg;Verkaufserfolg;case;de;;
verkaufte;Verkaufte;case;de;;
verliebte;Verliebte;case;de;;
verlobten;Verlobten;case;de;;
verlockungen suedsee;Verlockungen Südsee;umlaut;de;;
verloren labyrinth;Verloren Labyrinth;case;de;;
verlorene;Verlorene;case;de;;
verlorene kalahari;Verlorene Kalahari;case;de;;
verlorenen;Verlorenen;case;de;;
vermaechtnis;Vermächtnis;umlaut;de;;
vermaechtnis lama;Vermächtnis Lama;umlaut;de;;
vermessung welt;Vermessung Welt;case;de;;
vernichtungskrieg;Vernichtungskrieg;case;de;;
verraeter;Verräter;umlaut;de;;
verrat;Verrat;case;de;;
verratene;Verratene;case;de;;
verrueckte forschung;Verrückte Forschung;umlaut;de;;
verschenkte;Verschenkte;case;de;;
verschieben deutscharbeit;Verschieben Deutscharbeit;case;de;;
verschlossen;Verschlossen;case;de;;
verschlossenes;Verschlossenes;case;de;;
verschlusssache;Verschlusssache;case;de;;
verschollen;Verschollen;case;de;;
verschwinden;Verschwinden;case;de;;
verschwoerung;Verschwörung;umlaut;de;;
verse;Verse;case;de;;
versprechen;Versprechen;case;de;;
versuchte;Versuchte;case;de;;
versuchung;Versuchung;case;de;;
vertauscht;Vertauscht;case;de;;
vertrag;Vertrag;case;de;;
vertrauen;Vertrauen;case;de;;
vertreibung paradies;Vertreibung Paradies;case;de;;
verweht;Verweht;case;de;;
verweigern;Verweigern;case;de;;
verwirrt;Verwirrt;case;de;;
verzauberte;Verzauberte;case;de;;
viagra-tagebuecher;Viagra-Tagebücher;umlaut;de;;
vier;Vier;case;de;;
vierzig spass;Vierzig Spaß;umlaut;de;;
vietnam;Vietnam;case;de;;
violence women war;Violence Women War;case;en;;
virginity;Virginity;case;en;;
virtuose;Virtuose;case;de;;
vision;Vision;case;de;;
vogelmaedchen;Vogelmädchen;umlaut;de;;
vogelwelt;Vogelwelt;case;de;;
vollmond erdberg;Vollmond Erdberg;case;de;;
vollweib diaet;Vollweib Diät;umlaut;de;;
vollwertkueche;Vollwertküche;umlaut;de;;
vorbei;Vorbei;case;de;;
vorfahren;Vorfahren;case;de;;
vorgeschichte menschheit;Vorgeschichte Menschheit;case;de;;
vorhang;Vorhang;case;de;;
vorn;Vorn;case;de;;
vorstadt;Vorstadt;case;de;;
voyeur;Voyeur;case;de;;
wachsfluegelfrau;Wachsflügelfrau;umlaut;de;;
wachstum;Wachstum;case;de;;
wachtel trueffel;Wachtel Trüffel;umlaut;de;;
waehrend schlief;Während schlief;umlaut;de;;
waeldern;Wäldern;umlaut;de;;
waeldern kalten fluss;Wäldern kalten Fluss;umlaut;de;;
waffen susan;Waffen Susan;case;de;;
wagt gewinnt;Wagt gewinnt;case;de;;
wahl;Wahl;case;de;;
wahnsinn;Wahnsinn;case;de;;
wahrheit;Wahrheit;case;de;;
wahrheit vaters;Wahrheit Vaters;case;de;;
wald;Wald;case;de;;
wald ufer flusses;Wald Ufer Flusses;case;de;;
walfaengerin;Walfängerin;umlaut;de;;
wall-street;Wall-Street;case;en;;
wand;Wand;case;de;;
wandern;Wandern;case;de;;
war;War;case;de;;
ware;Ware;case;de;;
warlord;Warlord;case;en;;
wars;Wars;case;en;;
was menschenrechte;Was Menschenrechte;case;de;;
wasser;Wasser;case;de;;
wasserfalls;Wasserfalls;case;de;;
wasserkur;Wasserkur;case;de;;
wassertraeger;Wasserträger;umlaut;de;;
watermelon;Watermelon;case;en;;
web;Web;case;de;;
weber;Weber;case;de;;
websites;Websites;case;de;;
weg;Weg;case;de;;
weg bandung;Weg Bandung;case;de;;
weg bethlehem;Weg Bethlehem;case;de;;
weg freiheit;Weg Freiheit;case;de;;
weg oben;Weg oben;case;de;;
weg t'ai chi;Weg T'ai Chi;case;de;ja;
weg verbannung;Weg Verbannung;case;de;;
weg weissen wolken;Weg weißen Wolken;umlaut;de;;
wegen vita;Wegen Vita;case;de;;
weiberwirtschaft;Weiberwirtschaft;case;de;;
weihnachtsgeschichten;Weihnachtsgeschichten;case;de;;
weinen;Weinen;case;de;;
weingut;Weingut;case;de;;
weinst;Weinst;case;de;;
weisheit;Weisheit;case;de;;
weiss;Weiß;umlaut;de;;
weisse schokolade;Weiße Schokolade;umlaut;de;;
weissen;Weißen;umlaut;de;;
weisses wasser;Weißes Wasser;umlaut;de;;
weiteren aussichten;Weiteren Aussichten;case;de;;
weites;Weites;case;de;;
weites verbotenes land;Weites verbotenes Land;case;de;;
welch kompakt;Welch kompakt;case;de;;
wellen wir;Wellen wir;case;de;;
wellenflug;Wellenflug;case;de;;
welt;Welt;case;de;;
welt aborigines;Welt Aborigines;case;en;;
welt dinosaurier;Welt Dinosaurier;case;de;;
welt griechen;Welt Griechen;case;de;;
welt julius;Welt Julius;case;de;;
welt king;Welt King;case;en;;
welt kueche;Welt Küche;umlaut;de;;
welt tausend  voelker;Welt tausend  Völker;umlaut;de;;
welten;Welten;case;de;;
weltgeschichte;Weltgeschichte;case;de;;
weltkrieg;Weltkrieg;case;de;;
weltmacht;Weltmacht;case;de;;
weltreligionen;Weltreligionen;case;de;;
weltumsegler;Weltumsegler;case;de;;
wenig;Wenig;case;de;;
weniger;Weniger;case;de;;
wer  wind saet;Wer  Wind sät;umlaut;de;;
werbung;Werbung;case;de;;
werden;Werden;case;de;;
west;West;case;de;;
westen;Westen;case;de;;
western;Western;case;de;;
westwaerts;Westwärts;umlaut;de;;
wetter;Wetter;case;de;;
wettlauf;Wettlauf;case;de;;
what;What;case;en;;
whiskey goldfield;Whiskey Goldfield;case;en;;
widders;Widders;case;de;;
wiederkehr;Wiederkehr;case;de;;
wiedersehen;Wiedersehen;case;de;;
wiedersehen tibet;Wiedersehen Tibet;case;de;;
wien;Wien;case;de;;
wikinger;Wikinger;case;de;;
wild;Wild;case;de;;
wilde;Wilde;case;de;;
wilder tag;Wilder Tag;case;de;;
wildnis;Wildnis;case;de;;
wildwasserfahrten griechenland;Wildwasserfahrten Griechenland;case;de;;
william;William;case;de;;
williwaw;Williwaw;case;en;;
wind;Wind;case;de;;
windauge;Windauge;case;de;;
windes;Windes;case;de;;
windsaenger;Windsänger;umlaut;de;;
windtigers;Windtigers;case;de;;
winning;Winning;case;en;;
winter;Winter;case;de;;
winterrose;Winterrose;case;de;;
winters;Winters;case;de;;
wirklich wichtig;Wirklich wichtig;case;de;;
wirklichkeit frau;Wirklichkeit Frau;case;de;;
wirtschaftsteil;Wirtschaftsteil;case;de;;
witch;Witch;case;en;;
without;Without;case;en;;
witness;Witness;case;en;;
witwen eiserne jungfrauen;Witwen eiserne Jungfrauen;case;de;;
woelfe;Wölfe;umlaut;de;;
woelfen;Wölfen;umlaut;de;;
wohl schlaraffenland;Wohl Schlaraffenland;case;de;;
wohnsitz;Wohnsitz;case;de;;
wolf;Wolf;case;de;;
wolfsfrau;Wolfsfrau;case;de;;
wolfsgier;Wolfsgier;case;de;;
wolfsruf;Wolfsruf;case;de;;
wolfstod;Wolfstod;case;de;;
wolken;Wolken;case;de;;
wolkenfischerin;Wolkenfischerin;case;de;;
wolkentänzer;Wolkentänzer;case;de;;
wollt 4;Wollt 4;case;de;;
work progress;Work Progress;case;en;;
world;World;case;en;;
worry fifty;Worry Fifty;case;en;;
worse;Worse;case;en;;
worth keeping;Worth Keeping;case;en;;
wu;Wu;case;en;;
wuehltisch;Wühltisch;umlaut;de;;
wuerfel;Würfel;umlaut;de;;
wuestenblume;Wüstenblume;umlaut;de;;
wuestenfahrten;Wüstenfahrten;umlaut;de;;
wuestenmatrosen;Wüstenmatrosen;umlaut;de;;
wuestenplanet;Wüstenplanet;umlaut;de;;
wuestensand;Wüstensand;umlaut;de;;
wundaerztin;Wundärztin;umlaut;de;;
wunder;Wunder;case;de;;
wunder  herz;Wunder  Herz;case;de;;
wunderbar;Wunderbar;case;de;;
wunderbare;Wunderbare;case;de;;
wunderbare mongole;Wunderbare Mongole;case;de;;
wunderland;Wunderland;case;de;;
wundervoller;Wundervoller;case;de;;
wunderwerk;Wunderwerk;case;de;;
wunschtochter;Wunschtochter;case;de;;
wurzeln;Wurzeln;case;de;;
wut besiegt;Wut besiegt;case;de;;
xanthippe;Xanthippe;case;de;;
yin;Yin;case;de;;
yo;Yo;case;en;;
yoga;Yoga;case;de;;
yogi;Yogi;case;en;;
york;York;case;de;;
yucatan cancun;Yucatan Cancun;case;en;;
zaehlt;Zählt;umlaut;de;;
zagreb;Zagreb;case;de;;
zapfenstreich;Zapfenstreich;case;de;;
zauberberg;Zauberberg;case;de;;
zauberfrau;Zauberfrau;case;de;;
zaubergarten;Zaubergarten;case;de;;
zauberlied;Zauberlied;case;de;;
zauberquelle;Zauberquelle;case;de;;
zauberstab;Zauberstab;case;de;;
zealand;Zealand;case;en;;
zebra;Zebra;case;de;;
zehntausend;Zehntausend;case;de;;
zehntausend sahara;Zehntausend Sahara;case;de;;
zeichen;Zeichen;case;de;;
zeichen wolfes;Zeichen Wolfes;case;de;;
zeichner;Zeichner;case;de;;
zeit;Zeit;case;de;;
zeit mich dich;Zeit mich dich;case;de;;
zeitalter;Zeitalter;case;de;;
zeiten aufbruchs;Zeiten Aufbruchs;case;de;;
zeitmanager;Zeitmanager;case;de;;
zeitreisen für anfaenger;Zeitreisen für Anfänger;umlaut;de;;
zentrum;Zentrum;case;de;;
ziel;Ziel;case;de;;
ziemlich freunde;Ziemlich Freunde;case;de;;
zimmer;Zimmer;case;de;;
zion;Zion;case;de;;
zirkel;Zirkel;case;de;;
zitadelle;Zitadelle;case;de;;
zitrone;Zitrone;case;de;;
zittern;Zittern;case;de;;
zivilcourage;Zivilcourage;case;de;;
zoe;Zoe;case;en;;
zorn woelfe;Zorn Wölfe;umlaut;de;;
zorns;Zorns;case;de;;
zufaelliges;Zufälliges;umlaut;de;;
zugspitze;Zugspitze;case;de;;
zukunft;Zukunft;case;de;;
zukunftsakte;Zukunftsakte;case;de;;
zukunftsschock;Zukunftsschock;case;de;;
zuletzt;Zuletzt;case;de;;
zurueck;Zurück;umlaut;de;;
zusammen;Zusammen;case;de;;
zweitausender;Zweitausender;case;de;;
zweite;Zweite;case;de;;
zweite chance;Zweite Chance;case;de;;
zweite otto;Zweite Otto;case;de;;
zweites;Zweites;case;de;;
zwiebelfeld;Zwiebelfeld;case;de;;
zwillinge;Zwillinge;case;de;;
zwillingsbruder;Zwillingsbruder;case;de;;
zwillingsschwestern;Zwillingsschwestern;case;de;;
zwischen welten;Zwischen Welten;case;de;;
zwischenleben;Zwischenleben;case;de;;
zwoelf;Zwölf;umlaut;de;;
zwoelf maenner jahr;Zwölf Männer Jahr;umlaut;de;;
zypern;Zypern;case;de;;
zypressen;Zypressen;case;de;;
zzz;Zzz;case;en;;
