id,last_name,name_display,isbns,titles,intern
bcbeaadb-b432-4b4f-9bc7-611a2c4fbc63,村上春樹,村上春樹,9783442736881|9783442743636,"Blinde Weide, schlafende Frau|IQ84 (Buch 3)",
e33273af-ac48-4d59-8479-cc2c9dd97bcd,Alsanea,Alsanea,9783442466566,Die Girls von Riad,
8708fefe-2178-4d25-9546-cd534f0e7d5f,Amery,Amery,9783406675485,krypta,
c6441cc3-fec3-49a8-b60f-f98bf87dfee6,Anonym,Anonym,9783423781701,Fragt mal Alice,
83193933-2329-4e79-a72a-a88ca0217946,Kallinikow,Kallinikow,,frauen moenche,
a455e3b9-9b88-4cb4-81d1-db4e435b19c8,Katsuhiko,Katsuhiko,9783861249184,Auf der Suche nach Sharaku,
681d5c78-1b9e-41dc-8ec7-188f76ba4db5,Keneally,Keneally,9783442425297|9783763243075,Schindler's ark|schindlers,
d5bf6a90-c134-4416-956d-080c10475502,Khaschoggi,Khaschoggi,,talon,
0ae66e8b-9a96-4478-a8b9-f0ebbdd8f3da,Morrell,Morrell,,first|rambo 3|verschwoerung,
b3f24d7f-f17d-46b4-b72d-facda13b1e6a,Beitz,Beitz,9783806828467,Assessment Center. Erfolgstipps und Übungen für Bewerber.,
57f73f83-ab95-4796-999a-2d27e7790272,Belago,Belago,,surinam,
fb3f0f17-7b4e-4585-84ac-2c73ca000fb2,Belfort,Belfort,,wall-street,
781d947c-5b58-4bbb-9b19-c04742224dd9,Haitel,Haitel,9783644011816,unterwegs,
7fabb3b1-8b86-4904-91e3-867a01116f04,Hakesworth,Hakesworth,,eaton,
52458e00-cde4-4efb-ab63-66b66efcaeba,Halban,Halban,9783492021418,Malik der Wolf|malik,
19f5bd84-b025-4605-bc10-b2f544bc88f0,Hale,Hale,9780691007700,The captive press in the Third Reich,
d137b683-b8ae-48a4-97f3-2172e1a8577e,Hallberg,Hallberg,9780099597476,City on fire,
3d3699a8-add0-4b77-ab6b-540db584445e,Hamberger,Hamberger,,lebensraum zerstoert,
2dd0160d-4ade-4f72-b35a-8cff7ee109be,Hamblin,Hamblin,9783956763434,legenden,
ee33766a-f185-4a1c-851f-30c27cb19359,Hamdo,Hamdo,,aleppo,
c91d88d1-0e2d-4320-a953-3e3003c2d180,Halmer,Halmer,9783570102619,Fliegen kann jeder,
08650ac7-4af2-4a32-8a0b-da1acee8b4b3,Haloche,Haloche,9783426632338,Der Mund,
edf14f93-0bc2-4efe-bd76-06a41afe25b2,Halstead,Halstead,,welt dinosaurier,
00036e54-dbe6-4996-89c2-b1c39ee06322,Halter,Halter,9788755513471,geheimnisse jerusalem|messias,
21f46ffc-ef98-4fbd-9374-2f5236374ac7,Ham,Ham,,africa,
a4d3da1e-8b29-4654-b03a-1e34e550d53f,Hamann,Hamann,9783492301800,Elisabeth|mozart,
c8825873-d29f-4b47-996b-3016e5d1a06e,Hammer,Hammer,9783770136452,Portugal. Richtig reisen. Reise- Handbuch,
8050c08f-e01a-49a7-bab3-b23ac1e8c5eb,Hamsun,Hamsun,9783839428825,weltumsegler,
247b8d4d-4b4c-41f0-9e09-f450670361d3,Lumira,Lumira,9783453702684,Lass dich nicht behexen,
6463bd66-b98e-4a24-8f9c-579e30f67972,A'Adamo,A'Adamo,,Blutgruppen gesundes,
cc01df76-a666-475b-adbe-ae6d7eeb2ba4,Abbing,Abbing,9783551351340,Yacca- Fieber. ( Ab 12 J.).,
04efd529-b844-426e-8170-381b7962e544,Abe,Abe,,frau duenen,
6e6dc3b1-72c7-46bc-9004-b1ea7c816fbd,Abele,Abele,,kommt rad|werden,
185d1464-566c-42fe-8d85-0fb71d0a140e,Unknown,Unknown,,groesste|steinerne,
2fba00df-baa7-4ef9-9633-8664d36345f9,Perlmutter,Perlmutter,,dumm,
957629a1-d197-4712-b845-eccc4832194b,Bacon,Bacon,,solange leben entscheiden,
b71f7e34-1f47-40aa-b810-f709a97c232a,Dorrie,Dorrie,9783257230093,Ullstein Taschenbucher,
2a29efe4-d02c-43d0-a7ec-0b5bd34979ed,Naka,Naka,,karate,
6c54bf11-7a43-49c2-a822-8c72ef335524,u.,u.,,Mallorca,
804211dd-17a0-448b-af8e-a2231b042f57,Bismarck,Bismarck,9783442113248,Gedanken und Erinnerungen,
15713b81-dfab-4f08-8f1d-7953c46b9ca1,Petrik,Petrik,,jenseits meeres,
54c4c604-afff-4baa-9681-4d52a0c1ff47,Hanan,Hanan,9783641301149,wut besiegt,
c0af7366-4c02-4ca9-9bba-d266468ff6a0,Blob,Blob,9781483954936,ausgetraeumt|beirut,
e32da6d7-a2c8-4926-8736-9136ac4de3c0,Buschmann,Buschmann,9783894372606,Tatort Schulhof,
0631067c-52c6-41b5-a3ab-5f4109902bcb,Buchbender,Buchbender,,gesicht krieger,
ab132ddb-f485-4f4a-bbda-f45ff782b20e,Buchner,Buchner,,grat,
803f3a1e-1f37-4f51-8f64-d80b5d5acbce,Hanauer,Hanauer,,betrunken,
bd3fd88b-76ae-447e-bfd3-14b02b2eba4e,Hand,Hand,9780009187322,cleave,
0c37f77e-4007-4690-9cb0-cf1864a82e96,Handschmann,Handschmann,,vollwertkueche,
993b2dc9-706c-4163-857d-90ece32e63f5,Hanika,Hanika,9783442742820,Treffen sich zwei,
575eff1b-0f90-4e2f-989a-820fc2b98edb,Hanke,Hanke,9783826686740,PHP und MySQL fu r Kids,
091716ba-4a71-4163-901d-3ab1f0071476,Hannah,Hannah,9783838756561,schattenmesser,
1891b084-80ca-41ab-9c9b-8cefbe0de271,Hansel,Hansel,,entspannung,
b79c780d-bed2-42a9-9cb6-1621ac1421bc,Hansun,Hansun,,mann meer,
84fa01ce-18ea-4db6-83f6-f2aeadfd79ab,Haon,Haon,,stille,
87f9415f-abf0-4248-bcbe-52fecdad2ce2,Hardie,Hardie,9781617938825,House of the Wind,
ae014ea3-5db7-4a25-bd41-8de9276e2d18,Harding,Harding,9783426630389,Der Prinz der Finsternis. Historischer Roman,
21cb7fcf-6913-4c42-b0e3-47db3e7daada,Hardy,Hardy,,jenseits,
5dbedd98-4f7e-4088-a15b-53b1a298c8d7,Harenberg,Harenberg,,prominentenlexikon,
539c1d3c-20da-431c-bfe1-0e35eb5e5be4,Harich,Harich,,wachstum,
0aac2492-6171-4a11-9e15-849f8f34735e,Harlander,Harlander,9783499006623,systemfehler,
645a1f9c-2a81-4cd3-8566-7d0c387f0489,Harmann,Harmann,,tritt kind,
79895324-f941-4a9b-9a6a-10ffa41ea8b2,Harms,Harms,9783406676833,Marco Polo,
d2c640fa-37ef-4c3d-88e3-f86b52068018,Harper,Harper,9783837880397,minik,
9daee0c7-23b1-43d1-8c46-18cbe31bd62a,Harry,Harry,9783641307622,reserve,
986f34a3-2e59-462e-954b-11ecbc51eef5,Harzig,Harzig,,grosse heinz erhardt,
064e3e80-f060-4ea1-949d-937349498613,Hasek,Hasek,,abenteuer,
fd59b629-b2df-40b6-b113-d0dfc426b3b9,Chapman,Chapman,9781472236272,lean machines,
698b0df4-3614-49c3-bf5b-b09d33f1873c,Charney,Charney,9783453002944,Sensei,
92a24098-df1a-4dc2-aff6-5e8cb4b15963,Nostradamus,Nostradamus,9783799901796,Prophetische Weltgeschichte,
c5b91bef-03b3-4a33-88cd-80362449c548,Follain,Follain,9788073031060,zoya,
fcc0d0e7-11ed-4a48-81a1-d06f6b3590d1,Forbath,Forbath,,kongo,
c7de5d5d-043c-42ce-91b3-a1b53db4a73b,Forde,Forde,,habitat economy society,
23b5ff5c-823a-4cc2-92d6-c5f6601a4714,Haskell,Haskell,,fegefeuer,
f8be7a22-00a4-4c63-8683-15d51726d361,Hass,Hass,9783596230525,Drei Jäger auf dem Meeresgrund|Unberührte Tiefen|Unter Korallen und Haien,
061c9155-7f10-4b33-bece-8c0fe3948262,Hasselbusch,Hasselbusch,9783499215759,flirt-angriff,
46dfc0f5-ea67-4da7-9504-20272ce88967,Hatzfeld,Hatzfeld,,macheten,
649be336-354b-4e46-80ba-e2c3b643705c,Hauser,Hauser,9783455110760,schwarzrotgeld,
a25f239f-2e12-4933-8a97-56716b986033,Haushofer,Haushofer,,wand,
c3ad1ce0-c2d6-4165-901c-133446de635f,Hawass,Hawass,,tutanchamuns,
965e888b-8bd7-4361-b52c-23cba8a4581d,Hawel,Hawel,,work progress,
9423ff11-65c5-4c88-8e7f-1b3b2fa4cf91,Belina,Belina,,traumberge bergtraeume,
7f5d2e77-b43e-419b-90f9-42a87966e4b0,Bellemare,Bellemare,,depesche jenseitz,
3c1fe37e-a69d-48dd-991d-0f27e97b3a97,Hawke,Hawke,9783462049626,Hin und weg,
6ff510f2-760a-485b-ba74-9beaf2d45d1a,Hawkins,Hawkins,9781594634956,The Girl on the Train,
0ca9c7fc-bcf7-450c-a094-80c146c69f87,Akyol,Akyol,9783451328862,Erdoğan,
675e0784-3b92-40aa-ac9b-0728a9a0e5f0,Forte,Forte,9781797143897,Building a Second Brain,
7d0426fc-3d24-4a0d-99f9-f69d25297d85,Geibel,Geibel,,falschen koerper gefangen,
c1ca566e-9e53-482f-9aec-b783aed9a750,Geiner,Geiner,,wuestenfahrten,
9552c86b-708f-45bb-ae66-a5be87c58e67,Haydon,Haydon,,tochter windes,
a2ac43b5-1b2b-486d-99ad-f13d2eb21c18,Hayer,Hayer,,sekte,
dce9aa79-7e6f-4751-85dd-87c2ebf62ea5,Hecht,Hecht,,unsitten,
249ba6f4-65b6-4cff-a6f1-fc0255f31d45,Hayes,Hayes,,dunkle,
b390833d-c75e-47f4-acb5-52c1c470dad8,Hellfritz,Hellfritz,,fang leben|frauen|laras,
e8daf877-bae8-489d-9418-f1cde708e28c,Healey,Healey,,koenigskind,
495d559e-82d2-4201-9028-248bc3abc838,Hearting,Hearting,9783893503315,geronimo,
d3870e71-4039-4b04-bfa9-43adac0b3152,Heaven,Heaven,9783596282982,Die Feuer von Glenlochy,
85db82d7-62cd-4334-ba50-4802eca87591,Heer,Heer,,vernichtungskrieg,
f16b27ab-5880-48cc-89ae-4a20b3e5453e,Heffermann,Heffermann,9783905414202,opiumpate,
438bd9ef-9c9e-4381-bc94-f1fcdb4d8b7f,Hefner,Hefner,,christi,
8aa8eb4a-5515-4d09-8bca-df92f8ab2bb4,Hei√Üerer,Hei√Üerer,9783869060118,dorfbanditen,
11689db7-0b89-4851-ab88-2efe1903ea44,Heidmannseder,Heidmannseder,,radelbuch,
bdf221e1-3162-447a-b7de-c0b6d2d770a8,Heidrich,Heidrich,,nuja,
f2296087-a209-43b8-88c7-6dbcbb31ce15,Heiland,Heiland,,freundinnen strandbad,
11a18612-16f0-4005-8010-94b4c42aaa76,Heilmann,Heilmann,9783463008561,Keine Angst vor der Angst|frau,
dcefe686-9e87-4042-a6c7-217fa4bfc092,Heincke,Heincke,9783802528965,"Unser Charly, Ein Affe ermittelt",
cdc27fa6-b6e7-4b48-964b-3bff0a0212b4,Heinlein,Heinlein,9783426627013,Finale der Pippenspieler,
a9c4f48d-c23f-46d4-8f37-36f48e43812c,Heinrich,Heinrich,,gezeichneten|palermo,
36ce6443-fc51-48c8-a1a1-6f11104b29ff,Heisig,Heisig,9783451302046,Das Ende der Geduld: Konsequent gegen jugendliche Gewalttäter,
09647886-d89b-454e-be3e-0489995038b1,Heitz,Heitz,9783426639788,Ritus,
1c19ecc4-073e-408a-a650-fd9a066e87a7,Hejazi,Hejazi,,gazelle,
8ed07265-71dd-4ed7-8950-d535453e493e,Gendlin,Gendlin,9783644007260,focusing,
b2964c9a-55d4-4e27-bc3a-eca12b3a2f96,Harsany,Harsany,9783942223621,bewegt,
6ca8e9fe-7e83-4583-9e9a-11880f0954ba,Harstall,Harstall,,graefinnen,
3cf8b02a-24f8-4545-b3a4-00e664d32b38,Hellinger,Hellinger,,seelen,
fdb9c6a6-0f51-4be6-921a-0902860eea5d,Hillenbrand,Hillenbrand,9783462315608|9783462321500,goldenes|kaffeedieb,
0e5823c0-ce5b-4e55-99d0-4cbdee346ef2,Hilliges,Hilliges,9783548360003,Das verborgene Herz Afrikas|Die weiße Leopardin,
256e1492-f7a0-4504-abd3-86b2964f4a45,Helbig,Helbig,9783872145314,aufbruch maasai,
3ac13423-c6c6-4ee0-8f16-d2708e70bcaf,Held,Held,9783733500917,Die rote Zora und ihre Bande,
3e9a9d49-7611-4739-a07e-04e99accc425,Hell,Hell,9783406675980,assessment center,
13a68ed2-35e2-4caf-9085-13c3266a8743,Helland,Helland,,inselkrankenhaus,
25875e77-af79-4d86-8774-8213ef0b796f,Hellberg,Hellberg,,sommer geheimnisse,
e0a6cd12-2a8c-4f84-af7b-9b0a6400e232,Helle,Helle,,tal goetter,
f6e36fdf-fe42-4841-9cdc-a066bb4007d8,Helmensdorfer,Helmensdorfer,,aegypten,
bdb3b27e-1527-40c8-b4fc-888893b54cf8,Helmhausen,Helmhausen,9783493628524,kanada,
3ac40c36-4c2d-4672-8247-a7c8493665d5,Henderson,Henderson,9781456123369,Ten thousand saints,
a4448d7a-1fb9-425e-bb8a-a06e7c1ed485,Hendrix,Hendrix,,ohne wenn aber,
affa0c41-2204-4065-9b2f-a319f52d1047,Hengge,Hengge,9783426272138,Nur der Himmel ist höher. Mein Weg auf den Mount Everest,
b1e71420-87ca-4866-aab9-cce93605e9ed,Henisch,Henisch,9783552061163,Der verirrte Messias,
9a09b705-4ad0-4ddc-97bb-641c3d3ca086,Henkel,Henkel,9783430142861,Die Ethik des Erfolgs. Spielregeln für die globalisierte Gesellschaft,
1442b41c-06c5-441d-95a5-4ae6f82235c8,Henkels,Henkels,,stirn gerunzelt,
116e0d9b-9dc3-45b0-a678-b82f04f96ed5,Hennings,Hennings,,nichts hoffnung gepaeck,
0a08ce60-1a43-432b-a215-102ead3f1cc3,Henry,Henry,,borina|koenig windes,
45334530-328a-4fb5-b931-4c541672183b,Henscheid,Henscheid,9783251000203,Dolce Madonna Bionda,
7d21b799-48a8-4dc7-b957-0534d3e36d3c,Noname,E.L.Abel,9783453008854,Die geheimnisvollen Kräfte des Mondes,
2640500b-70c0-44c9-b5bb-54c20759d571,Horbach,Horbach,9783442067060,bruder kain|sturm,
6f1fe0d0-0aa2-4ca8-8445-e7a1a4650d4f,Hornby,Hornby,9782702867846,How to Be Good,
4b90bca6-a60f-40dc-94b7-dbc824645964,Horne,Horne,,sollte,
3774c7be-c926-4ed0-a633-de8f02653b15,Bello,Bello,,bewohnte,
2c4b68aa-6416-42fb-aebb-155a63f9f7e1,Bellos,Bellos,9781408854167,futebol,
f4c24bf0-e276-4282-a073-e04a6566cf6e,Hensel,Hensel,,laerchenau,
dca326c6-ff24-48a0-8672-20d3a15d8a13,Hephurn,Hephurn,,ich,
bcc1b5db-f13a-4421-b88c-000cdd1d586b,Herber,Herber,9783406535949,jakobsweg,
e7faf449-e32e-4987-8d04-330596715663,Herman,Herman,9783596305506,Liebe im Schatten der Krone|schatten florenz,
a5da8727-1efc-4027-9929-c79e7b7e71de,Hetmann,Hetmann,9783908236122,indianer|king,
4589b4e6-16de-41fd-83d3-09c0b9b55ccf,Heuck,Heuck,9783401026480,elefantenjunge,
c849106f-b760-4be3-84e2-62912a57d810,Hermanns,Hermanns,,garden,
60537dbb-7832-426b-95d0-9774038385a6,Herriger,Herriger,,scheidet,
dbc8c64e-4187-46c6-a595-d904f2fe725e,Herrligkoffer,Herrligkoffer,,Nanga Parbat,
04b86b80-6427-4321-8808-0df6f24c2193,Herrndorf,Herrndorf,9783644107816,tschick,
7d87ee64-2ff5-466b-951a-9c0d43e1af02,Herron,Herron,,satans insel,
7ba46cc1-1001-4f13-9dab-ba118e746837,Hertz,Hertz,,business,
0d4bdc7a-f15b-402a-be33-cba3ac68c562,Herz,Herz,,europaeische union,
487ef230-d4f4-4e77-91dc-e39d1e89ac0a,Hess,Hess,9783833807053,echte italienische kueche,
ea43bb1b-c1d4-4475-959d-2a962a9d0177,Heusser,Heusser,9783855021949,Unbekannter Nachbar Sowjetunion,
94921718-68cb-4d93-9633-44614a9f9f11,Ingemarsson,Ingemarsson,9783596030750,Der Himmel so fern|spaet,
86607b1e-cccf-4bfb-94f5-a7e8bc632ef3,Hewitt,Hewitt,,nostradamus jahrtausendwende,
5a638e23-ec1a-4a73-ab9e-6524969f2acd,Hewson,Hewson,9781407444031,epiphany,
15fca4bc-3c73-401b-beb7-d6861720ab4b,Hexel,Hexel,,mitbestimmung,
ecac7bb4-1bdb-428f-a112-a4762ed9002e,Heye,Heye,,dressiert,
81130333-5e66-4b60-8dd9-5ce4c06038dc,Heyer,Heyer,9783751703086,falsches spiel,
400f1da7-06cf-4ae2-96de-9a09ec8847ff,Heym,Heym,9783570004166,Ahasver,
4a681b60-31e4-4681-a442-0738ce26038d,Hidier,Hidier,,karma,
42e410da-3b70-48f5-a029-1cc2d0c887a3,Hiebeler,Hiebeler,9783475524301|9783570006511,Die Alpen im Luftbild|zugspitze,
896fd652-fc5f-45f1-a07b-857bf04fe987,Hies,Hies,,perspektive unternehmensberatung 2013,
9cf726c3-fdc6-4801-b044-702a55aac42c,Higham,Higham,,geheime,
0908333c-ccba-449a-8373-c308a93b27eb,Moestl,Moestl,,verrat,
c026526b-da0e-4ef2-8eb7-92e2c962c106,Janzir,Janzir,,golfstaaten,
3cad6978-5a22-4f26-8189-f9f02b06de5a,Bodett,Bodett,9780375806872,williwaw,
c5d7c0bd-f7af-47bb-a139-ba20c88eb642,Highsmith,Highsmith,,schluessel,
6f9302bf-5768-43fc-8edd-81f2147f218c,Hilbk,Hilbk,9783746624396,sibirski punk,
0b384d18-3a82-4820-8cdf-a32b4172fb52,Hildebrand'S,Hildebrand'S,9783861538233,indonesien|suedliches afrika,
eefafc3b-a57f-49bf-9797-0322a8328ef7,Hillary,Hillary,9783894051228,wagt gewinnt,
fa216f58-7ce7-410c-842e-cfea7b8581f6,Hines,Hines,9783426617526,Das Lied der Brandung,
1a66baee-297e-411e-8eaa-45330e226081,Hinnefeld,Hinnefeld,,luft,
adc7622b-1d09-4a54-97df-518df314800b,Hinton,Hinton,9783797101501|9789995691882,The Outsiders|kampffische,
09c71fe4-eaef-45f7-b4d9-388160d4340d,Hirata,Hirata,9783446242890,regenbogentruppe,
cb13cd4b-6a31-4a18-9ff5-ec08b26562ee,Hirche,Hirche,,Die Wirtschaftsunternehmen der Gewerkschaften,
2813a079-49d7-4304-934f-46ccc74ab19d,Hirigoyen,Hirigoyen,9783406486531,Wenn der Job zur Hölle wird. Seelische Gewalt am Arbeitsplatz und wie man sich dagegen wehrt,
a185d158-ee26-4786-901f-574754f78f52,Hirsch,Hirsch,9783644565012,luxemburg|pfeife,
17675a98-b55a-42ca-89a9-0e2e876c6cbc,Hirsh,Hirsh,9781466854123,Kabul,
2f1ec07c-8c0b-4157-8bbf-fd4089b0c8e5,Hitchcock,Hitchcock,,schlaflose,
ee7666fd-447c-409b-aa95-7e213b5939ae,Hite,Hite,9783442116799,frauen liebe|report,
f91aec7f-7418-4e3a-bdb5-c6601e95568a,Hjorth,Hjorth,,verdienen,
37a8c3ae-ae93-4ea1-9fb3-452effc95e41,Poertner,Poertner,,wir  noch retten|wir  retten|wir retten,
6b286b11-a2fe-4487-aae1-aeb0902aaba9,Bergman,Bergman,,leben,
f5c26829-ee1b-4f50-b434-dfa8c3b74dfc,Bergmann,Bergmann,9783865744685,sexualitaet|vietnam,
efe3cac4-de92-471c-97fa-01612ce49527,Hoang,Hoang,,dschingis,
0b75a1b4-1f83-4f7b-b2d4-62490b6ce207,Hochhamer,Hochhamer,,strassen,
a86b6170-ff16-4e4e-a9de-c404e5827fda,Akunin,Akunin,,bibliothek zaren|palagia hunde,
ac8671f5-c672-49d8-bf9b-eb676dcfafc6,Hoeg,Hoeg,,fraeulein,
bf373d9f-c388-4f39-8c9a-73e3c06356c6,Hoehler,Hoehler,9783641278731,unantastbar,
8f73a019-7746-4eaf-8120-c7d2c10419b2,Hofreiter,Hofreiter,9783570502020,fleischfabrik,
44dbde56-27b3-403d-9123-f49d901051f5,Hofstaetter,Hofstaetter,,gruppendynamik,
ec2062ec-d8c2-45fe-9e14-8324fddce9a1,Hoehne,Hoehne,,geahnt,
0636257c-2698-4f1a-b6b7-e5decb68746a,Hoeller,Hoeller,9783960922766,Erfolg|Sprenge deine Grenzen,
f59c1b4a-5768-4a3d-ae56-5f1d719a76d6,Hoer-Bogacz,Hoer-Bogacz,,gehen,
8439502d-f39c-4e52-98cf-94e9499bbc4e,Hoera,Hoera,9783845812939,gedisst,
eddfbb4c-e003-49d0-b869-850e08987527,Hoerburger,Hoerburger,,burkina,
249feb94-13bc-468f-8e6c-3fafa09b96c5,Hoerhan,Hoerhan,,investment,
1c33f1a2-fadc-4063-b3f6-fda14f17dc18,Hoering,Hoering,,indien gandhi,
b681403a-8dfb-4ddc-99f4-a60510286fd6,Hoess,Hoess,,auschwitz,
d4a73f6c-0a18-45cb-8212-aff9a0c1c9ab,Hofe,Hofe,9783373000099,Roter Schnee,
cea2401d-0bc0-4965-b2e1-a94b1f11fc02,Hofer,Hofer,9783825803834,Die Entfesselung des zweiten Weltkrieges,
65a7a420-16cf-467e-a5cf-7d8ff62ffc07,Hoff,Hoff,9783923716036,australien,
689a01ba-adbd-4b86-9418-d893905c7b41,Munro,Munro,,immunsystem,
88ff02c5-3423-49b3-9533-d6d22784a721,Elkeles,Elkeles,,du  ganze leben|kann auch immer,
ab495cc2-0a0f-46a3-94cf-2c31e75f46d9,Hohenester,Hohenester,,ganzheitlich heilen homoeopathie|internat internet vokalbahn,
a7f611bb-7d7c-4887-8a88-a29de81e097b,Hohensee,Hohensee,,entspannt buddha,
271ae298-450b-4d63-9655-2507304ddb65,Hohlbaum,Hohlbaum,,zauberstab,
b176d152-7565-42c5-b19e-feeef6d7dfc2,Holeman,Holeman,9783961487622,mondamulett,
a8e1bb7c-7a1d-4c01-846f-4b2982d2b08f,Hollinghurst,Hollinghurst,,schoenheitslinie,
61c724f3-74c2-4cf3-b5ae-f8241b2ad9ff,Holloway,Holloway,,traumfuehrer wege selbst,
7605bed8-e02f-4b0c-9520-4a37a7ee2a9f,Holm,Holm,9783791508238,Boston Jane und der unheimliche Fremde.|waeldern,
7bfe383f-2066-47ad-869d-4f89f11f7ddd,Holmes,Holmes,,medicus,
7ee4c0f1-0b0f-498b-aa32-2a5a6d4582cc,Holthaus,Holthaus,,erde zukunft,
d9a2ea4c-d871-4b5e-89e2-f8a459944ac0,Holton,Holton,9781502715364,wuestensand,
c64c74d0-ede8-4b5a-8911-0eea7c1e61a7,Holzach,Holzach,,umsonst,
6d1685cf-e55f-405c-b079-6152b52785f3,Hooper,Hooper,,sex-berater,
861bd38c-e35e-4e38-afa0-fec24aa4bbe0,Hoppe,Hoppe,,aufgeputscht abgefahren,
b6a0a0ba-5ac5-4929-8155-3adc36381ff8,Horak,Horak,9783770161614,kanada,
c0bc6cfd-d200-482c-8426-c95fba89f1e8,Horst,Horst,9783453550438,"Friedrich II., der Staufer",
c71dc6ec-9a71-45fe-9e9c-41c217a82698,Folsom,Folsom,,uebermorgen,
de131c25-84fd-460f-b464-936ce5070770,Fontana,Fontana,,brinkmanns leben,
9b8a5848-2e99-4142-a6b3-c468c9bd43a9,Fuss,Fuss,9783641277628,geisterball fussballzeiten,
ef4e53e8-8292-418c-8329-94e99369a9e4,Felschernivow,Felschernivow,,kinder bahnhof zoo,
bf030303-4c65-4daf-9dd0-d1f9d7ff0f69,Horster,Horster,,suchkind 212|wiederkehr,
e16325ef-1ee1-41f3-a81a-08ece536f35c,Horton,Horton,9781609614416,Bring It!,
4a8a8bc8-278e-4979-96b8-8eee8a897c75,Horwood,Horwood,,flucht adlers,
342e6b5f-a87e-4deb-807c-0d4b1837c808,Horx,Horx,9783880222830,Glueckliche Reise|trendbuero,
4992ef14-f6d4-48b7-a058-e62991fff175,Hosseini,Hosseini,,drachenlaeufer|sonnen,
2002d415-f752-45cb-a819-efdce737dc66,Hotoum,Hotoum,9781438400990,manaus,
c99953a1-8d36-42d3-9dd4-4bd2b8395fe0,Hottinger,Hottinger,,gemeine,
3f1baf44-723d-4539-a506-6234a25cddc2,Hougron,Hougron,,saigon,
f15947e7-a650-4292-9e0d-ee216e803204,Hourani,Hourani,9783596296705,Die Geschichte der arabischen Völker,
b4211b4d-2af9-4a6c-881a-1ef63df16bf7,Hoving,Hoving,9783795110505,marchesa,
8da5aa29-ad39-42b0-ad16-04f8eb1a5841,Howard,Howard,,glut|kuesse,
7a5f51f3-edd5-4b5c-b011-6922ff60cf15,Howatch,Howatch,9780751553116,penmarric|reichen anders,
cd37ca51-3fe0-44a3-83d9-16a1b390a256,Hoyer,Hoyer,,krieg,
9b9acbf0-12cd-4403-bab6-28cd75da6522,Hsieh,Hsieh,9781610660242,Delivering happiness,
8c35d045-03e2-49e3-a646-c9964750c1b8,Hua,Hua,,bruder|verkaufte,
0bceee6b-fb03-4f95-b933-b9fda25181e5,Huangsheng,Huangsheng,,china contemporary photography,
3bf3844d-8f9d-4442-8656-bdc524f138b2,Hubbard,Hubbard,9788773366073,Dianetik,
4879d458-5310-41cf-a48f-3cc2832fe4bd,Hubner,Hubner,,nordic,
020382eb-7c61-4065-b854-102378b3d832,Berkel,Berkel,9783548060866,Der Apfelbaum,
343e990f-c182-4661-b6f8-4cc1f52078de,Berlinger,Berlinger,,olivenbaeume,
7650e2a9-57a6-437d-a011-be74a3bbd50d,Berlitz,Berlitz,9783426771587|9783552027350,Das Bermuda Dreieck - Fenster zum Kosmos?|kontinent,
a991646c-6f3f-4501-b94e-e78e4ec75eb5,Hudson,Hudson,,dulaba,
2cef6c3c-93a8-4051-a517-8ca51da23dff,Huerlimann,Huerlimann,,schweiz,
501c1f91-e0cf-4ae4-84ce-277ff2b46048,Hutter,Hutter,,grossklockner,
c325c9d3-5247-42b8-87ab-42c16cf728c6,Huxley,Huxley,,eminenz|world,
d9f903f6-3ff0-4fb1-9afa-42f409f26e11,Pym,Pym,,geschlossene|missed|taeuschung,
6d59361a-0948-4a5f-8371-cd0d883cbf99,Hyde,Hyde,,liebe,
95e1da0d-823c-44e9-8575-9771f58c31ab,Isaacson,Isaacson,9783641176839,innovators|steve,
4f0bb054-9f57-49fa-927b-a8f196ce189d,Iacocca,Iacocca,9783926610362,amerikanische karriere|iacocca,
dcde48c4-7494-4a38-b290-e1ba26ac41a4,Ibelgaufts,Ibelgaufts,,koerpersprache,
c1cfde15-4b3c-4368-962b-aa3e48037f31,Huether,Huether,,begabt,
9f50b461-6fe4-44d0-a33e-435c3a16302d,Huetter,Huetter,,grenzen,
a14329ab-27b4-4dbb-b468-bc6d3fdc58dd,Hughes,Hughes,,nichts laestern,
390482e4-e08b-46d8-bcce-06460e08ad5d,Humann,Humann,,rockmusik,
e3152460-eda5-4f1d-81c0-4ff1b3c71d09,Humphreys,Humphreys,,boleyn,
1ac1550e-11be-4c6b-a605-91f4fcea356a,Huntington,Huntington,9783203780016,Kampf der Kulturen: Die Neugestaltung der Weltpolitik im 21. Jahrhundert,
5a231ffa-486b-459e-bbbc-62bb11448342,Huong,Huong,,bitterer,
9f0774d1-3b48-42f8-b9cf-ca86b583c19e,Husemann,Husemann,,buecher-jaeger,
d112b457-a1d2-4d9b-ad69-517880adac68,Huser,Huser,,eisbergs,
e0a44867-7c98-431f-b5c1-637321ca4604,Huston,Huston,9783641171353,killing,
59611b76-fd52-4af9-b50a-a47c7ed6e034,Hustvedt,Hustvedt,9782330034979,The Blazing World,
e4313ab1-ee1c-4718-bb6a-73a2b13ac8e0,Ibottson,Ibottson,9783442350155,sommerglanz,
f4317e67-46b2-4165-8cb9-b403602f7128,Ichbiah,Ichbiah,9788386805501,microsoft-story,
ae7209df-a6c7-4a23-9324-703e233bc320,Ickler,Ickler,9781530295531,entfuehrt,
200c9a4c-422f-4426-aea2-aae09ad7cc5d,Ignatieff,Ignatieff,9783442451098,asja,
bb5fd6bc-37b5-4048-94db-588668b7acdb,Igraham-Parsons,Igraham-Parsons,,new york,
9876d857-5dbd-42af-a724-f45406838f03,Ilibagiza,Ilibagiza,,aschenbluete,
e0034a05-3865-49b9-8d58-c21532eb3c59,Ingolfsson,Ingolfsson,,suehne,
d0cb3cc0-a0ae-4a22-8fa8-d20d3a761c6e,Ingridason,Ingridason,9783838712598,gletschergrab,
caca65cb-8cf7-4ca5-b741-8a94a745c7a2,Insel,Insel,9781693112294,marco,
445c7b56-77b3-4687-ba61-679408e4d96b,Irvine,Irvine,9780007442447,Scotland the best,
430dba47-17e7-41ed-b3f6-6b466ef43cf0,Irwin,Irwin,,kolumbus 2000 spaet,
7287aa2a-789c-47fd-a1c4-5d060cceb9e0,Isaacs,Isaacs,9780060563738,After all these years,
190c31cd-094e-4dc3-a09a-50f42957de95,Isau,Isau,,lied befreiung neschans,
f8d9ccac-c3d1-4744-a191-dd00a86861da,Isbel,Isbel,,sehnsucht gruenen,
7abc7944-9f3f-4972-94e5-bd021a5cadf8,Gerwald,Gerwald,9783404128020,ketzer|phropheten,
df6b801c-4d6e-4fe8-91d7-e7971bd5da0e,Ivanov,Ivanov,,haende,
d918bd18-b643-4760-a278-126f9f9e9cc4,Jachina,Jachina,9783351036706,Suleika öffnet die Augen,
46e22c7b-1f47-462a-bb17-b6406e886b5f,Jacka,Jacka,9783734161650,Das Labyrinth von London,
92e3b7ba-f75b-4fcb-b0c1-799d174908b6,Jacobson,Jacobson,9780393026214,American Journey by Rail,
bd4b5bcc-0abc-420b-9166-79390fef7bf5,Jaeger,Jaeger,9783548237190,Die Festung|fettloeserin,
7ecf5d10-3777-4893-a172-7697f4cf344c,Blaeser,Blaeser,9783451215742,ungewollt schwanger,
f27d22c9-754a-40a1-9e7c-0f9b58e77cae,Blake,Blake,,wolf,
8067faa4-e4ff-4e21-99bc-bd62b48e7fe0,Blanchard,Blanchard,9783499631931,Der neue Minuten Manager,
fda0a8d5-d0d1-4947-b722-731fd8630002,Blau,Blau,,salomes sommer,
b25f627d-06ab-480a-ad12-9bcb531a1afa,Iggulden,Iggulden,,fangen gerade erst|rosenkriege,
6c7ab422-5fcf-48cb-82d8-53b4848fff22,Imhof,Imhof,9783492051170,Die Königin der Seidenstraße|koenigin seidenstrasse,
6271c9bf-b0f9-4a08-a232-10cd7a410ae8,Berman,Berman,9783831001484,neuengland,
29dffc22-0688-4011-a7b9-1502697c8504,Bernuthin,Bernuthin,9783894807856,untreu,
ef128910-77e1-4d60-89c7-8805d4076759,Berr,Berr,9783887693213,Orpheus und Sibirien,
6bf34ca6-5097-43e3-be32-7a98f0181b00,Berthelius,Berthelius,,wohl schoene,
df5eaaab-a3fd-448f-9bc8-c3b3c71e62ea,Bleuel,Bleuel,,portraet heimat,
60584fcd-9437-4332-9ed1-de487763d72b,Blome,Blome,,bach blueten buch,
74369f14-120d-42ce-bdd9-76e2554cbb6d,Bloom,Bloom,,southeast asia shoestring,
706a6e8f-ad10-44be-8393-b4b210e6e6dd,Bluemmer,Bluemmer,,frau buch,
86a50b20-7dbf-40de-aa69-af57b9793833,Blum,Blum,,boehm,
d3a7e6e1-8855-4b47-b625-5f9891cf8833,Blumencron,Blumencron,9783832180584,wiedersehen tibet,
640cfa91-e909-44df-a952-2c49b742cbfa,Block,Block,9783530079005,dies|russland,
b93164b4-0cc9-42cb-a7fb-68caff148a46,Bobuyen,Bobuyen,,lessing überlebenden,
117a1968-92a4-47f1-ade7-e426c0f6a9cf,Bodard,Bodard,,rosen,
84d01cd1-ee51-4e68-bd69-440d417671a8,Abraham,Abraham,9783570300114,onedin kapitaen reeder|romanleserin,
342de382-b5f3-49fd-b26e-7d047e9f051a,Asal,Asal,,suedamerika,
72cec6d2-61a2-4c1a-9c04-c8d107f5bf31,Ghose,Ghose,,USA,
9779f1cd-2eff-448f-b639-4b4526f5aeee,Barcata,Barcata,,asien,
52180bf9-6cc5-452e-93db-3e4548209855,Barrault,Barrault,,hai,
fa428d7c-b5f9-4cbd-bd91-6cebac930621,Jaffe,Jaffe,,gefaehrlichen,
075e4797-334d-41da-b8b1-4468fcd59027,Jagger,Jagger,,claire,
516ae5ef-d21c-419f-a507-c2dd3d1a332a,Jahnn,Jahnn,,holzschiff,
f7a46521-8f0e-4d4d-98a9-2eda335837b2,Jahoda,Jahoda,,wieviel arbeit mensch,
89ba9358-21ae-4329-ba9c-a68f47289260,Jajkes,Jajkes,,licht schatten,
09f86404-50d0-4780-9cd7-c263064f8e25,Jampolsky,Jampolsky,,lieber angst,
1a2191f4-ad67-4cd9-93cb-fca27fa0acf8,Jan√Üen,Jan√Üen,,zeitalter,
bab0f141-f782-4222-9492-0c3b2880ed38,Janic,Janic,,dream traum montana,
b5f28a4f-f73c-4108-955a-4b24d2b5019d,Jannausch,Jannausch,9783453019768,mustergatte,
fd291d6c-fd13-4e3d-ba85-d6439ed554c3,Janosch,Janosch,,popoff,
780bcbb1-5b58-4b85-84ae-99e18582ae56,Janz,Janz,9783956498305,strandrosensommer,
10d7316e-947d-4641-b48e-e68efebf6d5e,Boeckl,Boeckl,,geliebte kaisers,
42d400d2-455c-4ac8-90f4-7ce4cdda0fe2,Breinholst,Breinholst,,kunst jung bleiben,
7640b71b-34c4-41bf-82c9-a47c38181187,Brent,Brent,,mondbaum,
3e5db8ed-37ee-4067-bfcb-e0fb0f0baa46,Breslin,Breslin,9783570305508,medici-siegel,
75b1f013-ea7f-47a2-8877-53b6d5ab4ecb,Burghardt,Burghardt,9783492276351,Gebrauchsanweisung für Brasilien,
3391cd91-e9d0-4992-a246-27791001f9b0,Burkhart,Burkhart,,Der Balkan,
4777140b-8b0b-46d0-90b0-dfea31dffb26,Burmeister,Burmeister,,norma,
5eb289d9-d2bb-4007-b9e6-4ab9bc244dc4,Carrisi,Carrisi,,enigmas,
aa8ec8cb-25c2-42a3-ac13-49f366f2128a,Carstensen,Carstensen,,rittersagen,
70699191-3e77-42f8-b01a-c1f2a28168c2,Cartier,Cartier,,peter grosse,
5561426f-244d-4c4b-90f1-392a53a9eb1e,Cartland,Cartland,,schiff versuchung,
894647a3-d3e7-4c82-98eb-ff73059f3b71,Bertolli,Bertolli,,kuerbisfloete,
10ddca69-9d3a-4766-8214-a3f8801c0555,Bertram,Bertram,9783641157760,tochter medicus,
441848fb-e4f9-4dca-8dbf-07686eb995fc,Besley,Besley,,bts superstars,
331447c3-ea31-4db1-8739-b5e08894d34e,Beste,Beste,,australien|ozeanien,das beste [tmp_authors_csv(nur Nachname gleich)]
e2a207c0-729f-43bb-84dc-a946b19c5aec,Beste-Fopma,Beste-Fopma,,beruf familie,
62b9dd49-f614-42ef-86f9-f2f9c074c7d7,Bettelheim,Bettelheim,,kinder maerchen,
abec6b2d-48bc-4925-9016-9f6658773d50,Betz,Betz,9783453701694,Willst du normal sein oder glücklich?,
5c939b6e-c232-47f2-825f-f282ef330831,Djura,Djura,9783453083028,Hinter dem Schleier,
4883a81e-104a-4074-989c-7d115069202f,Biasini,Biasini,9783552072626,himmels,
019caca5-c85e-4ac9-8025-937e358ea335,Biebricher,Biebricher,,theorie neoliberalismus,
bd312ad5-7c4d-4399-8a0c-a142c8f2c316,Bieler,Bieler,,baer,
0a4844cc-c661-4f97-a563-b975401f357c,Bierbichler,Bierbichler,9783518464083,Mittelreich,
dbd59d8a-6f35-4909-9c03-7ab6ca6d8f8f,Bilgri,Bilgri,,entruemple geist,
87a67c7b-81bf-46b3-80f8-efccfc76a863,Christopher,Christopher,,templars,
a7cb706c-64df-4176-80d9-6bcc95befd9a,Chronin,Chronin,,sonnenkoenig,
1c344e47-0880-4a99-9690-f9b11d4d5b50,Chu,Chu,9783596034895,Die Wiedergeburten des Tao,
96a5cb25-24c2-4a29-8123-13070a6692d9,Coyle,Coyle,9783936973198,armstrongs kreuzzug,
5e852baf-ca76-4903-b98f-041373985a48,Dazieri,Dazieri,9783492969352,finsternis,
eedec3f2-8613-4fea-8734-be504f61b114,De,De,9783518459997,bombay,"rijt, van de [tmp_authors_csv(nur Nachname gleich)] | cesco; de [tmp_authors_csv(nur Nachname gleich)] | vendel, van de [tmp_authors_csv(nur Nachname gleich)] | kamp, van de [tmp_authors_csv(nur Nachname gleich)]"
04937aa3-9085-4e4d-8534-affeb9f911b1,Deaner,Deaner,9783499137075,Als Der Blues Begann,
a7fa10b9-ddf8-4ee2-bddf-4bd745380ed6,Dittert,Dittert,,palmen warschau,
8de0db61-d0a9-4421-8b94-09d282a0784a,Dittmar,Dittmar,,emotionale,
0766bd1d-fc95-4571-858e-67945b7f3118,Maberry,Maberry,,methusalem,
d3e8531c-ae83-42cb-b97b-3e7ed42bf4d6,Leonhardt,Leonhardt,,revolution,
c08f6c1d-21d2-415c-96f2-2debd92811ff,Monnier,Monnier,,strasse,
99ae8813-aebd-42b5-9a22-e6e506a34c42,Mross,Mross,,boerse,
5685c8ad-6a79-4b59-9d60-686059e7ff39,Martin,Martin,,nazareth,
eec9a854-3d00-42bc-928a-2b01b31723a7,Muehr,Muehr,,purpur,
43001d19-9ef6-46f1-a27a-15ab13e8767e,Muenster,Muenster,,arpael,
aac7e85b-aea5-4498-a85e-f723c61aea99,Muenzer,Muenzer,,akte rosenthal,
96020883-6524-417f-b272-c6412b9361ac,Mues,Mues,9783596139453,Die Phantasie ist eine Frau. Sechsundzwanzig Originalerzählungen,
a2c08afc-1e1a-40e9-876c-ae5bd3c5b933,Muhler,Muhler,,Die roten Patriarchen,
b4582000-0d9e-4a96-a924-4aeae2c6b4ea,Muir,Muir,,hoffnung|weisse schokolade,
c7e04467-1268-4860-8682-cde684b521f2,Mukherjee,Mukherjee,,angesehener,
4e177d24-6a9e-4ae1-ac30-bbf8f395fb45,Mulack,Mulack,,natuerlich weiblich,
7ebf0d39-c0a7-401b-86a2-263de02f6446,Mulisch,Mulisch,,attentat,
60f7e357-6bd1-4c48-91b7-9fd89d14df75,Mulroy,Mulroy,,400 inspirierende reisen,
1e11c2ed-8e42-49e6-8200-3b2d32e329a0,Motschmann,Motschmann,,kaplan,
fabeb02f-bae8-46e3-bea1-903c946214b3,Mercier-Sivadjian,Mercier-Sivadjian,,kalifornien,
76e20654-888a-406b-8897-0172175a2e2d,Munif,Munif,,what,
2d1c80b4-39e5-43a1-997e-8c114bfbc175,Munif,Munif,,salzstaedte,
8c4f24ce-630e-470b-b45c-52b3a60e2bd5,Pausder,Pausder,,land,
fb10db17-5407-4dd9-9d5e-bc6be001d790,Pause,Pause,,Wandern--bergab|huette,
0994bf8f-ad85-49c9-9e2c-3ca077db8983,Pausewang,Pausewang,9783473580361|9783473661664,Das Tor zum Garten der Zambranos.|Die Wolke,
ab51668c-e33d-4aa8-be03-03140495a1c8,Payne,Payne,,taoisten,
748cc2a1-d3b8-45c1-bf61-006bb5cbfd0b,Peace,Peace,9783453675322,Tokio besetzte Stadt|tokio jahr null,
d7fb8efc-56c7-46d3-9fd3-2f0674e34f01,Pearce,Pearce,,grabbing,
8606d9f0-5b48-479c-a822-f85e5ff98742,Pears,Pears,,scipio,
f91db45c-b935-40b4-a451-c1fc226c07a9,Peetz,Peetz,,dienstagsfrau,
d652f3a7-185d-4bb7-bb43-0ec717d2681d,Pehnt,Pehnt,,schildkroeten,
68a7c123-4f0b-472d-b81d-1c8e17152ae8,Peiper,Peiper,,haemmer,
a12c1c4f-9c5b-4974-906b-4592cad0c504,Pelzer,Pelzer,,es|verlorene,
c956c65b-30c1-4189-b7c4-8df3a32828d3,Penezkina,Penezkina,,komm,
9d8dc90f-1ece-47b8-ae5c-356db4e0b48a,Azzedine,Azzedine,9783803141248,zorngebete,
1c4bfee3-d446-4e34-ac4b-3b3b416c0e35,Pennac,Pennac,9783462029314,Adel vernichtet. Ein Malaussene- Roman,
e8e43650-f67b-4d3d-b754-4f7573a1802c,Penny,Penny,,sexuelle,
e5f002cf-2770-44f0-90cf-8d928d75bb78,Penski,Penski,,heim,
8fd235a5-0c48-4228-9283-e13fbdfd98bc,Perarnau,Perarnau,,guardiola,
44035d23-a5cb-458b-9a17-8a01ad4b79b4,Verdi,Verdi,,troubadour,
8cf83761-d368-46ac-a38f-486891d50f99,Vermes,Vermes,,er,
50f0be17-2c0c-42a0-8897-086626ffadff,Verollet,Verollet,9783548281629,Das Leben ist keine Waldorfschule,
f3d98de3-6a6e-43e6-94b7-09fffcea4302,Versteggen,Versteggen,,core performance,
fd52b292-7e27-440d-81ce-ac9b3280a006,Veryan,Veryan,,anders,
9b9ee9fd-e1fc-425a-af2a-8dfad86fe1cb,Vester,Vester,,crashtest,
4071b745-cbfd-4826-92f5-0880d8f67ee6,Vestner,Vestner,,neuseeland,
63c8f06e-4868-4696-b35f-fbbe3f0f49b5,Vetten,Vetten,,propaganda,
81603fdd-8b3c-4715-82b4-6dda8a91e96b,Viegas,Viegas,,schatten tiefe,
c886dfc4-88fa-4df5-8ea7-6e214f2115c0,Viering,Viering,,elefanten,
a819f7cb-0723-4489-ab09-faa1b2848a45,Vilar,Vilar,,betoerende glanz dummheit,
c89b2814-c5c7-483d-9e62-238443ac1b4a,Vilcinskas,Vilcinskas,,rochen,
4aab7c41-1964-40e4-bc0b-3258cd46e09e,Villaret,Villaret,,braskowka,
32548935-7922-465f-b0e1-711f6ce9e650,Vine,Vine,,salomons,
749ded22-22d0-4fdd-a5a3-56e7f41c8f49,Vinnai,Vinnai,9783436014926,Sport in der Klassengesellschaft,
ec4473b1-f829-471c-8702-aab68051bfb4,Vissers,Vissers,,1000 tips selbstaendige,
a1a340d7-abe2-461b-a218-eb12fdc473e4,Vlitzkaja,Vlitzkaja,,siebenten,
50133106-d4e8-4c86-9740-237f2cade99d,Voeller,Voeller,,maedchen sonne eis,
e3735828-b4ed-41c2-8623-ef3e4d621a8c,Voien,Voien,,schwarzer,
4f06300f-e767-4d4d-b97b-4480220696f0,Voigt,Voigt,,kaempfen,
48bebc3f-bcdf-4b61-8b5a-29db514c5bf9,Voland,Voland,9783406563348,Die Natur des Menschen,
d3eb9d54-69b7-4163-b6af-6349d893f6de,Vollborn,Vollborn,,joghurt,
364a3ddd-22cb-48c8-91a4-381b09b971b4,Volo,Volo,,zeit mich dich,
b79f2dee-8e66-413a-9731-c275c02a4e5e,Volpi,Volpi,,klingsor,
25622aa9-cdba-4293-8ae6-ac05482c0413,Vuckovacki,Vuckovacki,9783596235070,Indien im Monsun,
e08d4436-8263-48f9-b8d6-8d4a0dcb2379,W√∂Tzel,W√∂Tzel,9783778792551,Über die Berge zu mir selbst,
3c6e90cb-9205-4b0e-af2b-b48e3be9f4ba,Waffender,Waffender,,san,
c84f3e70-3e8e-4fdf-9e8c-070438fa7ab9,Antonis,Antonis,9783800027958,Hunger nach weniger. Geschichte einer Magersucht.,
ad2fc812-68d5-4e59-949a-050d316846b4,Applegate,Applegate,,aisha,
4868d1ad-54ab-4fb5-9127-45b3419c68e9,Arenz,Arenz,9783832165307,Alte Sorten,
c18451fa-52ac-46c6-af8e-7f68030a8898,Arnemann,Arnemann,,eulenspiegels,
b6566d20-6f1f-42a1-a537-14cd37faffec,Arthus-Bertrand,Arthus-Bertrand,9783896601049,Die Erde von oben - Tag fur Tag,
62ff21b2-585b-44fc-971c-155d9737f6ea,Arz,Arz,,unfreien,
5832bfb9-bc53-46d7-9080-53e245ba3fcf,Ashley,Ashley,9783444105784,toskana,
32d89b5b-74f6-40ca-b61a-a3f275a3baf3,Asserate,Asserate,,afrika 101,
87192585-ded4-455c-9f51-df0b4790c653,Athwal,Athwal,,frei,
0bc124ce-c36c-4b7f-8b65-4126fe3fd5a1,Auboyer,Auboyer,9783170052567,asien,
c8cb412e-8ba5-444c-8999-6fdb8a5781ac,Augustiny,Augustiny,,Deutschland,
29c9f5cd-99e3-4199-9161-20b0590035a5,Aust,Aust,,baader|pirat,
937ba5b3-5405-4f34-b681-a1c72937edcb,Axelsson,Axelsson,9783843714211,aprilhexe,
7fd420ec-d8d0-405d-958a-4aab3c0daee4,Ayata,Ayata,,huerriyet,
a8041487-761c-4815-94fe-410462c1380e,Ayoub,Ayoub,9783943002027,engelsgift,
666644c5-75a4-4674-9381-03edc8150322,Aziz,Aziz,9783922619208,Kurdistan,
62eebd18-e9fa-4d6f-a9ec-d99210905cc3,Baar,Baar,9783596224166,Erotische Geschichten aus China,
c80b00aa-3047-4ff7-a0a6-88c6feff178c,Babendererde,Babendererde,9783401053684,Lakota Moon,
a0799de7-9c8d-4ff3-955e-ecd60309895d,Bacchelli,Bacchelli,,po,
23533ea8-bdef-4da9-b59e-b44bccd0b519,Backes,Backes,,geburt europas,
bf9544a5-dd7e-4f18-98df-245ce2e80a04,Binding,Binding,9783866480896,cliffhanger,
11c8b831-9ce4-43ef-9659-ed6003818569,Biolek,Biolek,,rezepte lebens,
fd6e7bb4-ef25-4f8e-a4ca-d47874dc3991,Birbaumer,Birbaumer,,gehirn,
bda246e8-0415-43b0-a5a6-ef35109339cf,Birkenbihl,Birkenbihl,,erfolg,
6dca622c-81af-4f64-8110-76e54eaeaa48,Birker,Birker,,jahresbericht 1997,
b6598264-1738-422f-bdea-827e96252ebe,Birkner,Birkner,,Die Tatarenpredigt,
3c715782-9dab-40dd-943b-474fe626bca2,Bischof,Bischof,,Krebs gang,
f4e1d645-2c4b-4859-88e5-de80ba5f24aa,Bisley,Bisley,,hoelle,
35856474-1619-4555-8b9b-7989f5252059,Bisping,Bisping,9783493559248,baltikum,
bb1af159-6e21-41cb-b3d3-b646990aa78a,Bittrich,Bittrich,9783492239424,Dann fahr doch gleich nach Haus!|gummibaerchen,
226264cb-8649-4414-a2fc-593a82c0d245,Alten,Alten,9783641079666|9783641213770,goliath|hoellenschlund|meg,
2b51be49-c2ee-43ae-a1ae-02235e59e2d9,Petersen,Petersen,,liebe hoffnung,
76f1a952-a10a-4f36-9838-4211fc40fc80,Benioff,Benioff,9783453407152,Stadt der Diebe|alles anfang,
85dcaf17-43cc-46a9-b26b-ea4fa41bc4ba,Benjamin,Benjamin,,brille,
76f5c7c6-0a18-46e0-8c3e-44bb35e5e346,Bennett,Bennett,,falkland|uncommon,
e73e19c0-6e43-49cc-b735-50e2711b7ecc,Benoist-Mechin,Benoist-Mechin,9783828902992,kleopatra,
19f3e73e-e57a-410b-bbeb-3c583ceed882,Benoit,Benoit,,sousceyrac,
2f63344a-465b-4d23-b7fe-7a1e93320da3,Beoethy,Beoethy,,heirate niemals udo,
2090d538-21e0-4e9c-aa4f-0cb4bf88f787,Bercholz,Bercholz,,mann buddha,
83d4811f-db15-4bcd-bfc4-56730e2ea598,Berendt,Berendt,9783426269336,"Das Leben, ein Klang",
e5f91366-89fd-4f95-bfeb-dc7109818a3d,Beresford,Beresford,,geheimnis,
f830623d-68fd-491f-bdaa-8ca2d0f4cf34,Bergin,Bergin,,australien,
e8db1b0f-74df-45d1-a986-6307c72b3e20,Peskow,Peskow,,vergessenen,
f3922f32-3a5a-4c9e-aa76-affb57e8ee3d,Boeger,Boeger,9783865393807,tafelspitzen,
9b7642b3-fbd0-4a23-985f-e054737445e1,Boerchers,Boerchers,,routen,
1084ce19-1023-401f-b4ad-5874ab71bee6,Boff,Boff,,kirche reiche,
27156b74-077a-48f6-8d48-1727a7014057,Boge-Erli,Boge-Erli,,satans augen,
c76905e2-8c38-4c40-bf75-56701f1d3b86,Bohjalion,Bohjalion,,attendant,
fe7735f2-0573-489b-8dd9-7d34cd444ee8,Bohne,Bohne,,alaska zurueck,
95075721-67bc-46d8-bc43-45ae38d6aadd,Boie,Boie,9783862740444,alhambra,
5f5e22d5-e76e-4178-8b65-fc8a55ce316c,Boldrini,Boldrini,9783522123303,etruskische leopard,
97d15a60-77ec-4e06-92c9-b38166a96e25,Bolesch,Bolesch,9783453070196,Ulrich Wickert,
abbf2790-ea05-40e5-9a67-8416ae5b9436,Bolle,Bolle,,grossen religionen welt,
e6b40139-6632-423f-9ca0-6491cd398f7a,Bolte,Bolte,,witwen eiserne jungfrauen,
9a1f64bb-a62d-4918-b2a8-b429b9c8a542,Bolton,Bolton,9783442468058|9783641288587,beste|schlangenhaus,
de178862-4742-4e46-ba5d-f4afc4a7ca20,Bombeck,Bombeck,,stell herz sommerzeit|wuehltisch,
dd434f8e-ac6c-4438-8c56-5d519bf6c222,Bonatti,Bonatti,,berge,
97f26df2-a289-4215-9a0b-2802fe479053,Bongers,Bongers,9783613023888,Porsche,
403e4f04-b38b-4c93-a385-49113aef68d8,Bonner,Bonner,9783838706177,generation doof,
258384f4-59ca-45c5-b3c0-e8fa7aa39466,Bonnet,Bonnet,,provenzialische,
3116127b-f5eb-485a-8f01-58de28bae2d7,Fleischmann,Fleischmann,9783453430761,Dies ist nicht mein Land|hoehenwege,
24c0bad7-c921-441d-b71a-ffd54fb7e362,Iwanowski,Iwanowski,,Südafrika|Zypern|geschichte,
532b4411-5b22-41c2-aef7-6f8e2bf9f6f7,Jacobs,Jacobs,,boeser|untergang,
81c9c963-b80c-47ab-87dd-6723523391ca,Mertz,Mertz,,berater|book,
d41e5358-f685-414e-8eb7-9ba44d96bfb1,Mitscherlich,Mitscherlich,,fatima nehmt,
2ba22920-63d1-464e-9a09-6581150cd876,Mistry,Mistry,,fine balance|gleichgewicht,
09fdc4ea-702c-4acd-8bb9-47b55c5b0017,Mitnick,Mitnick,,friedfertige|friedfertige frau,
9cb58cfb-e046-43f1-9fbd-57bef89289d9,Niazi-Shahabi,Niazi-Shahabi,,kinder,
2950defe-e38b-4cfd-9693-381249a02ef8,Nicholson,Nicholson,,tao|weisheit,
db442530-6258-43dd-a050-e543dddd1d7d,Yallop,Yallop,,gottes,
8fa23f3f-c791-4ccf-9b29-445ed85e796d,Badinter,Badinter,9783406841682,konflikt,
c8898b06-d6cb-49e3-ac6b-916629859e18,Baechler,Baechler,,liebe,
416d3c0d-30d0-42e6-b218-a614fed21402,Baedeker,Baedeker,,andalusien,
01420254-59fb-4775-9dd1-3f44aadf6117,Baigent,Baigent,9783404770984|9783426265574,Verschlusssache Jesus|verschlusssache,
edc1477b-c64c-4c19-b764-1c03817a5734,Bahro,Bahro,9782234008786,alternative,
1bc0be8d-ece1-42a1-8efc-95780e142b1d,Baedekerl,Baedekerl,,traeume,
cd7e26bb-4b6a-4158-b7b1-96cd197452bc,Baeumler,Baeumler,9783662566251,farben,
f1274b8e-7d1e-4898-a1f7-7d06f4c6a4c9,Bagge,Bagge,9783518463192,schwarzer himmel,
757f4be4-fd33-45a0-873e-e957f043812b,Barber,Barber,9783453003187|9783453048829|9789137096506,Koraloona|Magari|Tanamera,
178d6d84-ced3-4fc5-bdf7-ffa49451eddc,Bahr,Bahr,9783783108521,alleinsein,
575ee9dd-fa75-4405-99c1-9ef2492c3408,Bain,Bain,9783829715768,neuseeland|zealand,
6571e2bf-5f46-495f-abb1-536a8f6e1506,Bainbridge,Bainbridge,,lesotho,
14ea7441-ea20-4bcf-8a22-a1c104e08bee,Ballard,Ballard,9780786881475,titanic,
b2dd664f-441d-48fb-9449-c739ad83a41a,Baneau,Baneau,,laecheln frauen,
f8fa11ca-21c9-4ba0-8436-f9ccab4a2df1,Banerjee,Banerjee,,buecherfluesterin|hueterin,
7b938736-dc8f-4686-a28a-73994281cbe9,Bankhofer,Bankhofer,9783442168910,gesund bleiben,
02362ca0-a826-4012-b5ec-d29ed3641a76,Bannalec,Bannalec,9783442479283,Bretonische Brandung,
a36c06d6-51b1-4bb5-a7fc-dfbf476428ff,Barak,Barak,9783548363776,Wo das Herz wohnt. Meine verlorene Heimat am Hindukusch|herz,
c5c08b31-1ca0-48dd-945f-5a5e59bd96db,Barbato,Barbato,9783442465064,pathologin,
086cf344-326c-41ae-8815-c2c803470ac5,Barbault,Barbault,,sterne zodiac,
43d79f66-aa70-4aa9-82f3-63f886906820,Booth,Booth,,kill|sohn schamanen,
6cb75e0e-857b-4b54-a455-e24a3fb42a9f,Barbier,Barbier,,verschlossenes,
4bc6b26b-02de-4c48-804d-6b4abacced53,Barcelo,Barcelo,,stimmen,
8abacaec-4da5-4d91-923c-018da9ec1357,Bardorff,Bardorff,,brehm,
dddbbd86-a578-4192-9b1c-b9ed358cdae4,Booz,Booz,9780792235026,last wild places,
a2b56632-a02d-4ac5-8ea1-cc8ff266141e,Borchardt,Borchardt,,mauern chantalon,
472d4300-86e8-48f8-a645-de3658cfb49e,Borkenau,Borkenau,,marx,
9cf9aa3e-e2e8-49cf-9bd9-c74be20f169b,Borneman,Borneman,9783518022412,Psychoanalyse des Geldes,
6967ea2d-9f36-49c6-b2e2-4f38ab6a07ae,Borst,Borst,9783451050794|9783549072844,Die Katharer|Lebensformen im Mittelalter,
48aced2e-973c-4ee7-9003-dca5dbc0f61b,Borysenko,Borysenko,,buch weiblichkeit,
8d6fddcb-9a72-4d1f-ade5-bf73180af120,Bosch,Bosch,9783760904962,Der Kandidat F. J. Strauss,
19e66814-4183-4cc0-bc87-9ada1bbd6805,Bosl,Bosl,9783875010428,Geschichte des Mittelalters,
f8a60cdc-e30a-4cf7-a0f3-c3537684f422,Botting,Botting,,unbekannte europa wildnisse,
d4d3ab7c-0203-47b8-9997-70a36eca473b,Boulle,Boulle,9782140070679,kani,
27ed99f8-3d94-41ba-a077-398ea4735601,Bourdain,Bourdain,,kuechenchefs,
fdafe93b-7bc9-4ecd-b154-0d64c10589f6,Bowles,Bowles,9783442309351,Gesammelte Werke 2. So mag er fallen,Paul Bowles [tmp_authors_csv(nur Nachname gleich)]
6f1b4755-5eb7-4b67-8a4e-55f5598cebe0,Box,Box,9781907263620,South American handbook,
dd811ad5-4728-4236-8cd9-6b997a604b56,Boyle,Boyle,9789025448950,terranauten,
501b4515-b7ee-4d00-90ab-16ea636ef574,Brackman,Brackman,,goldenen,
1d8fd628-3923-47dd-bd55-02172f17f13e,Brackmann,Brackmann,,norm,
138d9093-7a1e-4298-bb20-d50915e13b8f,Brando,Brando,,leben,
db9dd6c8-e58a-42f7-9ece-b5ad30f606ce,Brady,Brady,,carrick,
3e6eb846-35b2-48bc-afbd-00c6de15e3f2,Brambach,Brambach,9783424012392,kleopatra,
036b8990-e123-4d4a-b6c5-b602f3b4dff6,Branson,Branson,,virginity,
f1c7ecbc-8ab1-429c-9873-11b661e5fb7b,Brasil,Brasil,,minuten,
ac80e714-3e6e-4a39-9444-a8793d77b65b,Brauen,Brauen,9783453645264,Eisenvogel,
bda06cbb-cd6b-45ff-9704-aeb7fe3ca179,Brauinger,Brauinger,,angeles,
782c1699-d863-40ac-a870-464d1897541f,Braunburg,Braunburg,9783404104093|9783499128202,drachensturz|international|landschaft|schatten fluegel,
2c9295b3-1118-40bf-829c-707dc8c16c1c,Braunger,Braunger,9783770124268,Südwesten USA,
f12ec8b2-9659-4c90-9584-4bf45d908369,Braver,Braver,,elixier,
d95ab7f1-ecdd-4697-bd25-1029524a2c82,Brecher,Brecher,,stop,
659fcb4b-c6d2-4783-b55d-707ab45b7c06,Bredow,Bredow,9783442087860,Willst Du glücklich sein im Leben. Geschichten von gestern - Geschichten von heute.,
dc2cde45-cd20-47aa-b18e-32e4100d264b,Arango,Arango,,luegen,
0140420e-c0d6-4460-87d8-e7dde503ac18,Breunig,Breunig,9783775152143,casting,
a324adbd-e335-440d-bc22-04cf212a7e9a,Brewer,Brewer,9783811831179,affenschule,
b9fc1092-8c63-46ed-be95-0168b00203dd,Brierley,Brierley,,lange,
f4030ec2-736c-4982-a6e4-703cd5be4135,Briggs,Briggs,9781784776428|9783864919046,Uganda|kinderleicht,
3cb7f8a7-6d57-4fbf-8df5-79ea2d069e8b,Brille,Brille,9783838711348,tatortreiniger,
aeae750f-85cf-468e-82ae-7a4bef33cb8e,Brinkbaeumer,Brinkbaeumer,,reise,
72041de3-b244-480c-bd9c-8d13a4b84113,Brinke,Brinke,,york,
bc5a6371-8940-4361-a9fa-e2b8e7c7a335,Brinkmann,Brinkmann,,acid,
d0a7f7d2-a37f-4725-86c2-b80e9da16cea,Briscoe,Briscoe,,kann haesslich,
e8fd6a1c-20a9-435b-8eca-29691abf9300,Brissaud,Brissaud,9783860471579,canaris,
835855b8-51c9-4a2a-af67-dd95d5baec43,Britton,Britton,9783453433656,agent,
7629531b-c745-41dc-a3e6-26051c8be31e,Brockway,Brockway,9783426690284,Diebin der Nacht,
5e4b81b7-855e-437b-bd90-ab34a9aaa7fd,Broers,Broers,,metamorphose menschheit 3,
e385d083-4dd6-47e6-9af3-08e068f9df36,Brokken,Brokken,9783462047257,Die Vergeltung - Rhoon 1944,
d5345e5f-c79f-419c-9bd0-586a7d7e1a3e,Bronte,Bronte,,eyre,
8b8f8d48-51a8-4d86-ab13-83376ed99e44,Barille,Barille,,venus,
96f3937f-0517-458f-8b35-9f87baef95b3,Brothers,Brothers,,10 vollkommenen gedaechtnis,
f73f10dc-f85b-4d37-a367-dffc18da50c2,Bruce,Bruce,,maenner,
f69622d7-f1a4-4018-baa2-59f21f9b9ab7,Brueckner,Brueckner,,jauche poeninchen quints|quints,
5238a4a5-e705-4837-9d11-dc0dc5d69d54,Bruel,Bruel,,gesang zikaden,
7e5ca7de-efd4-44d8-9aa5-7e253619066b,Brugh,Brugh,,herrin,
17fbbd96-0c6d-471e-ac47-92f3a34757ea,Bruhns,Bruhns,9783548367484,Meines Vaters Land (German Edition),
9b6d8900-efc1-490a-a33f-d0dda4aec8a2,Bruker,Bruker,,nahrung,
26e7f2c8-183a-42e2-9f18-acde0fbb3c55,Brummel,Brummel,,scheiss,
65629bf5-c743-4152-892e-f048ed10412d,Brummer,Brummer,9783868711370,USA - der Osten,
be8404b9-5ecd-4900-95b4-ceb67f5d087a,Brustat-Naval,Brustat-Naval,,rettung,
b52717d0-4f34-43c9-994f-5a9db2bb935d,Buchwald,Buchwald,9783426870310,Impfen. Das Geschäft mit der Angst,
83bd6041-2ed9-40b9-bb92-2e5057e5ffbc,Buehrke,Buehrke,9783423413992,genial gescheitert,
6638920d-d4e2-44e1-a8dc-69bbe75bb7c4,Buellmann,Buellmann,,einzige reise,
0781c0c1-e6f4-4ced-a3a4-12fabb659136,Buschkowsky,Buschkowsky,,luegen|neukoelln,
10d04a5e-cd01-451a-b182-7c567bc9f8b6,Buddenkotte,Buddenkotte,,hatte alle,
724c2675-1a95-42e9-8271-b544aebddda7,Budnitz,Budnitz,9783458170983,Große Sprünge. 22 Short Stories.,
fbbf6810-8979-43fa-b1e2-3c7359cf5474,Buechner,Buechner,9783847292821,woyzeck,
950851c1-3e29-4ec9-8bbd-cdb6fcc0a30f,Buedeler,Buedeler,9783893931941,Geschichte der Raumfahrt,
8d566dc3-0218-4828-a193-ac7332710e07,Buhl,Buhl,,achttausend,
9db6d10b-533d-41d7-a9da-f401cb81ef51,Buiko,Buiko,,goldene,
cb30385f-1b4b-447f-8793-312ee6eba21f,Buisman,Buisman,9783530120509,Spanien,
667cb2aa-ab17-4cef-a37a-7a4274d5f4ab,Bukowski,Bukowski,9783423123907,Hollywood. Roman|eisgang,
25865659-86be-4d84-ba22-298bac11334d,Bunch,Bunch,9783442246083,Die Fernen Königreiche.,
2823f5d0-1c51-4acb-b5a4-e8a65a1cf953,Bunin,Bunin,,grammatik,
f4219a85-1a06-4538-95c3-5514646d7ad9,Bunk,Bunk,,frauen morden,
5013d8c5-671e-4b33-87ac-2883c4b81922,Bunt,Bunt,9783896025524,subjektiv,
485a5f8e-b59a-4f20-8f62-ee8233719c80,Bunzel,Bunzel,,osterie,
958fb865-d55d-44f8-a939-c18b86d13f9a,Burchill,Burchill,,scheide kann|waffen susan,
b0945e6f-c4c5-4af0-866e-1b304e10067e,Burdett,Burdett,,hongkong|letzten tage hongkong,
f4f19723-2fdd-42f1-888c-e73fc389ef48,Burgard,Burgard,,journalismus,
6c1c5d9e-75ea-425a-9699-e8506bdceb7f,Burgh,Burgh,,steinerne,
dc6291ed-aeb8-4fac-81b2-501800a7961b,Burns,Burns,,sarah's,
67b7b6d5-20d9-4f00-870c-d74e7d56d224,Burroughs,Burroughs,9780345289865,Tarzan,
62933c3a-4d63-4f72-be81-f25530757222,Burton,Burton,,tiere,
4b4ae35d-7d58-4c0c-88b1-3b650ae7e3cc,Buscaglia,Buscaglia,9783442217199,einander lieben,
19203df9-c710-4763-9ab0-cc366b73d977,Buscaini,Buscaini,9783765422621,patagonien,
68fe3d8c-7920-475e-abaf-c94b3d6b3045,Busch,Busch,,moritz,
afa0a52d-85a6-4d5a-b590-24ce478fe142,Buschey,Buschey,,geliebte,
63117397-e86a-4542-960e-b57d2d6356e0,Busquets,Busquets,,Woll-lust dolores,
ecc3fa37-9c4e-48b2-9095-c9c45f16ca49,Busse,Busse,,konsumenten,
c930a782-dfb8-42b7-b214-59970128623f,Buzzatti,Buzzatti,,tatarenwueste,
4018286f-47e4-440c-83fb-b6da958d44b7,Byham,Byham,9783478349505,magische pfeil,
a5529e77-4f2a-4f16-b4e0-06980fac143f,Byrnes,Byrnes,9783426637050,relictum,
6d6113a4-ad9e-4699-93af-06cae2e038d5,Barnett,Barnett,,welt,
a6d52e68-5bf7-48d4-88d6-77ebb46beab3,Barnhardt,Barnhardt,,dreizehnte,
ed9e6c6b-f8bb-47c9-b5a1-b56465bc1e0c,Baron,Baron,,griechische,
ebd950c8-f89f-494d-aa69-1044f648893f,Cabot,Cabot,9783570126042,Plötzlich Prinzessin,
fde41bb7-7b6e-4b5f-86dc-8a840641fe6a,Cabre,Cabre,9783518460498,Die Stimmen des Flusses,
27af4cbe-8099-478b-ab64-debdc4e8df92,Cadeggianini,Cadeggianini,9783596188673,Aus Liebe zum Wahnsinn,
29ff1d25-920d-4a41-83db-736a2bff1696,Cadegginanini,Cadegginanini,,liebe  wahnsinn,
4c7e8aac-39ba-4084-9cd1-93412eebe275,Cage,Cage,9781650768762,eleni,
5d8994f2-7e6f-4d4b-8c14-8dde34c6acaf,Caidin,Caidin,,witch,
c9407f2c-3d5a-41c2-860e-395a2ebdd881,Calder,Calder,,liebst,
4315c017-712b-42e0-b7aa-4f7630a0b590,Caliskan,Caliskan,,violence women war,
a3b95a92-e8b0-4577-90e1-4d14590f16aa,Campbell,Campbell,9783426196786,leoparden|wilder tag,
9666dad7-f613-40e8-ac08-01d814c08adc,Campobasso,Campobasso,,stopp alterungsprozesses,
35930752-e819-44c6-ae2a-68dfb352dec0,Canin,Canin,9780395498545,Blue River,
42449cee-310d-4ea2-92d7-caf63427bec3,Caplan,Caplan,,brauchst einen guru,
52112dbf-08ae-4743-bd15-54fad0b152c6,Capote,Capote,9783423250436,A tree of night: and other stories|tiffany,
5e1e15d4-965a-413c-a08f-f860bfc56efd,Cardinal,Cardinal,9783807700700,inlandreide|schattenmund,
71be7aab-00d1-4c29-a724-c244cc592fe4,Carell,Carell,9783548031941,Verbrannte Erde. Die Schlacht zwichen Wolga und Weichsel,
da7a05c6-1d61-456c-9515-4f562233f942,Carels,Carels,9783404143283,raphaels frauen,
bd1df85c-5b6c-4c48-9978-fb85512effa5,Carlton,Carlton,,fashion,
7c7f912a-a9c1-4e34-a4ae-078df956538b,Carmichael,Carmichael,,zoe,
d258cf66-5728-4edc-9cd1-79ca4a71a229,Carmin,Carmin,,geheimgesellschaften,
4d70836e-745a-430c-8a0e-26247df53b74,Carothers,Carothers,,kraft leben,
25b51825-361f-4784-bdc5-365c13f48ee4,Carpendale,Carpendale,,oben,
48f3e569-6398-4c5f-ad6f-f7135a5918cf,Carpiceci,Carpiceci,9788872040195,pompeji,
a01e9407-efd1-4ac3-83c6-ed117218f87a,Carr,Carr,9783641185411,einkreisung,halsey carr [tmp_authors_csv(nur Nachname gleich)]
b7fde6b1-00c3-498c-835d-d7ebee2fcd08,Carra,Carra,9783807510538,Elfenbein,
f5323ea3-0806-4dc2-992f-5c133c296ed0,Carreras,Carreras,,seele,
20a29ec4-e1c2-4ab6-bb7b-8693a64698b3,Carwandine,Carwandine,9781711126265,delphine,
4fbe6344-4a35-433c-b2dc-8f8565ae0c04,Caseary,Caseary,,speer,
14d94d08-66da-455f-a98e-c7dc6ac4cb53,Casper,Casper,,zehntausend,
73e8f7c2-113e-400a-8894-37f01463dd11,Castonier,Castonier,9783548208480,mill-farm,
efdfc730-aa4c-4985-b989-c245d4c9e006,Castro,Castro,,schelme,
0c8e215b-cee9-4aba-8463-477e4c4c1ab0,Casanova,Casanova,,wilde merci,
0b729c6a-0eea-4e16-a5eb-61c601030187,Celik,Celik,9788869631290,yakamoz,
0346622a-0695-432e-b8f9-5d8c4d216ee8,Celine,Celine,,schloss andern,
aa41c44b-81cb-41ae-b603-760760a7222a,Cerci,Cerci,,buchevangelisten,
a51b3e5f-ea61-4da5-a28e-927d7f4d7d1c,Cerrato,Cerrato,,valle,
ca4679ce-05d4-468d-b778-d8fc0c28ebf7,Cerutti,Cerutti,,china pulver,
6e0059b6-bdf6-472b-b0d7-36056671c40d,Ondaatje,Ondaatje,,englische,
3f9ade32-4a2d-472c-8070-5ef6301b51e0,Cevikkollu,Cevikkollu,,moslem-tuev,
aa65797b-4ade-4168-85ea-61ce443c8363,Ceylan,Ceylan,9783596706600,Ankommen,
457e251e-061c-4361-9c16-99a4111e35c7,Chabbert,Chabbert,,leonella,
57f73e8a-46b6-4845-a869-aea45ea4526b,Chafets,Chafets,9783442414284,feine erben,
e111f475-513e-43df-b2ab-1d0656b932f8,Chaiton,Chaiton,9783442447152,hurricane,
264044e2-b276-4ff0-86d2-b53cb1de851a,Chamberlin,Chamberlin,9789061822639,Rom,
0d479e25-53c3-4b73-880c-1707f8c5e7e0,Chan,Chan,9783453159068,Jackie Chan. Mein Leben voller Action. Die Autobiographie.,
e0cfd266-1136-4158-9622-c8848fe064a3,Chaplin,Chaplin,,lebens,
63383c4f-5d85-42e9-802d-d17925bcbf62,Charroux,Charroux,9783883450391,vergessene,
552101ed-48bc-4ce3-889e-1747ede90760,Charyn,Charyn,,tod tango koenigs,
57b99b32-85c8-4cec-8380-1817a765dfe7,Chase,Chase,9783404252855|9783404614981,aufschrei,
117fc64b-f11b-4267-8ebb-c844c2cb86aa,Chatum,Chatum,9783743181526,patagonien,
4ab364f1-1ff4-4787-bd43-d2cba8d513ca,Chaudhary,Chaudhary,9783868009330,sklavenkind,
4557853b-818c-4716-b1f3-499f2490001e,Chawla,Chawla,,teresa,
dc1a8b65-9ca1-4e01-b6ef-778aa06ef386,Chen,Chen,9783831710751,Kulturschock China.,
b93dcbff-63d4-4e87-b475-b204e9f040a4,Chidolue,Chidolue,,schoenste allen,
c16df814-2b2a-40e0-b8f3-0588aa34836a,Chief,Chief,9783446280977,mensch,
0dc1ac6d-6595-45b9-b69a-999a412ddd56,Chesterton,Chesterton,,pater,
14c7f38b-b10b-4171-8fdb-7509e2bc21a4,Chevalier,Chevalier,9783471772508,Das Mädchen mit dem Perlenohrring,
8668ba27-5efd-42c9-aa49-cbe807b14fa8,Chidolne,Chidolne,,bist irre,
3a33a1a6-d9aa-4d15-a875-509196e12631,Chinglie,Chinglie,,perlen|saenfte,
a3ac4285-6935-43fb-b7bc-18bc74cc33e8,Chirbes,Chirbes,,marsch,
aae4802d-3113-4a82-8e7d-799cc1d4096d,Chiu,Chiu,,schafe,
8ae4e17b-b6db-4792-ba7c-5b98fbeb04c5,Choi,Choi,9783746626031,reue,
ff7f8ded-0818-4ee6-bd1e-3dee3d6f66cf,Chollet,Chollet,,learning,
0cb2ade9-e374-44a3-8a34-50dfcd278df2,Chorwatowa,Chorwatowa,,petersburg,
4ac77b5d-1786-48c1-9748-80516311c2e6,Christ,Christ,9783351000479,Mein Indien,
bfcce21a-6756-4653-8026-3d65dbe5da55,Christen,Christen,9783426419472,beginenfeuer,
a1f958b5-9c04-465b-bef5-72628c98a37e,Christianson,Christianson,9783641185060,schlank stress,
1c9cf744-87a6-4c3f-a001-064701e40450,Christilian,Christilian,,manhattan,
d59dacca-c2f5-4c3b-b8f3-4aea21331462,Alaiyan,Alaiyan,,vertreibung paradies,
c2994c71-6cc8-4918-bfd5-48fd59bf44c8,Chung,Chung,,il,
db7b65a6-5418-4841-a251-ee1c235ba8d6,Chupack,Chupack,,Zwischen,
77c8811f-b50c-4ed2-8ac7-5482e6d9abed,Chwin,Chwin,,pelikan,
13a9c3cf-9a9a-42c5-9a25-d0800ba8eddb,Ciantar,Ciantar,,1000 peking,
685ecf03-2526-483a-83fe-69a9cbf7d28b,Cileli,Cileli,9783764503017,Eure Ehre - unser Leid|toechter ehre,
770d0d92-eef0-47e3-bd83-cc492dc62eba,Claire,Claire,,venus,
842c42f8-615c-48c3-b6ab-f3ddbeb2424e,Clare,Clare,,schuld,
bd7596ab-affc-40aa-8b74-252f1ed3b34a,Clarin,Clarin,,durchgeblaettert,
2ce18ce3-ae04-4ea5-a83f-f278e70c6975,Clarke,Clarke,9780552773089|9781407038674,Merde Actually|merde actually,
86844439-40da-41a1-87e9-6f852d82bb53,Clarkson,Clarkson,9780141017891,The World According to Clarkson,
e3c0552d-352f-4a42-8876-4325a6aa6e5d,Clason,Clason,9783442163830,Der reichste Mann von Babylon|reichste,
7fc33a54-7a2b-457a-8bf0-fd5d156af2f3,Classen,Classen,,tolteken,
b7283ca5-3e7a-4a0d-b8c8-5851715a1cf7,Clayton,Clayton,9783828906617,pharaonen|revolution,
6a659894-5397-46a2-b52c-0766f8efb227,Cleland,Cleland,9783738630695,fanny-hill,
466d6ee9-c4e3-403d-b820-2aeab7a2c38a,Clement,Clement,9783406396618|9783453152779,"Diana-Taschenbücher, Nr.57, Eine Liebe in Indien|indien",
b0ba575b-3239-4599-9f26-e4fa8e0ad5e8,Clifford,Clifford,9783453010819,pendler|verschollen,
bb2d138e-541c-4813-aaa0-0f740e46287a,Clinton,Clinton,9783430118576,Mein Leben,rodham clinton [tmp_authors_csv(nur Nachname gleich)]
259f1d1e-6e33-496e-b712-00a4712d686d,Clive,Clive,,himmelhunde,
7ac65287-aff0-4043-80c2-f85be50166c8,Close,Close,9780804114325,Ebola,
150c9051-1ad8-4066-a0fa-0992d0cb52c0,Clow,Clow,,chiron verbindung planeten,
9b811534-c924-4783-b422-2e4ee0f744cf,Barone,Barone,,hausmittel,
6b31b97c-8096-46d0-8b3c-6c818cfe12ac,Bartels,Bartels,9783641122935,dicke freunde,
377561c8-e84e-4e1c-b99e-0017f4aef31d,Barthel,Barthel,9783930656363,jesuiten,
b1824790-a881-4797-8306-f1a4160a2d1d,Cobbinan,Cobbinan,9783898590860,ghana,
a2628bfb-cc59-4b05-a8c8-a90adb5868de,Cochran,Cochran,,jahrhunderte,
f0ed36c4-c32f-4c3b-80f6-d949a6dbeeb3,Coe,Coe,,kolumbus,
f9890a5c-47d0-4d9d-81d0-94abcd7bb3fc,Coeppel,Coeppel,,carcassone,
be97cc43-2237-4c02-9377-a1aacbe8394c,Cole,Cole,9783641162948,gefangene,
09af479c-55b4-4aeb-86e8-2d87ba2ab08c,Colman,Colman,9783426613054,Das Leben - Live,
6ce3545e-1c45-4096-892a-24740af1bfea,Commer,Commer,,manager|manager-knigge,
e2e1dd3c-e416-4de6-a339-10eb80d7135d,Conde,Conde,,berg legende|segu lehm,
3848ae3e-a60d-4e0f-b4e4-fdd31b3fb027,Condie,Condie,9780606375764|9783596188352,Atlantia|Cassia & Ky -- Die Auswahl,
5b237abc-2869-4f73-b68c-4fd7b5ac1f26,Conley,Conley,,wind,
1466b8f3-5054-4b9e-a94f-137ef569ec27,Controneo,Controneo,9783764191702,dreizehn,
938988b9-8ee2-44cb-ac76-c525ef00d399,Connelly,Connelly,,witness,
1519f3d9-b4f3-481f-b2ae-b5356883b456,Conran,Conran,,eyes|frauen,
f95ff831-85a8-44bc-8102-9e37f92ad7ef,Cookson,Cookson,,sturms|verhaengnisvolles,
4424b6c4-9534-474f-9d2b-624855312d87,Cooney,Cooney,9783551354877,anaxandra|eiserne,
62417da3-cd7b-4bbe-894e-5404a2add6d3,Copperwaite,Copperwaite,9780762439935,The Mammoth Book Of Drug Barons Pablo Escobar Howard Marks The Cali Cartel Curtis Cocky Warren Michael Forwell John Haase Paul Bennett And Many More,
0691d002-a4ae-47ba-b951-85dcb50d010b,Corazza,Corazza,9783462020649,Kursbuch Gesundheit,
80de91e1-e723-4083-b2e3-fbe01eef122a,Cordonnier,Cordonnier,,verfuehrerin,
94d3fa57-b102-48d0-b387-58d7b8210063,Cormann,Cormann,,dente,
58ca9575-f318-4c02-b5de-713ccb6eadc4,Cormier,Cormier,,first,
b0dd803a-8611-4b8b-91f3-895f4d5c0b2e,Corona,Corona,9783868000542,Die Geigenspielerin,
8938fdfe-945c-4a4f-9a00-cda14d145376,Cory,Cory,,boxershorts,
a7ea35bb-7e2f-40ac-a9ff-69878551200b,Costello,Costello,,sequest toedlicher terror,
d4956101-818b-4302-865d-d00d700afefe,Costner,Costner,9783404137497,waterworld,
b837470a-19cb-40a9-9798-84c918b0d7e5,Coulonges,Coulonges,,dresden,
387f5dbd-6a2e-44da-9b8c-73acbcccb85d,Courtney,Courtney,9783453405233,grosse los,
6bf4a2a7-ca1d-4c50-8f96-822c7fbc5f99,Courts-Mahler,Courts-Mahler,9783759251794,sehnsucht,
78c677ad-d34b-432b-9784-ae5ad6592eff,Cravan,Cravan,,boxer poet,
877b8aa1-c5e5-4bc9-83ba-5cc9efd6968b,Crebillon,Crebillon,,sofa,
930967b5-4a56-4654-bc84-4bd657ca8818,Crescimbene,Crescimbene,,aegypten,
ead01527-43f5-49c5-aac8-b96f784606db,Crespelle,Crespelle,9783547719666,picasso,
54aaa492-13ed-416e-bbcc-b0d0c82d4ec9,Crimes,Crimes,9781476732985,stargazey,
d1e0be8e-38c6-4eae-9fc3-ce1538c510fd,Cristen,Cristen,9783426419472,beginenfeuer,
42fedbb1-0fdb-49c7-adeb-664e1dc518cb,Crockett,Crockett,9783442364176,Das Vermächtnis der Keltin,
618f54c8-f73a-4779-b6c8-848d8a29416d,Croenert,Croenert,,ewige licht notre,
43ff6a59-c6fb-4ec2-b914-45985f0215aa,Croggon,Croggon,,gabe|gabe true,
455af9d9-da24-4bd6-9284-718d05a762da,Pachl Eberhart,Pachl Eberhart,,vier,
0b2dc343-3afd-4850-8fff-12a1fab80bca,Colette,Colette,9781843914150|9783423103442,Die Fessel|claudine,
540e696f-4f94-47d7-a2b7-2daac17bd347,Bartos-Hoeppner,Bartos-Hoeppner,,taigajaeger,
81f97d55-b1cc-491f-a02c-23abe565f868,Cropp,Cropp,,alaska,
906a16d4-e487-490a-9bdf-1d42c9adadf5,Crowell,Crowell,9781873544587,Dubai,
1c199b68-5861-4166-95e9-a767824cda2f,Crowther,Crowther,,rides,
c83d759d-ee36-46ff-8c3c-1e82116b6c8d,Csampai,Csampai,9783455011821,kiesbett,
bfc10ddd-7bbc-46e2-aaf5-d88c681d6e1f,Cuneo,Cuneo,9781098825430,zaida,
9f5ab6fb-6653-4316-8b25-7b930e6f52a8,Curry-Lindahl,Curry-Lindahl,,knaurs,
e5c36751-3743-44fc-a8b0-3e0b6b8af2b5,Cutler,Cutler,,regeln gluecks|rhythmus liebe,
214ced2f-8d81-44e8-94eb-28be94b1d24e,Czerny,Czerny,,kindern schule|polstuermer,
1abb58b8-4682-4d62-b5c4-d1e234958f42,Czuday,Czuday,,arktis,
0a518e7b-d733-4b88-959a-dd8c914e5eb8,Daerr,Daerr,9783839433386,seychellen|tanger,
1ed99108-9a05-4a14-8283-25d8fecdd9d6,Dailey,Dailey,,suedwesten,
a89ab006-7d1c-443a-a148-ca0ab1fd1eee,Dalos,Dalos,,letzte,
67e7f260-cbd9-4d4b-94cc-fa6199784cb7,Danella,Danella,9783455013573,Jacobs Frauen,
50e2a9f6-f9c6-4dfd-86f5-0551d893480f,Daners,Daners,9783770195572,DuMont direkt Reiseführer Istanbul,
cb1a464a-568b-4682-af80-26f24cd20190,Dangor,Dangor,9780006393719,Bitter fruit,
d2b449ff-a10d-4153-9c28-84d53daa14eb,Danielson,Danielson,,loewen,
f0f39a1e-4205-405f-896f-650b28654a6d,Danneker,Danneker,,faszinosum,
bf1e7e20-3dcb-4758-b05d-a2361f55e260,Dara,Dara,,bibliothek verlorenen|girifalco,
bb92a2e8-5cd3-497d-8906-10293ac7513b,Darnton,Darnton,,tal lebens,
a11aa705-fe12-4fd5-a20f-c4ca1aaa3ced,Darvriechewy,Darvriechewy,9783596507931,schokoladeneis,
43f34038-c1da-46cb-b972-e76c5ff39d2d,Dashner,Dashner,,auserwaehlten|brandwueste,
4c3abff2-8925-4aa2-a9fe-f134ca0a5cec,Daub,Daub,,backstage sieht anders,
0f23bea8-e14a-416e-a274-2e8502cf5118,Daute,Daute,9783405153380,bonsai,
e242fe81-b2de-458b-a0e8-66e406af90ab,Dauthendey,Dauthendey,9783548207643,Die acht Gesichter am Biwasee,
b51cdb11-589c-44c0-9c1d-db0d2a6e593a,David-Neel,David-Neel,9783426039342,Mein Weg durch Himmel und Höllen,
fb0aebf2-9839-4e69-98da-d1fa68419737,Davidson,Davidson,9780312531195,"You and I, me and you|rose  tibet",
5efa9ade-32d6-41ad-8d6f-536803239060,Davies,Davies,9789022401606,azteken|leidenschaft,
02a27204-f294-4745-ac1a-99580e104e2b,Davis,Davis,,Tod am Nil,
4449b669-4c59-4c37-ae3c-23212fca84e7,Degre,Degre,9783548364445,"Tippi aus Afrika. Das Mädchen, das mit den Tieren spricht",
18efdcc8-95c3-4449-8b68-5efd058c82c8,Dehio,Dehio,,kunstdenkmaeler,
e20a96ae-7cdb-44a6-8240-89d3c16939b7,Delbee,Delbee,9783442089833,Der Kuss Kunst Und Lebeb Der Camille Cla,
fe4176a7-3bcc-43f6-953f-cbfd840622ea,Delderfield,Delderfield,,englaender,
e1dbd5c2-1731-4328-9185-739fc88e4c37,Deml,Deml,,gruenes geld 2020,
81e220c4-1249-409b-918d-c7ed280d3289,Pahlen,Pahlen,,argentina,
a3d25858-1063-49ec-94bb-9581e454a49c,Palmerlee,Palmerlee,,gesammelte,
72ab0b79-3f58-4e0d-a4cd-f2ac5a4034f3,Dentristy,Dentristy,9783453811386,molwanien,
7fe6ad09-37f9-4912-95e4-bcc497f44025,Denuziere,Denuziere,,mississippi,
de7d1677-faf7-4945-8726-d6022b86003c,Denzel,Denzel,,tao hoehlenmaler,
12d05f9e-d57d-48e7-9a61-f9c8af339ddf,Deonna,Deonna,,frauen kriegen,
2ed3f468-3e77-4093-85b5-e16b63a2db22,Dershowitz,Dershowitz,,sunny,
44172fd3-648f-4063-854b-20f1f07994eb,Derstapivan,Derstapivan,,blond,
703da74e-cd66-448c-8ada-bbc58acc6af4,Dey,Dey,,schweden,
966a8362-1ed8-4b94-a587-f736a7b60bbe,Diacont,Diacont,9783405155056,Was die Cowboys noch wußten,
c9bb4f99-b6a5-421a-b6b0-1a84ccccc4e1,Demski,Demski,9783453074996,Afra,
508ebde8-fcd6-456a-9a38-4c4ddc510cab,Dick,Dick,,kalifornien las canyon,
d233bd25-a9eb-4481-b23f-2d2cc92a3cce,Didion,Didion,,was meine,
66f827b4-f224-402e-9bd0-6e23df33a7e4,Dieckie,Dieckie,,nostra,
4d1a68b9-bcd1-4d0a-aaff-e80c3ea1180f,Dickie,Dickie,9783104029535,cosa nostra|geschichte,
4c2c2549-3dba-4c49-914f-4afae09de47a,Dickinson,Dickinson,,drama everest,
5487f87c-c7cf-4798-8b17-b058ea460fd7,Diederichs,Diederichs,,altaegyptische,
7066d4f5-ea64-40ba-83e6-5990da0bf68f,Diehl,Diehl,,uhr nicht tickt,
7082455f-ef06-4d88-b584-f9000bc3616f,Diekmann,Diekmann,,laengste,
aec8258b-154d-42d7-9173-ce5e5068c312,Diesch,Diesch,,persien|verheiratet persien,
2e68ab6b-a031-413a-84b7-228fd2c70f53,Dietl,Dietl,9783257229547,Rossini,
19c7c5cf-b8df-48be-a851-228279dc156a,Dietsch,Dietsch,9783879362257,china,
5c42b5a6-ef2b-4288-abd0-e7e87bf018c4,Diettrich,Diettrich,9783880593688,irland,
bd26402f-7e1c-4823-8292-7835c6a57927,Diffenbaugh,Diffenbaugh,,verborgene sprache blumen,
a637010e-e8e0-4d30-8908-8a145153ed4d,Digest,Digest,,schweitzer,readers digest [tmp_authors_csv(nur Nachname gleich)]
5095dba9-956f-4ba2-adce-03a96018ba85,Dijan,Dijan,,erogene,
7c5ec020-c985-4ef0-ab3f-00707d73169c,Dikoetter,Dikoetter,9783644004955,verlorenen,
a2e7b1b8-6075-43a9-b0f6-b988bdee1565,Dimde,Dimde,9783453148611,paranormal,
e267b292-98d3-4987-aab3-f0260eec9e93,Dimitriou,Dimitriou,,tuerkische westkueste,
36f14d83-0652-4c09-8980-327a78d1b353,Dines,Dines,,sopranistin koenigin,
c0e7dca7-55e5-484f-ad6f-47392e7dc5b2,Dinneen,Dinneen,,leoparden,
f3f89054-2135-48db-8737-dd459946ebd5,Dion,Dion,9783404129102,kleidermacherin,
27237aa0-8469-4cd9-ab04-af49264ce8c0,Disney,Disney,,grosse tierbuch|tierbuch,
b39a89ad-503e-497a-b993-fc1ba2370b58,Disselhoff,Disselhoff,,inka,
e6915b34-f72d-49f4-b79c-bd6fa4a07a07,Dobbie,Dobbie,,akazie,
0a7eaa36-60d6-40c6-a6ce-9cba7fda5794,Dobbs,Dobbs,,ueberleben,
196e2b63-3b15-4669-9cf7-487e9c99e16f,Doeblin,Doeblin,,alexanderplatz,
77faf351-1051-426a-aa16-e482b1a4ca80,Dietz,Dietz,,eben gewalt|hitman feind,
4d2d2481-8769-496d-a814-6e0607d2018f,Doerner,Doerner,,irren,
3d417dfb-7f70-4915-b67d-702027a1148b,Doerrie,Doerrie,,blaue|machen,
1515b7a0-7976-4627-a27d-e32b5bcb48d9,Doescher,Doescher,,amt,
f4ea5c98-0247-4ffd-ab7c-e35beac1c5c0,Domenica,Domenica,,kopfkissenbuch|seele,
ecd0453d-615e-4229-9a5a-685b87bf08ac,Domnick,Domnick,,traumstrasse welt,
be09147c-c1ac-4263-8716-97e069db43fd,Donaldson,Donaldson,,koenige,
455898b1-fd8b-4c31-a31b-6d556e8c4d70,Donnell,Donnell,9789985812648,pocahontas,
9b3909f8-f089-4205-b7de-9cd4cbc0e1de,Donnelly,Donnelly,9783492951685|9783492956024,teerose|winterrose,
0d275c6d-48ff-4dcd-9915-282643a0b383,Donovan,Donovan,9781847675521,bitterkalter|buddha,
f8ea44d7-0067-4664-84a0-f58f0d5a45de,Doody,Doody,,aristotle justice,
cbb5da06-0819-4d86-aeb5-a4ecb0cd41ad,Payne,Payne,,internets,
83d0a169-e20c-4a77-a351-980aeb374435,Bascom,Bascom,9780226038797,Continuity and change in African cultures,
9305380b-b1cb-4866-a65a-4d74d16058fa,Bashawe,Bashawe,,sparkles,
a5cc7ce0-2667-4e2f-8554-bfb2067e03e6,Doppler,Doppler,9783593368191,Change Management. Den Unternehmenswandel gestalten.,
7284cb5d-97f5-4695-93cb-efdcab8635c4,Dorcsi,Dorcsi,,homoepathie,
898336fd-8b2a-4a35-aee7-5e00cf1febfa,Dorminger,Dorminger,,alexander,
393ceb12-d304-41b2-9ac8-2d3017f33bca,Dossenbach,Dossenbach,9783170409477,peru,
0a96a714-6a17-4773-b1a2-85bed684f8c2,Doucet,Doucet,9783453013070,Geschichte der Geheimwissenschaften,
40a9ccb4-52b1-4d63-aa50-acc0d91f12ea,Douglas,Douglas,,geheimakte gestapo 2|gewand,
ccc79928-8ea2-4cf2-af8f-1a1f38f584ee,Douglas-Hamilton,Douglas-Hamilton,,elefanten,
20ffe850-2e62-4c63-b2ac-fd445e381315,Doutine,Doutine,9783570027714,Die Meute,
0349cf31-4a35-4ded-8704-408341c4d6ca,Dragicevich,Dragicevich,9781741798203,sydney,
2f045a3b-9a02-4e09-b59f-8f5646842483,Dragl,Dragl,,wilde,
1a9d7597-b964-4b76-b972-e101c50ae959,Draulans,Draulans,9783406472152,"Im Dschungel. Afrika, Affen und andere Leidenschaften",
6b8552f9-5709-426c-b460-6febb78ed2f7,Drawer,Drawer,,todesart natuerlich,
5ad6122c-7179-487d-afc0-723f1625a8af,Drayer,Drayer,,ukambala,
cc3ed0e8-c920-42b0-824a-ba7f7df90a14,Drew,Drew,,bosporus,
8c43f4cc-f5e4-4498-80a9-1f3ff389ff79,Drews,Drews,9783453214941,Meine Rechte als Mieter. Was Mieter und Vermieter wissen sollten,
bc0e66c2-ef5e-4a49-a03e-36bb1107724b,Droescher,Droescher,9783710607585,elefanten,
9df48c59-3bcf-4e4c-b406-fbc05712d687,Drucker,Drucker,,unternehmers,
6624289e-ba56-41d7-9e33-a473c6957dfc,Druckerman,Druckerman,9783776625837,fremdgehen,
fe3e4581-9c64-4299-8759-a0ebb3b57548,Dubois,Dubois,,trueffelgold,
d8835363-3561-45c7-89cb-cbb2ae491f8a,Ducan,Ducan,9783769351224,strom,
c2f5f5de-53c7-45c7-acd3-9a8aff04f3d4,Duchow,Duchow,,bis,
ebd0fa2a-04b9-4e36-a967-0b8951338894,Duenas,Duenas,,traeume,
d9584c61-0908-4dac-a7c2-a1530ab40335,Dueringer,Dueringer,9783990010785,wohl schlaraffenland,
f3968e96-5bd3-4c02-94fc-335513ec78e5,Duesseldorfer,Duesseldorfer,9783842704398,omas haushaltstipps,
ada88dc0-9725-4b22-b307-58f4e7f1fd28,Duke,Duke,9783641262754,nahrungsmittel,
065c6712-a180-43a0-af6e-6ee567e4c7ff,Dumler,Dumler,9783771803643,Rundwanderungen Oberbayern,
1d63b65a-3ad8-4a21-8f07-093fd33758d7,Dunn,Dunn,,java,
7803595b-6e72-4492-b27f-3e68403ad544,Dunne,Dunne,9783404114429|9783986900694,keltennadel|society,
5dc16dc1-f551-43c7-97c0-ed6d8f83f7e9,Dunnett,Dunnett,,timbuktu,
e18eb07e-eba8-43ce-ab78-78890c23b53e,Dupuy,Dupuy,9782830704259,Beauté de la Bourgogne,
c88fe1a2-96ec-4fb6-914e-3c58a2531a4f,Durrani,Durrani,9783641045395,gebieter,
d9cb121f-76ee-413c-ada7-ca6d2f9030e9,Durrant,Durrant,9783492306409,unschuldig,
5b2775d9-3542-41ba-bfa7-d10a16ed24ba,Durrell,Durrell,9788435048262,Balthazar,
1e45081c-2703-44dd-a97d-855fa598715d,Durschmied,Durschmied,,roemer regen standen,
8d80fcb6-7fc3-4603-8a91-de469f33151b,Dusik,Dusik,9783770176809,Australien,
ae78478a-b6f0-46ee-820d-726eca7c2baa,Easwaran,Easwaran,,gandhi,
fd369ce9-110a-4b8a-bf6d-5a65f0ac1dfe,Ebmeyer,Ebmeyer,9783462036275,Achter Achter,
19594629-edef-4a1c-949c-6e664d10ddd6,Echenique,Echenique,,welt julius,
a3fd5147-7133-4bfa-8e09-f3ccfe2726c5,Echenoz,Echenoz,9783446257948,pjoengjang,
ed7e7e8d-5d89-4fc9-9031-5ad2d1597563,Ecke,Ecke,,buddha|clifton kapuzen,
d5b8f0dc-2d17-46bd-b6d4-ff2fdac278bb,Bass,Bass,,qin,
f4bade7c-f206-4d02-82b7-4b3a4e4a17c2,Bassani,Bassani,,finzi,
e6f9874e-94ba-4964-9d93-f0a52050f4a9,Battuta,Battuta,9783453187153,Reisen ans Ende der Welt 1325 - 1353. Das größte Abenteuer des Mittelalters,
edaa7553-b343-413b-9cd6-4f540cb7c5cb,Eckert,Eckert,9783499271854,Wolfsspinne,
93c38003-d586-411e-94aa-7d59e6a23cb9,Eckstein,Eckstein,9789578247888,java swing,
2b2b9b55-7f8c-4b3c-92b4-2f2a673f1c4f,Eddings,Eddings,,leuchtende,
a7a96446-acca-49fb-b68f-cee78cf2caf0,Eddy,Eddy,,kokainkrieg,
c6df2c95-deb3-41d7-8781-26a7ec4bf2c5,Eder,Eder,,heilerin worms,
fc707a86-1027-4dad-b22e-33177d24c964,Ederer,Ederer,9783430123129,Das leise Lächeln des Siegers,
f7f11775-db76-45e4-9aca-a2cf19912baf,Edschmid,Edschmid,,suedreich,
e7ac3166-f4e3-4ca7-b148-86091557b9a2,Edwards,Edwards,,fotografen,
f460e608-7937-4a21-879d-793eda1ebc07,Blacklaws,Blacklaws,9783935890502,malindi,
ca203714-af8b-43da-98b8-fc40dde9a4ab,Egbeme,Egbeme,9783548364797,Hinter dem Schleier der Tränen,
08cceaf3-bdbe-4188-a54e-d5a2893a5fa6,Eggenkaemper,Eggenkaemper,,allianz,
fc44967e-ec90-4868-a175-dc2462da34bd,Ehrenreich,Ehrenreich,9783406752865,hexen,
091c6d2f-d6f7-418e-bf6e-9c00e7707e4e,Ehrensvaerd,Ehrensvaerd,9783406477195,steinzeit,
b5b868f6-360f-4b26-82e5-a1b1371fdb80,Ehrich,Ehrich,9783548060507,Leaving the Frame,
6251b77e-4486-4cf2-acb4-7edd415df2e2,Eick,Eick,9783867644006,Digitales Erzählen,
c9b8ccf9-9905-44da-8e53-5e4996b45654,Eidson,Eidson,,treck kinder,
343ef0eb-002e-4f1b-806d-d38a9e8b4d81,Eilert,Eilert,,otto waalkes|zweite otto,
5bb365d0-ce11-4986-8d9a-94486a9f6fae,Einhart,Einhart,,champagnerkoenigin,
af79220b-6fa4-49b8-ac31-10ddf9650a3e,Einstein,Einstein,,evolution,
257619fa-76f9-40ad-93e6-b51b1c49489b,Einwanger,Einwanger,9783570024379,goldwascher,
9aab2a3a-b1fa-4c31-b37c-894d9fd5799b,Eisenhardt,Eisenhardt,9783872690630,steiermark,
493ce4cb-f878-40c1-a8f1-f67f08004bb0,Eisler,Eisler,,tokio,
1f0d9dd2-afc3-44eb-b393-4d25a42d610e,Ekert-Rotholz,Ekert-Rotholz,,pilger reisenden,
a46f128d-a703-4650-812e-4dd455fa4a42,Ekmann,Ekmann,,geschehnisse,
2e884c9e-c61b-4c92-a1e2-192c1627f13d,El-Nawawi,El-Nawawi,,nofret schoene,
dd941292-fc3e-42b7-9227-343e6556b3d9,Elbaradei,Elbaradei,,apokalypse,
d5fad14f-11aa-408f-832f-7dbf4752d6e0,Elegant,Elegant,9780743237802|9789024505241,dynastie|mandarin,
4966d920-9bff-4bf2-83e4-0e3c7b7c605a,Elffers,Elffers,9783770108992,Tangram,
a9800e9e-befb-438a-b3eb-2e767045f380,Elfgren,Elfgren,,zirkel,
463b20b5-1dc3-4639-85fb-ea67792aaee4,Elger,Elger,9783648037874,Neuroleadership,
269698da-1a89-4ce3-a9a2-c13ed9a6c177,Elsberg,Elsberg,9783764504458,BLACKOUT - Morgen ist es zu spät,
cbe6057b-f6b2-43e3-a974-57152a3e773a,Elten,Elten,,easy santa barbara,
1cbcde08-2274-4a78-9c30-3d2183f97ab5,Emilsson,Emilsson,9783662580851,arm,
6c8febe7-11b3-4e8e-9d76-9f07f9480222,Emmelmann,Emmelmann,,frustig,
10df089d-884e-43eb-a100-c35e5c2f1584,Ems,Ems,9783960170112,andere verbindung,
34e93dfc-fc80-4fa6-ab45-9ad675d92db5,Ende,Ende,,knopf|lokomotivfuehrer,
0c9c647f-4baf-4ae4-a9b9-ec08e170f750,Endres,Endres,9783407380388,Das Anti-Pauk-Buch,
38f987be-84ec-406e-bca5-41ea35287d70,Engelhard,Engelhard,9783404119486,unmoralisches,
471e343b-c614-484a-9dd7-6a424dc8318a,Engels,Engels,9783505073434,Haie!|falschen zeit ort,
1f02416c-282f-4d3d-85f5-b1362c8b6492,Englert,Englert,,osterinsel,
b43f664c-3d0e-41f7-b3d3-469f0bb03633,Ennen,Ennen,9783406321344,Frauen im Mittelalter,
d6c3d6c5-7839-4542-bf0d-6a74fac7ad03,Enson,Enson,,lulu,
02ec31b6-f914-44ca-be64-921a73ba7483,Erben,Erben,,kunst,
a1da36d8-3e05-41fe-86a6-3939a240391c,Erdman,Erdman,,letzten amerika|schnitt,
1ee1229a-84ab-4b81-929a-979f0b575574,Erdmann,Erdmann,9783768807876,magische route,
24c012d8-dfe5-4f54-8c97-10d69969176b,Nagel,Nagel,9783453906761,Was kostet die Welt,
cf6a8131-830d-40a0-8f80-d5f9f4209580,Drach,von Drach,,parasit,
d7d6910d-4216-49b2-90b4-009a7aa97ac2,Erdrich,Erdrich,,haus windes,
69b2e746-b783-4c06-9499-7f59ce44308f,Eris,Eris,9783742309594,montanablack,
882ae2c7-6a00-4cf4-8bff-1eac63629eff,Erlenhuetter,Erlenhuetter,,C anfang,
5b7b2b05-557e-407a-91cb-35ee6526ccb9,Ernestam,Ernestam,9783442743988,verborgene haus,
f88f73f9-7a64-4ae4-b1b9-09697f036c2f,Ernesti,Ernesti,9783836211109,python,
759fe45f-d72c-407e-85df-0f2a8a9223e1,Ertl,Ertl,,oetzi edelweiss,
0667984c-3c04-4556-985f-e3acb6f75afb,Escher,Escher,,strategen,
d1f042b2-46d5-474c-ad67-1ca5ff79a3ac,Escobar,Escobar,9783641223489,kosmetikerin,
fd8ff9ef-dfe2-40d3-9dae-44ceadfe38de,Estenfeld,Estenfeld,,menschenfressern,
f43b9b02-c05e-447e-aef7-e16bb563ac8c,Eszterhas,Eszterhas,9780375413551,Hollywood animal,
39654709-d044-48f2-ae7d-cfe6068ee30e,Evers,Evers,9783871347436,Der König von Berlin,
43a204eb-cedb-4825-9824-556e9d6f9e60,Evison,Evison,9783462043334,Alles über Lulu,
b7cd88ea-e492-4524-893b-1a169008c9e2,Espinosa,Espinosa,9783442221769,Club der roten Bänder,
d893e697-e6de-445d-aeae-d0b47a6d45d2,Bauer Wu,Bau.-Wu,,herbstwind blatt,
c85031d5-f6f2-48e5-b966-0470298e62f6,Essex,Essex,9780446559614|9783548268040,kleopatra|pharaonin,
b8575a4b-f26b-4c86-aec0-d7ef21af6d3c,Facaros,Facaros,9781860110054,Western Turkey,
ef2b4bac-e144-42fc-ab26-6f883abdce5a,Faehnders,Faehnders,,sozialisitscher,
1d356612-1885-45a6-b6d7-a4d4c047e626,Faes,Faes,9783518406335,Augenblicke im Paradies,
91f0be7a-8ac9-49f4-bb03-b0792b957532,Fahey,Fahey,,atemberaubenden,
08dd8ae4-bab1-4a91-b39f-6c7b29e8b996,Fairbairn,Fairbairn,,glatte,
1cbec18d-e5c5-4fa5-9452-9b906da9841b,Faletti,Faletti,,toete,
f576dfcf-99e9-4e82-a5b1-10a09db9da90,Fall,Fall,,clan,
f66dec9d-9354-4592-8615-94f5122ad5b5,Fallaci,Fallaci,9783423118064|9783596237067,Brief an ein nie geborenes Kind|inschallah,
d932d9dc-716f-4d01-8f12-2869dca670b6,Faller,Faller,,versuchte,
c3239bcd-8229-4932-832f-776f733ea28c,Faludi,Faludi,,maenner schlagen zurueck,
39e50328-84a3-420f-9361-fcb9e30ef604,Farah,Farah,9783518421031,netze,
6fbebbf5-60b4-4259-8480-c30c1a959959,Faschinger,Faschinger,,scheherzerade|stadt,
45710cc1-7d26-4031-ba0b-dbf13e56eeb5,Faulks,Faulks,,december,
31bc79b1-4ddd-4268-82a2-1f8be3376a4e,Feddersen,Feddersen,,wald,
acda956f-2920-4abb-b85b-f86b2be8cb49,Feher,Feher,9783570161159,Dann mach ich eben Schluss,
56be12d5-8210-49f6-90f2-87c2dce15533,Feichtner,Feichtner,,sowjetunion,
b469dd1a-1bfc-438d-8017-e128210460b4,Timm,Timm,9783462028812,Die Entdeckung der Currywurst. Jubiläumsausgabe|morenga|schatz pagensand,
c99687f1-ece8-4ba3-8713-3df30d7eec23,Feild,Feild,,weg derwisch,
4b9a8e92-8fdc-4c5e-926f-11f40c27074c,Feliciano,Feliciano,,prostatic,
bb93d5e7-7aec-4339-b171-71f23366db58,Feller,Feller,,jung,
0f486d9d-048a-47fa-83ce-9005936b3076,Felmy,Felmy,,schnees,
7191a2bb-dbdc-4523-bde5-fd6586199691,Felscherinow,Felscherinow,,zweites,
e9d0e951-5daa-4d7d-b612-2db107a64f1c,Fensterheim,Fensterheim,,tun schiefgeht,
148f4855-af01-428d-8792-9894b4be9bbe,Fenzl,Fenzl,,urschrift goettlichen,
16dbd708-7d83-44ac-91d7-49d3c3288c2d,Fernandez,Fernandez,,rache medici,
e8c3388e-a8cc-43ed-b810-584d3a9ca3f2,Ferolli,Ferolli,,kuerbisfloete|schiff apulien,
13bc754f-1d6d-4e83-8a9e-0bf870e0d143,Baughman,Baughman,,secret,
d6b809d8-a225-4af2-ab4e-f686f97e33dc,Baumeister,Baumeister,9783442173938,Die Macht der Disziplin,
97faa96b-3899-478c-943d-577b12b2558d,Bausenhardt,Bausenhardt,,sardinien,
eccb3250-5b95-4fd2-a8dd-17d26b07d67f,Ferrante,Ferrante,,luegenhafte leben erwachsenen,
35b3dc84-9e6f-48ae-a049-0d9859d5f0f8,Ferrari,Ferrari,,vatikan,
62437b2f-db8d-4980-9180-e9585f8ccc26,Ferriss,Ferriss,9781407061962,The 4-Hour Workweek,
f53f99e3-31eb-4b48-9322-30117946479a,Fetscher,Fetscher,,ueberlebensbedingungen menschheit,
907b97be-e3ae-4a85-8d1a-6863e0e2500f,Fetzer,Fetzer,,ostens|roemer,
951642cd-ab07-4141-8819-6e340ab197e3,Fichtner,Fichtner,9783421045768|9783421055866,Tellergericht|billionenpoker,
19b1ca1e-dfd3-4c26-bf06-483a0bdc121b,Fiebag,Fiebag,9783828908048,mystica,
a874dbad-1b7e-453e-a4d7-7f891ff0fb04,Filliozat,Filliozat,,elternliebe,
0c0f557b-8280-44cc-b7d4-7755fc6abe7c,Finch,Finch,,rattemfaenger,
ae600050-de4a-48f5-922d-caacd2a9ca7e,Feyl,Feyl,9783453152625,Die Profanen Stunden Des Glucks,
0b3be66b-0eaf-4d20-ac87-ee8a7fe89008,Finck,Finck,,alter narr nun,
7d4a11a4-4739-46a2-acff-8d598281f8b8,Finder,Finder,9783453092532,Moskau Connection|verraeter,
7f91b3d1-8cf8-43f2-ad34-b403044b511b,Fink,Fink,9783492235068|9783989525610,"Die 85 Methoden, eine Krawatte zu binden.|kainszeichen",
0b6a955a-55fe-4772-aa67-ca1f26080fa4,Finkler,Finkler,,unbaendig,
b7723651-0384-42e7-bd16-9ed92150dbbf,Finlay,Finlay,,northern territory,
204dcc05-56b7-4f47-9021-749da65c2186,Finney,Finney,,Das Auge des Feuerdrachen|Die Kathedrale der Zeit|Die Spur des Einhorns,
7c1928a0-4674-4df6-b27c-a1a9109472a6,Fiolka,Fiolka,9783828970991,bint-anat,
6b67df61-8899-40db-98b4-da4ad6ee86dc,Fiorato,Fiorato,9783641198800,glasblaeserin murano|kriegerin,
33806c63-06e5-404a-848d-d9bef71de0d5,Firnkes,Firnkes,,blog,
8aa37038-ea27-40a8-a903-74f80f5b5fab,Fischer,Fischer,9783453013544,Alternatives Leben|siebenten,
417f78c6-9cfb-4c48-bb34-196b389cec8e,Fitzgerald,Fitzgerald,,dogs rome,
8a14fb79-d5de-4d9d-9f53-eca427279012,Flagg,Flagg,,gruene tomaten,
c43818f7-1ce0-49b1-a55e-7cbb34554076,Venske,Venske,9783492231060,Briefe aus dem Regierungslager,
214c0ff0-808e-4e9f-8a31-e69f54ed1759,Waffender,Waffender,,verzauberte,
f40e6c32-ffa6-477b-a741-0b0130196f0c,Winterberg,Winterberg,,klang,
d2b82ba6-e499-4494-9180-12a688903a66,Moed Kass,Moed Kass,,echtzeit,
18d1cfea-9ac3-43b9-af65-775021c0d348,Yogeshwar,Yogeshwar,9783462041088,Sonst noch Fragen?,
8b1abe23-0e03-4375-a26b-9b758a62e3b2,Yoon-Nam,Yoon-Nam,,berg,
06e2a10d-9e55-484e-84d4-4e778a891f60,Yoshida,Yoshida,9781846552373,Parade,
2d9e7086-3074-46ad-bb5d-699f0712a663,Yoshikawa,Yoshikawa,9781568366487,Musashi|murashi,
bd0ffbb7-4f8a-4504-ad03-5b41492e661e,Yourcenar,Yourcenar,,liebeslaeufe,
1e9b5276-064c-4bb2-8842-54eed4ae65a0,Yu,Yu,,jou than,
e4410b68-7f7f-4ed7-8bd0-a9072427edb0,Yuan,Yuan,,lock tiger bergen,
0963f7be-7ecf-427b-83a3-4126789da831,Yuecel,Yuecel,,agentterrorist,
8695ca28-5338-45e7-b3f0-993efcd50156,Yurk,Yurk,,macht,
b3e35704-25c2-429f-a0a8-9aac51d069f1,Yutang,Yutang,,laechelnden|wu,
66599383-f950-43ec-9693-e5cdceb51dd0,Zhang,Zhang,,hundert blumen,
1fb70d0d-8972-47b5-ac3f-50116c20b42d,Zich,Zich,,aufgehende sonne,
e9077a59-e26e-4770-900c-200019c6ea13,Ziemann,Ziemann,,explosion,
39cb8452-3fff-45f4-8be2-874a373a7670,Zillo,Zillo,,zilgrei,
0dc4543d-0f42-4d06-b940-833d769c0dae,Zimmer,Zimmer,9783446120822,"Der Streit um die Intelligenz: IQ, ererbt oder erworben?",
b4d50ed6-8167-40e8-8064-987e72080694,Zindell,Zindell,,neverness,
677da302-3f23-4574-86b7-f376916e2639,Zippelius,Zippelius,9783406494949,Geschichte der Staatsideen,
0be5adfb-b327-4e30-9647-5d29fb0df28e,Zoepfl,Zoepfl,,seele,
c3ca6d04-999c-4cd9-b59a-4f2a06b8d4d3,Zm.,Zm.,,polo,
35715585-e002-4329-9d96-39eccdaa8484,Flanagan,Flanagan,9783570222225,belagerung,
c9ea4173-656a-4cdc-9069-5934d953b671,Flechtner,Flechtner,9783897946118,kirgistan,
a138fbdd-50b0-466d-a9b2-af75f164635d,Flegel,Flegel,,red chilli curry,
20452a24-16d0-47c8-960e-1b893f92080f,Fleiner,Fleiner,,was menschenrechte,
f0566018-e656-4c78-8391-5c3008700a79,Fliege,Fliege,,gesundheit,
520b72c4-a150-4bbb-b220-1b501642a833,Flint,Flint,,ordnung,
688a1629-8982-4aab-9e2f-b63b9e954f58,Florence,Florence,9788434500259,vietnam,
7619f475-6955-4d49-a6af-5330bb41a65f,Flynn,Flynn,9783453434714,Der Gegenschlag|gone,
56fc6c57-44fd-4786-8a7a-16f37f5eed94,Fock,Fock,9783548235325,Seefahrt ist not!,
52a0fddd-f481-4274-af78-66add2fe4bff,Foerg,Foerg,,zornige soehne,
ce277756-2137-49e3-bb90-e3bd98b728ec,Folkman,Folkman,9781280447693,The Power of Feedback,
89525750-2906-48e7-a3aa-51dae43b086a,Fortier,Fortier,9783104006567,julia,
137df7a8-5aaf-4157-a080-f5203b14f08d,Fortis,Fortis,9783426783887,Lockruf Saudia,
8d897282-6898-4e1d-b2ba-96debc634bef,Fosnes,Fosnes,,choral,
0040f2c1-51a4-4ec3-9d69-a831ad2378ce,Bean,Bean,9783170080294,kleinasien,
6dc251fe-c175-4642-902f-bad12719c2fa,Beattie,Beattie,9783453196988,Mehr Kraft zum Loslassen. Neue Meditationen zur inneren Heilung.,
8adfd3ef-aded-40d1-bc42-c5d548e3eebb,Fossum,Fossum,9783492043625,Stumme Schreie,
f610dcbf-e68e-4083-8543-8efc506c0b23,Foster,Foster,,rueckkehr,
f527c6a2-7609-4f07-b6fc-72510f465062,Beckenbauer,Beckenbauer,9783570019436,Einer wie ich,
bdf4d299-fec7-4b7b-9913-5ed12ea765f6,Fowler,Fowler,9783404282005,runen,
0cf4adfc-e653-4d39-83a8-d824a6f00199,Fowles,Fowles,,michael,
abf8b2d1-c6dd-4b01-b06e-4fb8207012b8,Benard,Benard,,baskenmuetze|kohle|krieges,
df4119ea-918a-4904-a6d5-ea512353e3f0,Franklin,Franklin,9783426197394|9783426416594,Die Totenleserin|teufelshaube,
2928ee62-015c-4ceb-b4ea-0c967d02fd04,Franzel,Franzel,,Das Reich der braunen Jakobiner,
1011a9d6-93cf-41d0-ac9f-14adeb595d03,Franzen,Franzen,9783498021375,Unschuld,
24b3f336-819c-4d61-a166-78775070d87c,Frain,Frain,9783813182057,nabob,
bec12907-c3ae-4869-aae8-e9f1e090d6fc,Francis,Francis,9783404137893,unschuldsengel,
ff12c3a4-8fbf-4dcf-8105-df66fcbfdce1,Franke,Franke,9783540182696,herzchirurgie,
7d6b9293-bfd3-44b8-a186-8a246ccb3671,Franken,Franken,,einfach oeko|unentbehrliche grossmuetter,
65132b7e-37cf-4f60-b24d-2672f03fe219,Frankl,Frankl,9783492102896,Der Mensch vor der Frage nach dem Sinn : eine Auswahl aus dem Gesamtwerk,
9bd25261-a85c-4b68-ad8b-b5c9c7434eff,Frater,Frater,,chasing monsoon,
02070a32-18e5-45ff-9a73-335ffa85eeab,Fredriksson,Fredriksson,9783104013794|9783596140459,Geliebte Tochter|Hannas Töchter|Marcus und Eneides,
4cb30e14-d0e5-4188-bc8e-428867388b54,Freedman,Freedman,,sa,
aa07e0a1-ce82-4251-8e59-9fe6d431ac17,Freidenk,Freidenk,,brauhaus isar,
951da201-7ba1-4fcb-831e-9f854be27c37,Frenz,Frenz,,sklave,
86f6b35d-fedb-4dcc-b057-4066f9436d95,Fretheim,Fretheim,,krieg friede schmetterlinge,
f519a4bf-25c2-4a7b-a027-a9cf1ca570bc,Freucken,Freucken,,knauss sieben,
6f4544e0-53f2-4784-8c9d-4c99d8568e50,Freundlinger,Freundlinger,9781079693249,Im Schatten der Alhambra,
70c51d21-0c1d-4a10-b378-35d6d06b96a8,Freutsmiedl,Freutsmiedl,,toepfern,
7fb08327-d8f2-4bd8-9fe7-5e2d61abfcde,Frey,Frey,9783785538906,Sackgasse Freiheit|Verrückt vor Angst. Noras Geschichte|Wenn Haie weinen,
cec5b449-9ae1-428c-ab7a-cc44005b7459,Freyberg,Freyberg,9783430129428,"Manns genug, Frau zu sein",
dc8588a5-5d5d-4855-b5b4-ef41e6492c6e,Fricke,Fricke,,geliebte,
aa07dbef-8677-4457-9acb-e0293fd3e9b3,Frieday,Frieday,,scorecard,
b4748d6d-ab05-4ca5-b699-01bcb299002f,Friedl,Friedl,9783426770702,Die Frauen von Deh Koh,
3a3840cf-bf59-45a0-aaa6-5a644fabb885,Frieser,Frieser,9783423714631,Oskar und das Geheimnis des Klosters,
1748c856-d3bc-410a-a8a2-855862adfc08,Frister,Frister,,muetze lebens,
87a27a90-90ec-4525-833a-3715a86b4176,Fritsche,Fritsche,,wuestenmatrosen,
ca56fc88-16c8-4f08-a3eb-2d2005bc4456,Fritz,Fritz,9783644308312,himmelsbraut,
269a478b-e13a-4f06-b805-f90adc501d7f,Fritz-Schubert,Fritz-Schubert,,schulfach glueck,
169a95e2-c457-44b3-addf-137002efeb4c,Fritzsch,Fritzsch,9783492032483|9783492037372,Die verbogene Raum-Zeit|Eine Formel verändert die Welt,
15ae6ae7-8280-45d9-8610-066aa1770871,Fromm,Fromm,,kunst liebens|liebens,
eea85134-2c06-4d92-9488-86017aebff71,Fruttero,Fruttero,,wohnsitz,
70150ea7-848c-4796-b722-75068e62225c,Fuerst,Fuerst,,erfolg maennern,
7304d6a2-5760-44cb-8358-942cb89c17c2,Fullerton,Fullerton,9780864422019,caledonia,
11507d21-6947-402c-86e3-4fd2b1fc4939,Funke,Funke,9781428728561,inkspell,
db51fb73-1229-4db1-a323-82b8fe846937,G√Ľnther-Haug,G√Ľnther-Haug,9783927164727,fuchsspiel,
88bef365-4e16-4879-9d83-30d5458ab519,Beaver,Beaver,9780831727765,Encyclopedia of Aviation,
c315f393-4408-4b44-a8ae-382236ea0797,Beer,Beer,9783641192907|9783811810693,Glücklich durch positives Denken|rote frau,
49d46ca3-8039-40c0-9d0d-d75dfafc1487,Beesley,Beesley,,titanic,
4bb56251-c123-4888-a21d-4bd019cbc520,Gaarder,Gaarder,,geschichtenverkaeufer|sofies,
4e4707a7-6f52-4e95-b6ac-8b5890168263,Gabriel,Gabriel,,toechter|toechter zorns,
3ca69d98-7f9e-4bd1-aa8d-9dc358e5533b,Gack,Gack,,israel besetzte,
a67d1975-ec77-4a98-bb9f-32e05f486b0e,Gage,Gage,,hauch,
333bc4d2-eb39-4ba9-901e-2d2a3b355fe7,Galenorm,Galenorm,,hexe,
4d57853d-3397-47bb-8dfb-aa4dc9bceea9,Galland,Galland,,letzten,
da2cb310-3509-4478-954c-d2152802b111,Gallas,Gallas,9783770111275,Kreta,
91fcc502-1240-459a-a171-7bd09c13ea86,Gaiman,Gaiman,9781472235411,American Gods,
fa68ec44-496c-45dc-8bb4-4db1af8a67f7,Gainham,Gainham,,welt,
d237bc33-f301-464d-9142-9fc7238acca2,Gaiser,Gaiser,,nascondo,
b447bd5b-bf7c-43b1-b758-041487ad60a1,Gaitanides,Gaitanides,9783471776155,Griechenland ohne Säulen,
6992330e-2c8f-4374-9f91-c91cc91e9c4b,Gamlin,Gamlin,,monster tierwelt,
6b222084-ec07-4733-b520-cea19ae61a47,Gammelgaard,Gammelgaard,9783548362540,letzte herausforderung,
16c545c7-5283-4dbd-8630-eed807278814,Gammelt,Gammelt,,verbrannte,
e03c7aba-c474-47c7-b35f-894e26aee244,Gann,Gann,9780515054439,masada,
078e3114-59eb-4dd6-b7c3-e085986f84fd,Gannett,Gannett,9783430130165,rosenbeet,
12d67b50-7409-4327-9b41-fcd77f137182,Gannon,Gannon,,wundersame reise ende,
4e94f890-89ea-4f0f-aba4-a29b503e7918,Garanca,Garanca,9783711000453,Wirklich wichtig sind die Schuhe,
6ff0d724-8f7e-4f3f-a672-03fc5bd2174a,Garcia,Garcia,,ritter,
3bbfecd2-2789-4956-811a-704e2df40491,Garfield,Garfield,9780571248094,MINI|sieht,
4b342e8d-8b83-4e43-bfa0-9322c16c6a4f,Garwood,Garwood,9783548259697,Gnade,
fff69764-43cd-4644-adf0-b7925c47d347,Gaskin,Gaskin,,lebens,
cd07026a-b2d6-4c29-8ba4-158a2b591845,Gast,Gast,9783442034741,Randi und das halbe Dutzend,
f0440fef-9386-4698-8bf1-e0e58acad4b9,Gates,Gates,9783453122963,Der Weg nach vorn. Die Zukunft der Informationsgesellschaft.|vorn,
ea26b815-1a1d-4f44-91a2-dd2a6ad0528e,Gauck,Gauck,9783570551493,Winter im Sommer-Frühling im Herbst,
7ebfac72-926a-4deb-8ac4-5b566465c3cd,Gavaldo,Gavaldo,,zusammen,
b9d38096-6f46-4de2-8900-5dca6e942f38,Geary,Geary,9780131738867,Core JavaServer faces,
f40df640-9f7d-4add-b2d6-4360370ccdf6,Geason,Geason,9783453136878,buschfeuer,
9801c2e7-81bf-40dc-8d93-59b0d986e42a,Gebhardt,Gebhardt,,radfuehrer ddr,
c987ec80-4ae6-434c-83e9-23471ff073cb,Gegde,Gegde,,pharao,
6d97c41f-468c-4c13-9f88-608e5b65b18a,Gehm,Gehm,,flirtattacke,
97dca647-5b2d-4724-a655-219a77e16695,Genoves,Genoves,9783404012169,arche acali,
3dbaf032-5b89-4536-a7d4-e909f58bbd81,Gerlach,Gerlach,,verratene,
ec797c3e-a9e1-4000-993a-8bd4bf03df3a,Gerst,Gerst,9783954161980,166,
7b43170c-8719-47b6-83cb-a9fa62f870b9,Gerstaecker,Gerstaecker,,flusspiraten,
37681098-2384-468a-b9eb-dbd47719a6b8,Gerstenmaier,Gerstenmaier,,Die Stimme der Stummen: die demokratische Bewegung in der Sowjetunion,
3bed6bc5-5bcf-48b5-aeb4-fac2cebe0f23,Gerstmeyr,Gerstmeyr,,erbe welt,
1d82b8c2-58d1-4a68-8711-d9c24a10cf65,Gertz,Gertz,9783421047298,Das Spiel ist aus,
fa8b04d7-3810-48c7-aa3e-6bff9d06c9dc,Behr,Behr,9783430112826,Die Moguln|soehne,
418a8570-3691-4945-bd65-f842816d261f,Behrendts,Behrendts,9783426412411,kiffer barbie,
fd1ea7df-5b0f-4e07-8884-e167351d1ba2,Gibran,Gibran,9783843602914,prophet,
a6dbd756-83f9-45ff-90e4-11dd5fa98acd,Giffin,Giffin,9783863514570,trotzdem liebe,
05cd6c7f-df81-468c-98c8-ed34e095c67a,Gifford,Gifford,9783404142491|9783732577248|9783785720271,Aquila|Assassini|Protector,
6660b8f5-6b88-45f0-88ed-01638f8f5684,Gillessen,Gillessen,,tibetern,
22b4fc8b-7180-4667-be64-75af47cbc177,Gilliard,Gilliard,,knaurs voegel,
5bc1760e-e075-4376-b026-cef2a2e694b9,Gilbreth,Gilbreth,9783764529758,Im Dutzend billiger,
a714c6cc-5b5f-435e-931a-52956d18c682,Gill,Gill,,tod,
74ea4e4b-75b4-4858-9810-dfe9af0278b8,Gilman,Gilman,,legenden,
e8e09a7f-24f5-45de-87fe-6cb6a2b66a81,Gipe,Gipe,9780380890033,gremlins|zukunft,
21e124fe-b25c-4fb0-a5e2-28603fb5de88,Girard,Girard,,Die ewigen Mayas; Zivilisation und Geschichte,
e825b2a8-a397-4beb-b253-8ab82d9d9a92,Gitt,Gitt,9783893971848,Questions I have Always Wanted to ask,
d5da2648-439f-450f-b5a2-bca33c57c521,Gladwell,Gladwell,,ueberflieger,
d3a3942d-7707-4caa-8eb5-129bde6dce2c,Glaesener,Glaesener,,safranhaendlerin,
14f70efd-56ac-4057-a088-d5d150c0e064,Glancy,Glancy,,geschaeftsbedingungen,
3ee89729-aec5-47e5-b793-c3fd96788bc0,Glanville,Glanville,,profi,
bc375661-c668-469c-9735-3be723b38b65,Glaser,Glaser,9781479737826,alaska,
4012299c-bc43-4974-81e3-7379f1e1d2ba,Gleeson,Gleeson,9783813502312,smaragdcollier,
6e3be8c6-f16c-4b69-844e-48a79971b8cf,Gless,Gless,,geheimbuende,
d5d728bc-0a40-4d05-b84a-0a5ea6406b33,Gloaguen,Gloaguen,9788475255736,suiza,
1bf30464-3f02-4a6b-b2ec-5d37df95f891,Glubrecht,Glubrecht,9783492303309,heldenstellung,
06a0573b-3cff-410b-8653-664d48c89a7f,Gobineau,Gobineau,,stephanie kurierin kaisers,
9b9d8e26-20b6-460e-a691-19bbd1782703,Gobrecht,Gobrecht,,denkmethoden,
09b794c1-fa5a-4d20-867b-b4d443ce8482,Godman,Godman,,inquisition,
558ea130-2c29-4218-a964-a5e80f0711d6,Goeoeck,Goeoeck,9783593403892,menschen veraenderten|wunder,
87881efa-c9e2-4574-ab7d-dae945c9bde3,Goericke,Goericke,,treibstoff,
c99d51ba-e1ef-4e29-b592-37076637021e,Goestenmeier,Goestenmeier,9783827327529,linux,
b425f422-7e25-4e37-bcf0-351d6d8a4ac8,Goetting,Goetting,,saegewerk,
2fba7e5b-2810-4661-aab5-7d0fb6bdb386,Goettlicher,Goettlicher,9783644411210,eigentlich paul,
1e051857-8156-4942-bcd4-63a8f200d8df,Goetz,Goetz,,freiheit,
23289b86-b6bd-46e1-8f1a-2df1c2416295,Goeudevert,Goeudevert,,Der Horizont hat Flügel|Wie ein Vogel im Aquarium,
6db341b0-8ab5-4e84-bb8b-78e3c60366c7,Goga,Goga,9783641039585|9783641218300,burg|leonardo papier,
d2b98b70-e4d7-43a6-8bcd-f90ea2e76c86,Golant,Golant,,dagegen,
1de5cac1-5867-4011-85a4-7c010f2010eb,Golb,Golb,9783455110241,qumran,
10eb7a6a-f6df-4d79-b908-4ee7e1bc19ba,Goldberg,Goldberg,,schreiben|whoopi,
9228fcd8-9cd5-41c5-8379-bf6926f874b1,Gollhardt,Gollhardt,9783328105947,Westwall – Auf welcher Seite willst du stehen?,
b1626e0d-946f-41ff-b2ea-94bb1c480d94,Golluch,Golluch,,verrueckte forschung,
e5c50f4e-0896-453d-9aad-22a153130cdc,Golon,Golon,,angelique|rebellin,
5627b89e-2c87-4dea-99ee-c95534cf1e49,Gonsior,Gonsior,,nordseekueste schleswig,
69333d9b-b471-4ae3-84b0-42916b4f2d9b,Good,Good,,schwierigen,
6a4544f1-0d15-454b-a807-dbcc6da87dd8,Goodkind,Goodkind,,propheten,
061762dc-5ea4-4afb-9363-1c11f6269e8e,Goorich,Goorich,,jahr meer,
43d73092-9e5b-4e12-9607-db48a803aeb1,Gorys,Gorys,9783770166084,Heiliges Land,
31d078a3-d274-45bc-865d-ab7c31228746,Gosciniak,Gosciniak,,kairo,
03159e9a-8c93-4ce7-98c6-5e3d22c51ccf,Gossage,Gossage,,werbung,
42d3f271-87f3-4778-a68a-31ed96578818,Gottberg,Gottberg,,kalifornien,
dc7b2be3-31a8-427c-9e8f-65ecf65979fb,Grimm,Grimm,,madeira eden atlantischen,
e35f4171-6beb-48dc-8f27-c1f5ca7a6f94,Gottesfeld,Gottesfeld,9780747208013,Ill wind,
4de8674d-ccaf-4ad3-a385-18056f89d2c2,Gottschall,Gottschall,,sansibar,
6fe65782-a41d-4c0e-b654-2c3b5daa7f39,Goudge,Goudge,9783404158416,wolkentänzer,
9d9207fc-0b7f-4192-98cc-be66a79d937e,Goyen,Goyen,,fernster,
d0113416-a116-473a-89b8-bee3290f0b8a,Gould,Gould,9780812522372,jumper,
47a7e18b-19e5-4ba6-abd7-37b11d8171d5,Govinda,Govinda,,weg weissen wolken,
7229ce13-a541-40fc-94c0-1f9faf84d035,Gowda,Gowda,9783462047745,Der goldene Sohn|geheime,
37840970-dffa-4415-a981-4341563330e8,Graebner,Graebner,,natur reich tausend,
6c65e7ba-805d-49ef-bece-832c72ce8386,Graedler,Graedler,,lust,
0152b2f1-a356-4282-8b85-1b56367834fc,Graham-Campbell,Graham-Campbell,9783607000086,"Das Leben der Wikinger. Krieger, Händler und Entdecker",
3feb26a4-1b3c-4e85-a076-16c3dafc938e,Graichen,Graichen,9783455094039,schliemanns,
744a7cf5-90f3-4f46-be5a-592b65788c36,Gralle,Gralle,,bischofs|moench,
3eba45a1-d1a2-443d-98d6-3cf57f026dcd,Gram,Gram,9783933731302,gladiator|perfect,
a15f6753-d5ca-4481-94e9-12961c3da1c5,Grandes,Grandes,,liebe,
a17b6050-b71a-48f5-9ff3-e5c2c91b2529,Grandt,Grandt,9783942016254,staatsbankrott,
9492aa88-2ef4-423d-8eee-bab924c2e7dc,Grange,Grange,,choral|purpurnen fluesse,
999535be-d17b-481f-a0b2-0f1ac8cdf274,Granger,Granger,,november,
6758ceb3-b32f-4aae-9d89-396375dead70,Grant,Grant,9780297995029,caesaren|cleopatra,
47d73da0-0d6e-4de4-bf51-6a1f10dd4657,Grass,Grass,9783458066781,blechtrommel|raettin,
1238eebf-44e4-4fe7-a721-2c8cbd7bc7a5,Grau,Grau,9783532628034,Hypermoral,
36dc331f-b743-45f2-a248-9f753c95c51a,Grazzini,Grazzini,,nationalparks welt,
a67e6e6a-cfc5-4fe1-8cc2-a9894b20c96d,Greeley,Greeley,,sins,
e84763e2-75e9-4101-8e3e-391dcfdf1172,Greenfield,Greenfield,9782840705826,New York /Le Meilleur Guide Sur New York [Broché],
08c69c4b-f48c-4e08-8a62-9165e4d00dce,Greer,Greer,,weniger,
4fc297ce-7f3c-4e7c-af19-7a9ec58c37c0,Greff,Greff,9783409214247,Das ABC des Call Center Management. Die wichtigsten Fachbegriffe rund um Call Center und Kundenservice,
fb038a0c-7e83-462e-bff5-ead23ea12626,Greiner,Greiner,,verschieben deutscharbeit,
f0302281-5388-491a-8ff9-8e4bae83065e,Gremillon,Gremillon,,prinzip,
ade82daa-2c6c-4d79-a463-e9f548bb6d1e,Greshake,Greshake,,wueste bestehen,
a4014243-2218-4d6e-a50f-cf976e9e5e80,Gricksch,Gricksch,9783426502211|9783426638040,Das Leben ist nichts für Feiglinge|Robert Zimmermann wundert sich ï¿½ber die Liebe,
1150dd0f-3288-4e0f-a019-2fc59c2e1942,Griehl,Griehl,,meisterwerke schoepfung|naturschoenheiten verborgenen,
e3512049-5fe2-44b0-8a28-a47165468d99,Griesshammer,Griesshammer,,Oeko-knigge,
7a64ae24-751d-4ca1-88fd-81e15963bdb7,Griffin,Griffin,9780727855046,Secret honor,
37a06b08-efc1-4dd1-97dd-df01bb1bffb9,Grillparzer,Grillparzer,9783641201265,carb 100 formel,
98b0e96f-be1b-42f1-afd4-1d69635e4b57,Grimmelshausen,Grimmelshausen,,landstreicherin,
24500e44-583e-4d00-84a7-c70a63614c8e,Grinspoon,Grinspoon,,marihuana verbotene,
0db38eb7-1b5d-4f67-a25d-61d0d6f670c1,Griscom,Griscom,,frequenz ekstase,
65ecc997-51b5-4e53-a3ee-610c615418c5,Grisebach,Grisebach,9783442424665,Abschied am hohen Ufer,
b2cede6f-ce76-4ef9-8d55-24ddc969bf9e,Groenemeyer,Groenemeyer,,gesundheit,
ea94609e-3874-419f-ab0d-9949059471b7,Groessler,Groessler,,gentechnik irrweg ausweg,
543f3691-0111-473e-b107-a13e4882ad3f,Groh,Groh,,pinguine,
07acb4ea-b6a8-4977-9aed-20781aa2666a,Groom,Groom,9780743453257,forrest gump,
129ba207-177a-46f7-88d6-523791f56542,Groszer,Groszer,,claire,
f188d86a-b2bf-4722-8b6a-1494e8605f81,Beigbeder,Beigbeder,,neunundreißig,
1e1d78aa-5270-4ef0-8cb4-909990247ee5,Grotzky,Grotzky,9783492118941,Balkankrieg,
04090e76-6af9-49f6-a96b-54c5fc7fa578,Group,Group,,bermuda,
02641f75-18f8-4fa7-897b-e3adf03daa9a,Gruda,Gruda,,torjaeger,
f305ccee-0497-4444-88bd-2a465599f058,Grunewald,Grunewald,,william,
0f5a98c3-18d4-4cf2-9f6c-a5e4cdc4c912,Guderian,Guderian,,therapie,
d71a4b7f-1860-476e-9c84-7c27408acda7,Gruschwitz,Gruschwitz,9783886180387,Kanarische Inseln,
f2b1e928-bd54-4dac-bf45-d9cb60c27ec3,Gschnait,Gschnait,,rette,
10a0bec9-cddf-47e5-bf55-1be734e75e33,Guderjahn,Guderjahn,9783872692290,seychellen,
166c75d0-904e-4276-92b1-219c2b135894,Guenter,Guenter,9783548245041,schwarze baron,
8c933cd6-2f9d-4cd2-8eba-a42bbe5a7d40,Guer,Guer,9783838901640,fremde heimat,
d0bfda64-6883-4598-b3a9-0c9a3a6032e2,Zeller,Zeller,,revolution|rot,
bd65d8c9-b0a9-4923-b851-7a3b77d3241a,Zach,Zach,,feuersturm,
946fe5b2-bf1d-4f59-b293-d7f4bb1bb6be,Guerniffey,Guerniffey,,bonaparte,
3e0ab81e-e2f9-4dc5-8324-f61cfada21b4,Guertler,Guertler,,deutschland,
816f8df3-e138-4821-88d1-df2a17ed9309,Guez,Guez,,koskas,
78f5b874-a910-46af-a68d-5c3453f6e525,Guiladi,Guiladi,,zypressen,
10d0df6f-ce37-4eee-9283-3b97148d058d,Guild,Guild,9783471776506,assyrer,
e0c5d1dd-3ef5-4304-b5d5-a1323c4e24ad,Guillou,Guillou,,sohn,
dfc4f4e5-a955-427d-b2b0-62ad1de1103d,Guimaraes,Guimaraes,9786559210572,Grande sertão,
a564612c-5ed2-4abb-8002-96dabf90f2d3,Gundar-Goshen,Gundar-Goshen,,loewen,
23c34b28-b5be-4937-9fc7-eccddbda21a3,Gunganus,Gunganus,,rebellenwitwe,
9a8486d5-21cd-4088-95c2-c0033b449429,Guthrie,Guthrie,,erde,
dab4e435-2c9d-4f8c-96e8-59c79d745382,Gutierrez,Gutierrez,,laender baerte,
88a69d08-64c2-4e91-8117-1daa46c9f7f8,Habe,Habe,,Im Netz|Off Limits|Tod in Texas,
79a48552-c42f-4ae2-b2e5-851c8eabdb96,Zacker,Zacker,,eindruck,
5dd0d3a4-110c-498a-9f30-a7e34755fda9,Habibzadeh,Habibzadeh,,bestaendigkeit,
9fa0d896-0511-4b52-9219-542421590b29,Hachfeld-Tapukai,Hachfeld-Tapukai,,liebe  loewin|liebe loewin,
62a0c70a-8331-4237-bb34-2aea1e43b7cc,Hachmeister,Hachmeister,9783406518638,schleyer,
2ed67526-5cc8-4fd9-80c2-4133e632e3ac,Zaimoglu,Zaimoglu,9783596158515,German Amok,
a36ac570-218f-4c27-8ea4-055f03b3142c,Haechler,Haechler,,stradun,
38490753-a67a-4719-b7a0-87594dcc56e1,Haeger,Haeger,,lexikon philatelie,
2d9c6a2f-da12-496d-8eeb-990b5fb046cd,Haehner,Haehner,,spielball goetter,
7ef1a4dd-2ed9-4e13-a3bb-62fac8ac2174,Haering-Huan,Haering-Huan,,chinesisch,
6cdf5fa3-9522-498b-b9a0-982fb7181840,Haertling,Haertling,9783965422018,verdi,
aaa92532-5b32-4616-a16a-9dfb69ad4e4d,Hagerfors,Hagerfors,,jikasee,
45876ea0-8841-4e75-b269-fe20669d00ea,Hahn,Hahn,,fahndung|rentenplaner|verborgene,
f73da222-3796-4ee5-8161-56cb0368bbc7,Hahn-Beer,Hahn-Beer,,feuer brannte,
4ef8834a-c711-4fac-9d6c-9f550934d01c,Hahne,Hahne,9783898977296,wirklich wichtig,
5b37fa29-e419-4176-952d-9f93b4d27db8,Armer,Armer,9783835377097,hiroshima,
c47db105-8a6f-4f20-a709-8e6a2885561f,Zaimogul,Zaimogul,,leila,
5aaaf454-32d5-42fe-8ac6-47135c7635d0,Zampounidis,Zampounidis,,zuckerfrei,
6ff5dd4e-d2d3-4649-a35f-d69e384d7b22,Roche,Roche,,radio journalismus,
bb0b0922-1c09-4171-95da-c26d6f780bdc,Bradshaw,Bradshaw,9783612275301,leuchtturm alexandria,
b68c2da3-a9df-4d8a-b5e5-148fc5d892b3,Brande,Brande,9783866710696,schriftsteller,
57714eb4-34fd-4b9f-8036-8b7a733e1cb6,Brandi,Brandi,,karl,
22cd3d50-e198-4ac8-aae9-339ada8d4bb1,North Patterson,North Patterson,,mass,
64a93ea4-3488-4504-a3ca-aca26978280a,Noske,Noske,,rockstar|wikinger,
78191b7b-5a71-47b1-a61a-abeaf2611cf1,Vegesack,von Vegesack,,vorfahren,
8a329ab0-75f3-4676-8a0a-b7c068421f37,Wertheimer,von Wertheimer,9783811844049,Christine von Schweden,
12114e90-005f-4e74-8049-38d1aa9aa161,Calleja,Calleja,9788471690852,Granada and the Alhambra,
8f99ca55-2749-4c41-adcd-0ecc01378425,Calmann,Calmann,9789985662267,avignon,
5ceb37ef-1b0e-40b0-9ec1-775c33c0b39a,Calonita,Calonita,9783505123801,hollywood geheimnisse,
c511c0bd-60d9-46f0-a110-6f324e63bdab,Magix,Magix,,Video deluxe,
b93e3f0e-64c2-4076-a2df-520b318da815,Charpentier,Charpentier,,fahrt weltumseglers,
58902686-0a2f-4f63-a3d6-e9b7f34afe46,Yerby,Yerby,,fuechsin|storyville,
a9f6d8a4-f271-49f2-a28d-7f2c5dd3f2b6,Ledig,Ledig,9783518399620,Die Stalinorgel,
2dcc796f-38ca-4922-8b45-685a9ce80f17,Schacht,Schacht,,Die elfte Jungfrau,
6d3ac11f-a062-46ac-9993-d977f54adc9e,?,?,,jane,
d609f197-c59d-4a29-9fb5-b3cd70b12e2a,Cueni,Cueni,9783453160958,Cäsars Druide,
0501b058-200c-4ddf-80b0-0b84df2abfe1,Culross,Culross,9783453177468,Hinter Kairo wird es besser. Die Reise einer Frau auf der Suche nach sich selbst,
a97f4191-71e0-40a9-8c8c-67173275f99e,King,King,,raetsel familiengruft,
d74e834a-9360-4780-8cd3-08afa9b139e9,Kiesbauer,Kiesbauer,,bretagne,
a1bc686a-e5c7-4cb6-910a-128fdf768fc4,Neuhauser,Neuhauser,,lexikon,
6c945189-1de6-4b41-b0fd-78a05a89f70c,Niebelschuetz,Niebelschuetz,,morgenroete,
058c4c32-67f6-44eb-a34f-90464d6b1a97,Neubauer,Neubauer,,jo jo|vollweib diaet,
8433bb67-83b8-41c7-8329-39029330570d,Deutsch,Deutsch,,aussichten alter,
3290a8ef-4465-47b0-9fb2-d8c4be42a80b,Dever,Dever,,einsamer flucht dunkel,
00d9e999-add3-4e95-b0c8-b1fcc64bd341,Deveraux,Deveraux,9780743552073|9783955696443,Wild orchids: A Novel|orchideen,
7be4ae6e-d623-4b60-9a50-d738b83220f8,Devi,Devi,,banditen,
a09e4eb0-ee00-40ff-bfc2-7bc7c232b2b7,Dexter,Dexter,,kurz,
5ec84d76-738f-4d91-92b9-227c3e9c9dbd,Pitigrilli,Pitigrilli,9783811846395,Luxusweibchen.,
c4e6db80-166f-4cf8-b929-ac718c0cacac,Mueller Markus,Mueller Markus,,Der Aufstand,
d39dc69a-b82b-402f-aaef-9737367ba16c,Neudeck,Neudeck,,autistischen,
23b102ef-cac2-46c2-9533-a11943d0c940,Nichol,Nichol,,indien|windsaenger,
f0357381-f2f2-458b-9988-0ba4a3e99478,Dor,Dor,,reisen,
8ca69071-3c22-4fd5-be86-748318db2f5c,徹子·黒柳,徹子·黒柳,9784062001182,"Totto-chan, the Little Girl at the Window",
3ba3b421-df92-4969-82e2-57d90681498f,Forbes,Forbes,9780333721148|9783453868595,Das Inferno|Die Generalin|Precipice|The Sisterhood,
0bab3e81-6398-434a-9a28-03559d1c2de5,Petschul,Petschul,,maertyrer|tanz,
74313f0f-3a95-4560-96ba-ea189cb305ed,Peyer,Peyer,,alexander,
d338574b-0f0b-4090-a906-ae18efe01b60,Ebadi,Ebadi,,iran,
3930329b-aa24-40f0-8c34-4dabb24489fb,Ebermann,Ebermann,,itiooiti konspiration,
098842fc-6ab2-48ee-91c0-23a06933593c,Ebers,Ebers,9783988830043,kleopatra,
97b240fd-7d2a-47db-8886-e611d5bed9c4,Ebershoff,Ebershoff,,orangen,
445381f9-04d0-45f3-a581-4d0b1a180cc7,Smith,Smith,9783453092907,ritual,easter smith [tmp_authors_csv(nur Nachname gleich)] | cruz smith [tmp_authors_csv(nur Nachname gleich)]
e9a6c8a7-b2be-4c60-a933-ff80602a8fa4,Schneider,Schneider,9788770702065,Die Offenbarung|natuerlich schwanger|podgoriza,
8cbeb56e-df4e-471a-8673-ed39c2890197,Bergman,Bergman,9783757880408,verschwinden,
fd040603-46da-4528-b5fc-061d818c77a1,Potter,Potter,,magische,
3167346d-d7ee-40ff-ba8f-85b3c7caa0b1,Engdahl,Engdahl,,oelwaffe,
d0a972fc-f842-4b77-b4d5-371a4524c190,Engel,Engel,9783426502792,Die Kaffeeprinzessin|alpen,
f68c4b19-a31b-46d1-ae86-19c79f59b3b2,Lejeune,Lejeune,,aufbruch|chip,
ccc72f2f-796c-458a-b47f-7e68bbdd7d3e,Mckee,Mckee,,caen|story,
6dded732-a0c0-408b-a81f-3bf22f0c0ff4,Mosenthin,Mosenthin,9783475525797,Nachtschwester auf Endstation,
3c731d15-63f6-426a-a2d8-2a8dc05c0b2d,Kuegler,Kuegler,,ally|grosse Coffee,
8fff210f-33e1-4821-8460-95f535a4e65a,Liedloff,Liedloff,,anatomie,
6604f339-c31c-469c-99a9-8c3d02ea1789,Lucas,Lucas,,tam tam|wuerfel,
6bcbcbda-9872-41a6-91ea-80a59040f030,Feldenkirchen,Feldenkirchen,9783492039345,Siemens,
619f0cb9-ac1b-47eb-83a4-361320371ba6,Feldmann,Feldmann,9783451202445|9783453530249,Denktraining|Gottes sanfte Rebellen,
1958cd17-1958-435a-9776-323c4408433b,Rossmann,Rossmann,,krokodilwaechter|masken muetter|verjaehrt,
21154f52-0463-47b3-801c-007f56fff337,Forester,Forester,9782266052887,Hornblower in the West Indies|The African Queen|The Man in the Yellow Raft,
5030d82f-a722-4186-8e27-6c167d272efe,Fuelling,Fuelling,9783782214858,peking,
639a4b90-f9d7-4583-8497-a2d363fb28f0,Fuentes,Fuentes,9783406542169,Die Autobiographie des Fidel Castro|moerderwald,
2044ac7f-5db8-4f1f-a8b0-27d899aebcfd,Goldman,Goldman,9781453292006,marathon,
44e52ef1-1186-4977-bfbe-9db85ca3251f,Goldratt,Goldratt,,ziel,
25c204c5-0cea-4ef4-a8b1-024756226e0e,Goldstein,Goldstein,,kardinaelin|salomo,
02e7f3a0-3281-4768-8adb-a56f4e49b76c,Grifka,Grifka,9783499610257,knieschule,
7dd5e2e7-6718-46d9-a238-484ae5519179,Griggs,Griggs,9783426622483,vergebung,
36861a44-a5f8-4ea4-8059-56720939bded,Grimm,Brothers Grimm,,maerchen,
71a08dca-9f29-422d-97e8-ccf056e6c2e8,Hacke,Hacke,,weltmacht,
25164bc8-16c2-4b3a-9bd7-67652827dd8d,Hackl,Hackl,,gong kaiser,
8999b1c5-de72-4ed6-a349-466c47c04caa,Haddon,Haddon,9781408185216,The Curious Incident of the Dog in the Night-Time,
0e35be9f-f0f1-4a5a-91a1-badf4201140e,Hart,Hart,9783405167264|9783492950176,schneeflockenbaum|yoga,
9623798b-adf6-4a24-bde5-5e60e66000d5,Hartmann,Hartmann,,frauen wissen schlagen,
3981a490-d90d-4375-b935-d50521d5e5e1,Hellmuth,Hellmuth,9780061247385,Phil Hellmuth presents read 'em and reap,
01eee73b-5a0e-4626-a945-9ed7bbb9e8d1,test,test,,test|test3,
71ffa66e-4d15-4b7b-99c4-cb49b4c700cd,divers,divers,,la deutsche vita,
5ccaf9eb-a850-4385-92f1-7903cc6e0741,Illner,Illner,,frauen,
ea79bad9-09d0-47e9-9b61-5fef581f06f2,Imai,Imai,9783612267580,kaizen,
8a107f92-6823-49dd-ae06-6fc5a02f0dd3,Djebar,Djebar,9783502101512,algier|ungeduldigen,
9528289f-ddbe-4f68-b9df-091373bd212e,Dk,Dk,,programmieren.,
f6bf032a-35e9-487c-bd1e-767e6744dfd7,Dunant,Dunant,,letzte,
6e1d1ded-05ff-4e0d-b912-58266a28d819,Eller,Eller,,risikomanagement,
71cf8aaa-37ee-4f22-bb36-1d1ef9c13cc4,Ellert,Ellert,9789638053008,attila,
fac3b98b-36b1-45f7-a84c-792967fc23cc,Ellin,Ellin,,ripper,
054201b8-78f2-4564-85b5-371c28a3c0b6,Elon,Elon,,rothschild,
44d4813b-121c-4bf9-8f59-5de62cdb0bd0,Futscher,Futscher,9783216304773,Soledad oder Im Süden unten,
31d71b73-ba96-43d1-b986-7c33e9f17035,Ghosh,Ghosh,9783641249809,glaspalast,
e09b2b3b-125d-4826-b072-1198a9208836,Gibbins,Gibbins,9780755347919,Atlantis|Das Kreuzfahrer-Gold,
663b46ae-888a-4435-b553-fc6b5e6c1ff0,Gibbon,Gibbon,,untergang,
15d3a74a-b3ab-40b7-ba95-9f93348fc282,Gordian,Gordian,,diabolus|xanthippe,
677fc672-a6af-48e9-a9a6-4478a872c483,Gore,Gore,9783100272003,Wege Zum Gleichgewicht|unbequeme,
25e40ea6-943d-4b14-8cb1-7e10b8bafab4,Gorell,Gorell,,verbrannte,
149893ae-73ac-4cf7-b6f1-8f1a0e9472ce,Gros,Gros,9783902404848,nachkrisenzeit,
67eb6a58-0dc9-4da5-97e8-0b494db1bd91,Gross,Gross,9783421050441|9783478356602,Beziehungsintelligenz. Talent und Brillanz im Umgang mit Menschen|Tacheles gesprochen. Notizbuch 1990-1995,
d8c80120-daf2-486a-966a-7708b68e9b02,Grosse,Grosse,,golf,
e66b9409-0ca5-4457-a4fc-f27f480491e7,Grossman,Grossman,9783930041282,wunschtochter,
fa7d28b9-46a2-431b-896d-83e492c7a3f1,Hahnemann,Hahnemann,,transsibirische,
3761a703-5028-4cc9-b8a4-f9fc6659bdf9,Haider,Haider,9783862005437,Ausverkauft!,
ee4d923c-c835-4dab-ac8d-71482a72a7ee,Haining,Haining,,vampire,
c260b05a-e407-4196-b535-65937e5f14c6,Hawthorne,Hawthorne,,scharlachrote,
c81d15e2-2514-4dab-a6da-428c70e0e22c,Herbst,Herbst,9783831715510,Cuba|heilen schnelltempo,
5d5e5089-2571-4511-ba8d-909ebed1e42b,Hering,Hering,,bildhauer,
de87ac36-a3dd-44bc-b760-4762c8f95c81,Herlin,Herlin,,atlantik,
924515ff-bcf0-485a-bcc5-4b17fc304951,Herm,Herm,,dionysos|phoenizier,
36aa6788-45d0-4cee-84dd-822884606cc7,Hochhuth,Hochhuth,,deutschland|guerillas,
12a86b62-bedf-4199-9e04-755b09a7d9a7,Hodgkinson,Hodgkinson,9783518772430,frei|sex,
3c289233-8103-46a0-af35-c31a4baa7727,Hoefer,Hoefer,9783531152387|9789971925697,hong kong|japan,
2b57e34c-1b76-4143-950e-1a5aa062a577,Hugo,Hugo,,notre,
62ad17f1-a4ef-4adf-9795-fd4c384d6736,Hugot,Hugot,,zehntausend sahara,
b6b2dfd7-fe9b-491f-9f7b-3cd1577602a2,Hulme,Hulme,,tagmond|unter tagmond,
7aca34a5-8d0a-46e0-a257-6f97a00e3e23,Japp,Japp,9783442466412,Die geheimen Schriften von Clairet 01. Die Herrin ohne Land,
ab5465ec-35f2-4743-a734-6fd0bd578401,Jardin,Jardin,9789984925011,zebra,
50d54c03-eb93-4a97-b884-731fe30f3325,Jeffreys,Jeffreys,9783881042451,ketzerinnen,
3417b574-c573-48fc-8a77-e56d7c3b3bde,Bover,Bover,,jahrhundert,
4656f1ec-d6ac-4e3e-b432-90d3326b5df8,Degner,Degner,9783453077263,pasta pasta,
b5da699a-ea80-41df-a9f9-00748ec95ae9,Dobson,Dobson,9783896674715,diktatur,
9ad478d1-2eb7-4157-a4f3-cda47d6823fa,Domes,Domes,,nebel,
a03d161c-aa4f-42b2-9778-3ec640c7ee88,Gorki,Gorki,9783966622189,fremden menschen,
f863263b-31b4-4221-8942-9d0153054acb,Hagena,Hagena,9783462041491,Der Geschmack von Apfelkernen,
79c47d7d-76c1-4f88-a7be-c0f4ea671755,Hauck,Hauck,,garten pflanzenpraxis,
3e499a7f-bee8-45a9-95b7-0f7284c4d20a,Helfritz,Helfritz,9783770104420|9783770108046,Indonesien|Mexiko|Südamerika,
69ce6bdc-8746-4a87-ad4e-8e86ef004136,Jego,Jego,,1661,
027e346b-07c5-4f17-91dd-e9a1e530644e,Jelzin,Jelzin,9783426264676,Aufzeichnungen Eines Unbequemen,
7bc6d09e-fdf3-476c-8073-3b8b7a110c84,Artus,Artus,,franzoesin,
3645aed2-fc68-465b-b7f8-6bef39ed494f,Avold,Avold,,einfach,
2e098849-dcc2-4b40-87ec-707672f9ca6d,Baerfuss,Baerfuss,,hundert,
01c54e3a-a472-4796-a092-7e62a0d2f216,Beagley,Beagley,9783791760728,kiel,
65fdca3b-39a1-47fd-8e2f-acb87ea4772f,Barroso,Barroso,,toete,
af08768d-26f5-4cb8-a2f9-8e44a3a9f220,Blond,Blond,,southwest,
4e6dd754-71b5-4d97-8341-8cd966615b55,Ahrens,Ahrens,9788197022272,"How to Take Smart Notes: One Simple Technique to Boost Writing, Learning and Thinking – for Students, Academics and Nonfiction Book Writers",
739948eb-467e-433c-9c4b-a11187d7f58d,Barzini,Barzini,9781439512784,italians,
04951a97-1b59-435e-a860-7489485e8fbf,Behrendt,Behrendt,9783734102172,"""Er steht einfach nicht auf dich!""",
f1e9f4fe-8bde-45ff-bc16-fec5788d752b,Benchwick,Benchwick,9788859200185,bolivia,
b5e1fa09-458f-4021-a7ec-01198bbc6be6,Bengtsson,Bengtsson,,abenteuer roten schlange,
861f704b-88af-48c4-a3bc-bbc71113c433,Bernhart,Bernhart,9783763410248|9783828956872,alaska|gardasee,
1d646b7f-7d13-47e7-a67a-2109547f9595,Blume,Blume,,epochen musikgeschichte,
7266b894-b7c0-4c33-9585-89d7362b8913,Abdel-Samad,Abdel-Samad,9783426300756,Der islamische Faschismus,
e24a4b52-a035-48a3-a272-98b2a5443ff1,Albin,Albin,9783910080102,steckbrieflich gesucht,
8a054409-7dd0-493d-9412-3334a745b395,Andre,Andre,9783150109229|9783440110072,Essen und Trinken im alten Rom|Wilde Zärtlichkeit,
8795ba87-bae6-48df-9aea-4549931a2fec,Armand,Armand,,dreissig abenteuer|indianergrenzen,
97c1ce9f-5aef-42e2-a8ca-0035610d65c5,Jenner,Jenner,,chinesische|landvergnuegen,
8654f938-d991-425d-b91f-15d10de76ffe,Jenny,Jenny,,ruf muschelhorns,
9558a542-381a-4761-9b13-1686cfd528b2,Jens,Jens,9783641032395,demenz|kueng,
0e9992b5-0c16-4d7e-b83c-be1fd784f53e,Jensen,Jensen,9783641073961,hummerschwestern,
11c8249a-fe9e-4756-95cb-04fd23a0810f,Avery,Avery,9783453406612,teemeisterin,
138ddf9e-4c8a-44d0-9989-5dfda34cfc17,Bekker,Bekker,,suendige,
a1df1b6d-40b3-4d0c-bdab-4095b37772b5,Arsan,Arsan,,venus,
b5a13e00-d740-4ad2-b88a-b5eef66293a7,Backe,Backe,,Physik selbst erlebt|arzt vorbei weg,
97e6946c-5dc7-4916-a3cb-a1532d248cf9,Abbey,Abbey,9789061822974,Das Kaktusland,
b57dddd3-b7c0-4081-b7d7-44286dd3c393,Alcantara,Alcantara,,frauen lateinamerika,
9c9c9a02-e952-4db7-bbc3-0c4d07f4a8b7,Andrack,Andrack,9783462301618,wandern,
ae61ebd1-69d9-40ad-b163-ef2f0cbcbbbe,Belasco,Belasco,,buffalo,
5361eefa-111d-4f14-b6b2-2c1cee9f9735,Bendure,Bendure,9781741047141,maui,
d03b1b25-3449-48cb-bb85-0b8680a0ac7c,Berndt,Berndt,9783430202237,aukmerfsamkeit,
46c9ad53-8ede-4f06-bbef-927013f37275,Beta,Beta,9783548362816,Katharsis,
fe4c564e-8c4d-4dc3-99c9-cd32cae4a3e7,Amnesty,Amnesty,9783596234356,jahresbericht,
74ea0e4b-fbd5-40ab-82ab-f8980051cc4c,Andres,Andres,9783492010283,Der Taubenturm,
e7e9a744-a8fc-4bc2-8b67-ae38871ec7d4,Bamm,Bamm,9783426002230,Alexander oder die Verwandlung der Welt|An den Stätten der Christenheit|Die unsichtbare Flagge,
f21c16f9-ebca-4585-a1c5-368ce6b6cf0c,Barron,Barron,,merlin feuerproben,
e1e8fe56-169a-40b7-803a-4f35fc06b674,Adorf,Adorf,,maeusetoeter,
5dc31c0c-4418-4771-a657-a358619af0f1,Anthony,Anthony,9780380713097,tatham mound,
3a6f8c69-2923-4593-9484-183c2efe1386,Barreau,Barreau,,memoiren,
77874a94-b63c-46e8-a229-b18591992340,Beyer,Beyer,,boehm filme leben,
3b95524e-2402-45ef-b7c1-ba7c891c6bcf,Back,Back,9783899054491,gardasee,
b680079e-4f99-4c70-820d-dd6ebf9633cf,Andresky,Andresky,9783641220006,circus,
454f3b2d-81a0-4bed-82db-34c0f2a1dc61,Augias,Augias,9783406613647,Die Geheimnisse des Vatikan,
cbf4d7e0-13d6-4659-8e9a-aa287a6e635b,Biller,Biller,,Die bayerischen Seen,
d612c4ea-96a4-441f-b153-7287f66b98f1,Buckley,Buckley,,danke,
0b49263f-b337-4edc-b39a-7c4bddaaf8c9,Aldridge,Aldridge,9783351009656,wunderbare mongole,
cd4dad8e-d839-4363-8d13-36bbeb98a5ae,Banville,Banville,9780307817198,athena,
7dc29d27-2b92-44ac-9e7e-f0be529a1f2f,Bassett,Bassett,,gebt schnelles schiff,
a7836064-8636-4353-af1e-a9382ebf21d0,Adridge,Adridge,,gefangener,
ff53f32e-5169-4d7b-b661-05e882dcc4a1,Alvarez,Alvarez,9783763011780,Imperator mundi,
de3ac08f-6181-4e48-a27e-6fc690edbda5,Appl,Appl,,universallexikon,
ed8153ad-a060-4f12-9df9-13cb80912c71,Amendt,Amendt,9783881422123,DAS SEX-BUCH,
1a2d807e-b505-4290-9a8c-e90c6c366638,Anand,Anand,9783442165155,Magie des Tantra,
440c6449-0f90-4af3-919d-9922d45dd856,Audley,Audley,,ketzer,
789c5757-675e-4485-9d36-44052bc0b80a,Al-Aswani,Al-Aswani,9783857877230,Der Jakubijân-Bau,
4a8aa57f-6de0-4256-b304-cf0c39df138a,Alders,Alders,,templer,
c15280e8-031a-4286-bab5-97ae0727ac0a,Andrea,Andrea,,teufeln,
6300c92e-ce4a-4e59-9da5-a5a6e4fff892,Aw,Aw,,seidenmanufaktur,
b520b4a2-1baf-4458-9946-9f26d170a354,Juergens,Juergens,,suesse,
1b2eff3f-60a2-47df-b3d5-993caa382f91,Jung,Jung,9783430151511,Sie bezwangen Rom,
7e3f01b1-b027-4e42-9978-c12808d9276d,Junger,Junger,9783550100093,Der Sturm / The Perfect Storm|belmont,
9588aed9-821c-4f9b-9ca7-71e3e4394459,Jeske,Jeske,,wirtschaftsteil,
33a6fb8e-0bcf-470b-823d-05ad99e2d36d,Jetzek-Berkenhaus,Jetzek-Berkenhaus,,papiermache,
3324e6f3-1014-444f-8d95-3349e1efc330,Albery,Albery,9783426192047,Das Haus Kanzē,
53922c40-f266-415d-b6ae-f727c887d34f,Junghans,Junghans,9783893920884,chile handbuch,
1fa9cac4-a4cc-431d-948c-09cbb8e08cb9,Ryad,Ryad,9783803141460,iman,
f46e8c1e-c9e0-4382-af53-873a89e9fed0,Jungwirth,Jungwirth,9783641167431,schwebezustand,
e368b496-9481-4dfd-9f0f-290655e7a16d,Kaarsbol,Kaarsbol,9783751783705,versprechen,
9816d3b7-4ecb-46eb-aa18-4e48d70960f3,Kabanow,Kabanow,,perestroika,
e319cd79-1b91-4b37-8b2b-33c8a350c401,Kabus,Kabus,,fjorde,
b8d26a8e-53b6-480d-85f8-3f6099f4ba54,Kaessmann,Kaessmann,,mitte,
9844ee04-ccff-4b17-ab60-ae21654f38db,Kahawatte,Kahawatte,9783404608416,blind date leben,
e515775f-7e0e-4dce-ad5d-092a6cda8d99,Kahls,Kahls,,111 gruende frankreidch,
fe22b1d2-b628-443a-b6aa-55f8bd222e13,Kahn,Kahn,9783936994995,Ich: Erfolg kommt von innen,
01e2d578-814f-48a6-9e0b-70a79aae0005,Kalpaka,Kalpaka,9783879754441,Griechenland,
716652c8-197a-467e-9ee3-1c05ffa618d5,Kalteis,Kalteis,9783518468586,shootout,
ad334eee-8920-44e1-994d-5f94e9268d72,Kamen,Kamen,,kid 3,
6a0b3166-fe22-4050-af30-11a1972f2989,Kammerer,Kammerer,9783453873629,Wolf und Adler (German Edition),
4352e787-254e-4b72-ada6-a2bf4332a21a,Kahnemann,Kahnemann,,rituale|schnelles,
d6787a07-68ea-4ef6-b4c1-a8592404e2b3,Kampusch,Kampusch,9783548375076,3096 Tage,
d15ed0c5-b7b1-4c82-a7af-369cfe5adb06,Kandemir,Kandemir,9783522621670,himmelstochter,
f8f30050-65aa-4c51-9b62-d238300d823b,Kane,Kane,,wundervoller,
c952aaad-9133-431a-934e-81147a66f4fc,Kaner,Kaner,9783837036695,spinne,
2301d7eb-ac2b-4678-be60-0ec7e12782b2,Kaniuk,Kaniuk,,jude,
e21b6dd3-e807-4574-8378-ee70427d6aff,Kant,Kant,9783841202697,aufenthalt,
55ae8700-32bf-47b7-bab3-5fefb97033a2,Kaplan,Kaplan,9780812996807|9783896230393,Return of Marco Polo's World|aum,
142870c1-5727-4a5b-ac2a-4b8c4063f0a5,Karan,Karan,,socken,
aad5c681-c862-4e6a-a2d6-5c6bef39e7bb,Karantzakis,Karantzakis,,sorbas,
d1b7236c-c12f-46db-adef-68a2b7aa062e,Karko,Karko,9783426627310,namma,
ebba9c42-67c5-4d7c-9922-b05171bc54a6,Karlsson,Karlsson,,reise kaiser,
72b57de1-5ee0-4476-b098-e0d4829485bc,Karsch,Karsch,9783746620671,Feminismus für Eilige,
670e35c2-5820-404f-bb13-16a6fe16d3c5,Karthee,Karthee,,anfang,
bbeffebc-dc35-4e4f-b0a0-949550e4b03d,Kastel,Kastel,,wald,
d4c09724-5d9e-479a-8b31-0d1addee935a,Kastura,Kastura,,warten leben,
b8928084-276a-437f-aa2e-560aca79df48,Katmore,Katmore,9783959913805,teamwechsel,
b18e346f-92cd-42d9-9518-0ec93edcbd98,Katzenberger,Katzenberger,,schlau dumm,
3c19d9f7-7963-4bfd-a8f4-2abe5e18bef4,Kaufholz,Kaufholz,,todesangst,
59b93dd0-1c16-4df7-b7ac-23a698d0823e,Kavan,Kavan,,bist,
b6ad6646-b5a8-4c9c-bde6-99a53c4608b1,Kay,Kay,9780385302968,koenigin|phantom,
20c40400-b4e1-43f8-b684-f803f7c78c16,Kazan,Kazan,9782259010214,anatolien,
34540583-cc5f-472f-8786-170f5a4fb246,Jian,Jian,,koma,
9ab361e6-4096-42df-9145-595906ff4284,Jinks,Jinks,,narbonne,
1bf17e74-e5d9-4476-8311-0600fb2a04fb,Kazatzakis,Kazatzakis,,sorbas,
6f4f6c90-8e8f-41ea-ae06-11cfc237849d,Kailing,Kailing,,niemand sieht weinst|weinst|welt,
a46f5489-3b30-4099-999d-9466a559482a,Keady,Keady,,gottesdiener liebhaber,
3c011813-30f3-41cd-b454-0fc92d5feb0b,Kebraeb,Kebraeb,,freiheit,
a99e1e82-2311-472f-a75b-1f45f7d1ac47,Jakes,Jakes,,Der Himmel und die Hölle|Die Erben Kains|Liebe und Krieg,
6e01656c-e0b6-42bf-9634-1293200f87b6,Alanyali,Alanyali,,pampers,
28538a47-6977-4160-8ffe-c42747380606,Alia,Alia,,morgen anderer tag,
ef7a696f-6a83-4037-808c-afa0ddcd31b7,Angres,Angres,9783426272039,Futter fürs Volk. Was die Lebensmittelindustrie uns auftischt.,
318442b8-154e-4f8c-8064-8c84b4622c5c,Ankowitsch,Ankowitsch,,beckenbauer,
d982084d-868b-4dfd-860e-83b92eb2ebe1,Keene,Keene,,readers auswahlbuecher|tasamanga,
cbfe39ba-d7e6-4ae0-816e-814371cb885f,Kehlmann,Kehlmann,9783499268083,tyll|vermessung welt,
f7e6f402-bb0d-4187-8a94-5b0c619bbbac,Keil,Keil,9783453353169,bildweberin,
472e5609-1f4c-418d-8d62-6bd6bd28a35e,Kelder,Kelder,,fuenf tibeter,
ea359da3-523b-4206-8ddd-dd84ffebb492,Kelek,Kelek,9783442154364,Die verlorenen Söhne,
5d10fab1-8889-4a11-8aa0-66c8149b1f11,Kelen,Kelen,,lauschangriff,
03448ba4-5e15-44c0-8744-094349f2b57c,Keller,Keller,,frauen lanzarote,
391cc3dc-8d7c-44e7-bc2e-6f945d82a102,Kelman,Kelman,,pigeon,
818e1b22-3fe4-4b8a-a7dd-9b45849ce431,Kelterborn-Haemmerli,Kelterborn-Haemmerli,9783772505331,Jorga der Tapfere. Rumänische Volksmärchen.,
1cb70be6-4da5-48c6-9917-6ed46c0baf0c,Kempe,Kempe,9783596501038,wurzeln,
6ca504ce-3f6e-4ea8-8850-72f741470d82,Kemper,Kemper,9783518399323,Globalisierung im Alltag.,
0dede4a9-db87-4d97-bc4a-eb2ae02464b9,Kempowski,Kempowski,9783641013509,umsonst,
2bba83fc-9756-487c-b912-ad3fd0191cfc,Kennealy,Kennealy,,kupferkrone,
1c567934-9a70-4d85-8944-472e61a62d20,Kennedy,Kennedy,,Suche Nach Einer Neuen Welt {Originally Published in English as to Seek a Newer World},
7d819517-aebe-4c3d-aba5-71389936a5d0,Kent,Kent,9780399610042,Richard Bolitho – Midshipman,
3dbff212-e634-4000-8161-f0a7b5bbcf21,Kentow,Kentow,9783967996005,rohkost,
8ee0f85a-f3c1-4bf1-86db-ae2565253aaa,Kepler,Kepler,9783732560844,lazarus,
bc662724-9cd8-4f46-9735-bef35a949115,Keppler,Keppler,,luft,
248191a5-f1e9-4c77-8fd9-5e6e37c31d3d,Kerley,Kerley,,woelfen frass,
9ad59210-43d4-4cd9-a3bc-3cfb1619827e,Kerner,Kerner,,blaupause,
9a0cd822-4dc4-4486-86af-9db1d0c01a65,Kersten,Kersten,,jesus,
a23434a2-8927-477d-b3b0-118fb4595cb3,Kesey,Kesey,,kuckucksnest,
1dc825d3-8c30-49e7-9087-923fc5aac582,Kessler,Kessler,,websites,
e49f71aa-5248-4836-a698-fe2530aec00b,Kesten,Kesten,9783869064192,liebesgeschichten,
6507e39b-ddcb-4cab-b04a-cc0c99f6c73c,Ketchum,Ketchum,9783641141349,wahnsinn,
17affa47-2f08-49c8-9f45-35200dca912e,Khadra,Khadra,9783548610221,Die Schuld des Tages an die Nacht|sirenen bagdad,
cc409865-2b61-4476-a873-fa1fce16f149,Khalaf,Khalaf,,is,
9c3dfb5c-14ef-4830-a73e-bfe89f297492,Kharitidi,Kharitidi,,seele,
344592c5-7a47-4aef-b9d3-cf2f3f19e7eb,Khaschei,Khaschei,,ahoi,
9ad790f3-6269-4db3-8494-f9f13f45f606,Khashoggi,Khashoggi,,namen kinder,
99f75170-4fa4-491e-96f6-7db5e25eca11,Kerchache,Kerchache,,epochen  weltkunst,
0207a297-55d3-451f-98f2-39ffb892dac4,Joannides,Joannides,9783442164752,Wild Thing. Sex- Tips for Boys and Girls,
441857ea-053d-4598-9ee3-c895234313df,Keidtel,Keidtel,9783442542819|9783734402593,Das Leben geht weiter|domino|zivilcourage,
5bffa96c-f752-48a6-8c1b-503652a5b0ed,Keitetsi,Keitetsi,9783548364810,Sie nahmen mir die Mutter und gaben mir ein Gewehr|traenen,
246e4cc7-7b82-4de8-8906-e59b278570fb,Kellermann,Kellermann,,entzuendeten licht|lachen,
4b7d5471-c6ae-4475-9e2b-e2c102612698,Kiefer,Kiefer,,liebe,
df2d03c9-f497-4115-a54c-60d46287f77a,Kienzle,Kienzle,9783981251074,Abschied von 1001 Nacht,
098f61ec-641a-4e2a-923a-177a0dea3436,Kieser,Kieser,9783762804352,Als China erwachte,
b596ea86-dfbf-4115-ac35-adbf30349065,Kihn,Kihn,9780767927260,asshole,
f9118fb2-8189-402c-9286-aa07c0f0d3d6,Kindl,Kindl,,verloren labyrinth,
1dc15bb0-2dae-440a-beb4-285b69beb16f,Kinzel,Kinzel,9783453052154,modemacher,
18b88e88-e13e-453c-80d9-1ad4eb240043,Kippenhahn,Kippenhahn,9780465052622,Hundert Milliarden Sonnen,
34617527-e283-48f9-8ce8-87fa72710ce5,Kempf,Kempf,9783899155365,damaskus|gladiatorin|ursprung,
f26174a6-2500-4661-b1cd-8077010cc8ac,Kirche,Kirche,,leben,
d5fef69e-82ab-489f-94d8-9bf58a54b809,Kirchhof,Kirchhof,9783426274071,Das Gesetz der Hydra,
fa525361-4ff8-4c8d-a5a5-e290a896fb78,Kirchner,Kirchner,,spielregeln,
17d984ed-8ba3-4f97-b636-2b0c7819582d,Kirner,Kirner,9783505073076,LADAKH,
d4e06cd1-72b5-44c0-abe5-0a42f60ff4fa,Akutagawa,Akutagawa,9783736833418,rashomon,
bbc96ca3-e896-4505-b7ad-a6167e7a2b2c,Aris,Aris,,stranger greece,
b0104c93-2cb1-4590-bb57-62a64cf52278,Benesch,Benesch,9783570059135,Auf den Spuren grosser Kulturen|archaelogie einfuehrung,
1f9881f6-8e85-4319-8093-c59a4f6974d6,Bentz,Bentz,,tiergeschichten,
c77e422b-5857-4ffc-80bf-8e4a7c017554,Kiros,Kiros,,welt kueche,
ab2fbd34-31c3-427f-b0ee-e2c4e1ee2f79,Kirsch,Kirsch,,ultimative new body,
30de66eb-7042-4b59-8871-9738c76171d5,Kissineger,Kissineger,,memoiren 3,
37a16b59-4828-4c83-83ea-af9a6048a6cc,Kissinger,Kissinger,,memoiren 3,
fb07079d-616e-4a10-82c1-bca9d4953d61,Kitzinger,Kitzinger,,schwangerschaft geburt,
452c0248-32b7-44a5-8ebb-2eea8c4ba980,Kleinfield,Kleinfield,9783404611751,amerikanischer traum,
4ffb613d-6230-4d4a-b75f-35b4b7bcdab1,Klemm,Klemm,9783854209638,Aberland,
3afb9e24-bd0a-49a8-9974-a5eee2e8830b,Klemmer,Klemmer,,2022,
ed022d81-3feb-4b73-ad55-3ac7c73eb9d1,Klemperer,Klemperer,,moechte weinen lachen,
3ab5ce90-1e1f-4fc5-b3d6-8de8a975e69d,Klessmann,Klessmann,,staatsgruendung,
443a864e-caa5-45a9-bf4f-0c2b73404dcc,Klewe,Klewe,,weissen,
dbded998-476b-4ab2-b99d-9cd85e8e9b38,Klingele,Klingele,,kamele,
28710dea-dcfa-4b37-b122-57f7a142014f,Klinkmueller,Klinkmueller,,Thailand,
3411e7aa-4c10-4bd4-9e8b-43424d5fc25d,Kloss,Kloss,,geheimnisse,
7f1ddc43-c017-4981-ab4f-36f715004409,Kluge,Kluge,,gefuehle,
59f10181-0e1f-478c-b117-c8927de5b71c,Klupp,Klupp,,faelschte,
d8d6072b-c7af-46c9-b46f-48ffdde556ee,Klussmann,Klussmann,,rendite,
40875abd-7fc1-4cea-8bd5-cd938e2d1d90,Kluun,Kluun,9783596169115,Mitten ins Gesicht,
a4dc383b-10b4-4b9c-987e-1e99dc9426fc,Knaak,Knaak,,karpatenbaer,
f5019110-52ba-4b3f-9dd5-32a50873c981,Knaur,Knaur,,lesefestival,
c7b5e9ca-9318-4160-856c-e6f4fba6e105,Knaurs,Knaurs,,leseleckerbissen,
0b0e1528-89e1-4e8a-8517-0fa1d88da76e,Knauss,Knauss,,family fish,
6d17ae07-3dfb-4a72-bf9d-735e7629e548,Knebel,Knebel,9783902669728,feuertaufe,
61c5d3e2-f31b-4602-b685-1816b9a3f76c,Knecht,Knecht,9783946658184,natron handbuch|vollstaendige liste vergessen,
96b2eb00-3dbf-46aa-a6af-6b0ee639a07a,Kneipp,Kneipp,,wasserkur,
d614032b-d55c-4d36-81b7-0d9d328d4d62,Knights,Knights,,segeln,
4ffd3481-d014-4191-a9eb-afbb64cc24e7,Johnsgaard,Johnsgaard,9783492039024,schwarzer,
556d9ba4-409d-45da-8636-18f94b6927b6,Jonas,Jonas,9783492275002,Gebrauchsanweisung für Bayern|schwarzer,
a6c9673d-8ece-43d4-8d62-b2750b3afb64,Jong,Jong,9783596220809,Angst vorm Fliegen,
97b530a4-8382-4cfb-8c71-a2d2a34cb631,Knoerzer,Knoerzer,,golf reisen,
bc1f35c6-604b-4148-8fda-7b0ccf10c84f,Knowles,Knowles,9780951941379,White Water South Alps|china,
183a0aad-363b-48c0-9bd8-e5516eb78c53,Kobayashi,Kobayashi,,weg t'ai chi,
97200c0c-41cc-489c-9772-b9e160fa8fdf,Koehler,Koehler,,arbeit|marokko|wueste bluehen,
1e2881dd-a87b-4099-9d8a-23260253958c,Koelbl,Koelbl,,kraeuterfibel,
78db1913-4b60-469d-9677-40bbbf3ac284,Koenig,Koenig,,chefarzt|chefarzt true,
9205b19a-f6bf-4066-bb49-4fc6c8d270af,Koeppel,Koeppel,9782737353673,carcassonne,
8b3d4405-903b-473b-be5e-0ca0cf3a2e3d,Koeppen-Weber,Koeppen-Weber,9783446280977,mensch,
be0109b3-c62b-40c1-ad40-a4626251124d,Koerner,Koerner,,george,
5e2b69de-d662-4a24-b041-e71f79c8a73c,Koester-Loesche,Koester-Loesche,9783426555088|9783960480365,hakima|pestheilerin,
2d7206fb-3857-4929-96e3-9225ed18efc7,Laar,Laar,,rongon,
40dba5bd-858f-479c-ae4a-1063f5b573e7,Ahrnstedt,Ahrnstedt,9783736307629,unbeugsame|unbeugsame braut,
4bf8ecfc-40a6-4e42-b242-9155fdfdce6a,Kohlbauer,Kohlbauer,,groenland,
e2acf6d0-6fec-4aad-9a4e-77915fc95b63,Kohout,Kohout,,begraben,
7c3b6920-c931-4650-84c5-593d5a2d0d90,Koller,Koller,9783903092785,konzern,
49578576-5bce-4b52-8b2b-ebb03c391c73,Kolon,Kolon,,kalahari,
c7ad4051-e882-46e1-9235-f8d616384344,Kolpaktchy,Kolpaktchy,9783502653615,aegyptisches totenbuch,
7d0d4173-70af-4b91-af21-b81ee4bd3fc6,Kondo,Kondo,9780091955106,"The Life-Changing Magic of Tidying: A simple, effective way to banish clutter forever",
bca38b2f-0359-4cb8-9fec-9c76d83230d9,Konnikova,Konnikova,,kunst logischen,
a7f3520a-d2c2-4e2c-bdd4-63280e926ff0,Koontz,Koontz,,brandzeichen|geblendete|zweite,
182594a8-0160-4e5c-8e8f-527d1cde448c,Kopacka,Kopacka,9783548237459,Der Wald,
bcf387e5-eeab-4580-b214-0c92d08f33ab,Kopatz,Kopatz,,oekoroutine,
3dba578a-5a36-4972-b297-a6c83ccfe302,Korber,Korber,,karawanen koenigin,
ad40293f-80ae-4850-912a-b98c0384aeb3,Korff,Korff,,brahms,
7b843583-4630-40cd-8234-d6e7818f1266,Korkmaz,Korkmaz,,schrie leben,
ac78865f-82a3-4991-9374-fda8cb6bfbdc,Korn,Korn,,toechter|zeiten aufbruchs,
fa573c41-7661-498d-8522-f61bcfdecaa1,Korte,Korte,,maurin,
059ae4a7-8ad9-4864-9fdb-c0d41a072888,Koschina,Koschina,,brennende,
a9bb4868-0ec5-4d5c-9a0a-bb9004f1fb81,Kosmos,Kosmos,,schatzsuche,
91ffcc8c-059a-4c36-9409-0d280f1d0991,Kostolany,Kostolany,,boersenseminar,
9bf94170-a557-4c7b-ac4e-ad7716c590d2,Kostova,Kostova,,historiker,
3c230d5c-c670-41bd-81fc-fc7b92cd71ff,Kothmann,Kothmann,,vietnam,
0a5d2ee8-fedf-4ee4-ac79-8b75ed0fa7a5,Koury,Koury,,templer,
8c694baf-91ab-4312-b5b5-1ed77b8208c1,Kovic,Kovic,,geboren,
f50afef1-233c-4bc2-a73e-bc6499a2d1d3,Kowalsky,Kowalsky,9783442158041,Als Schisser um die Welt,
08250c47-eac3-4744-b9ed-c291decfefaf,Kpomassie,Kpomassie,,afrikaner groenland,
88202ad5-c2ba-44e6-89ff-b767f97cee4a,Kracht,Kracht,9783596512928,Imperium,
591c4849-1cf9-4954-8601-49a57b02a68e,Kraemer,Kraemer,,angstgetrieben|islam|koennen sogar besser,
8ee9d189-9222-408f-8fa6-02d5d5484147,Krajewski,Krajewski,,breslau,
312d3dbe-26f7-4c1e-814e-3042d3e274d9,Kralik,Kralik,,Richard Strauss,
0c32d587-aa60-4d4b-aa48-1fe489e37807,Krames,Krames,,welch kompakt,
b69e1613-7840-4b2e-82c7-6468865986d6,Jonsson,Jonsson,,wickie,
3c8c0bb6-146b-401a-a556-a5444f315832,Kranz,Kranz,,eishai|griechische philosophie,
5931f1e7-19b3-4613-b60e-a1139a7f8deb,Krappweis,Krappweis,,unter deppen,
e7d86c1c-ec6b-4019-82b7-eae992e098ef,Krasilnikoff,Krasilnikoff,,geierkrieger,
434dd47a-1360-43bc-a4c4-247b02691706,Krasnow,Krasnow,,zarenmoerder,
04efd5a8-10d6-4709-96f5-863cbd3c272e,Krastev,Krastev,,licht erlosch,
29d1b300-dd50-40d0-8483-11135a096b41,Kratzer,Kratzer,,ware,
426e38b5-c5a2-4028-87af-3ecc341faa13,Kraus,Kraus,,flammensiegel|zitrone,
615946b2-0eba-4df1-ace0-b62f63050614,Krause,Krause,,fuehrungskraefte,
07a22966-29d1-4969-ae76-c73bb7f6a1ac,Krauss,Krauss,,geschichte liebe|geschichten segler gustaf,
0c76a98b-f399-4c35-bae6-23b1c0bd82ec,Krechel,Krechel,,stark,
c92eb767-e50d-4753-8c3e-1ddf7922fe27,Krei√Ül,Krei√Ül,,aegypten,
7bb84c6c-8334-4e35-9edf-43a1195a47b4,Kreissl,Kreissl,,aegypten,
c544de46-7684-4454-9cb3-56819bbc7eb4,Kremer-Schillings,Kremer-Schillings,,sauerei,
cf8da163-3b6e-4136-b260-b8f876b376f9,Kreps,Kreps,,maerchenprinzen,
ce6cc16e-9b40-4dde-b5fe-85f6aff25b68,Kreutzkamp,Kreutzkamp,,husky|traumzeit,
3a7e7879-612b-4403-998a-204fd19373ba,Kreye,Kreye,9783462401554,Aufstand der Gettos,
f7414880-ced9-4f24-af17-5f34b3299773,Kreyszig,Kreyszig,,statistische,
ce4b8455-0da3-4e5c-a207-641626f18046,Krieger,Krieger,,"Geliebt, Gejagt und Unvergessen",
7a01d116-79f4-4b36-84a3-d931e92f53fd,Kristof,Kristof,9783492300421,Das große Heft,
ad76125e-06e9-4af1-8991-b167ebb5c314,Krock,Krock,,venuspakt,
80d8d727-56ce-4c6c-8637-ac4bebecb049,Kroeger,Kroeger,,vergessene,
b6a7aac7-6691-46c7-a103-276af778cdab,Kroehn,Kroehn,,chronistin|distel|regentin,
9c8aff1e-ac3d-4e63-9d1f-1980c8e226b0,Kroker,Kroker,,ostfriesland,
2511240e-f59b-4a17-b40d-f62ea42fe43a,Krollpfeiffer,Krollpfeiffer,,aelter,
47a0c59f-65b2-4975-83ba-a80e0e9c9ccf,Kronzucker,Kronzucker,,amerika,
00248504-d696-4772-89c9-dabd2a7b3e7f,Ausenda,Ausenda,9788889060148,Green volunteers,
a3508251-58ab-46f9-91b8-83001e81a34b,Bartsch,Bartsch,,betriebswirtschaftslehre|suse,
bd04682f-3a51-4146-b9de-ff12c384bd0a,Bartschat,Bartschat,,nacht kalifen,
952763fc-1065-4079-bc33-44172c3172a9,Behlert,Behlert,,suse linux,
70484442-567f-4e80-843d-670c1bf62725,Joris,Joris,,dingsda dingenskirchen|leoparden,
a03b8ee5-6b71-4dcb-9b8c-85eb956cd6f0,Kruecker,Kruecker,,china,
2dd9bd16-7368-4363-88df-5d3006d55dc1,Kruess,Kruess,,thaler|urgrossvater,
9ef5c0df-34fc-49bb-bfde-c3b3e1421625,Krumeich,Krumeich,,verdun,
7d7b36fc-f6e8-4f1f-a0bb-a49b78224b08,Krump,Krump,9783895813559,Tagebuch einer Hospitantin,
9b9d7fbb-39fb-419c-b9bd-22f1734f1810,Kubelka,Kubelka,9783426260296,Endlich über vierzig|vierzig spass,
c5e133b9-f5f9-44b6-a5b4-62b06c2d8967,Kubitschek,Kubitschek,,liebe,
c8a8e836-a6f3-40f9-8632-fba156f41f54,Kuckero,Kuckero,,paulas new-york-buch,
227a4059-763e-4e93-83a5-acfae15cc7e0,Kuebler-Ross,Kuebler-Ross,,sterbenden,
a95802c9-848d-4251-a9ca-08ee6ed9227b,Kuechler,Kuechler,,china,
2ad0dd37-3b57-4991-b95c-977a14da8907,Kuehl,Kuehl,,wollt 4,
b5f42298-d856-4bc6-8830-69c32dea0dfd,Kuehn,Kuehn,,schulversagen,
dbdfde4f-49d7-4c06-8990-4228235deae1,Kuendig,Kuendig,,tuerkei,
310f0919-b887-42d3-b3e0-c7398c3c89bb,Kuenzl,Kuenzl,,medica aerztin,
be1dca80-1bc3-467e-be17-23c542997fc7,Kuepper,Kuepper,,tausend,
2e9c7861-b94e-4431-b0c3-1c34b7c5b28c,Kulle,Kulle,,,
1b7785a8-706e-446c-a335-4286c1ffa597,Kullmann,Kullmann,,ally,
04af6495-770f-4fe4-a7c1-7709cfde2892,Kuntze,Kuntze,,osten rot,
18679bb5-e4cf-4c37-8200-a0aaba67d4df,Kunze,Kunze,,feuer,
cf9e0380-e2f7-4377-8b72-8d23fec296dc,Kuprin,Kuprin,,olessja,
e9fa0edd-31e9-4337-a2dc-62b0124b85ae,Kurbjuweit,Kurbjuweit,,kriegsbraut,
b33cdeb7-8c23-44ae-b942-a7df1c1a9d3f,Joop,Joop,9781780234625,dress code,
2246abdb-c5e0-4e6d-993b-93384bd7c268,Jorek,Jorek,,naturgarten,
743184b2-4f4d-4397-bce9-fb240f27855b,Josephs,Josephs,,zeitmanager,
8a02eefb-e6b4-4695-9c53-bbbe7efc29df,Baxter,Baxter,,web,
516c724a-4d9f-4c72-8b64-46d0bcd90e25,Benayoun,Benayoun,,keaton,
1689ffa0-065e-47cf-9bef-669bbb18e5b3,Akers,Akers,9783453304024,Die Menschenja ger von Antares,
fbb2d6c5-d343-4f28-9759-4e1d31f61d67,Almeida,Almeida,9783596138470,Das Testament des Herrn Napumoceno,
31d5b1f3-6435-412e-a1bf-fc187013f760,Kurson,Kurson,,sog tiefe,
d06767b9-3759-43ee-881d-875ca84d6ba1,Kuzneski,Kuzneski,,arcanum,
98b6c735-d7bf-4f54-a54c-24d669042d45,Kwan,Kwan,,asians,
d70b9006-6125-48e7-8f71-6d39f047a4a7,Karsten,Karsten,9783943824988|9783957511256,1074|farbe blau|teufelszahl,
3d28f883-2a05-44ff-9889-a2b5d1be8103,Lacey,Lacey,,girlfriend experiment,
f2323d8d-0d97-47d4-8cfa-d7933ccb52f0,Lacrosse,Lacrosse,,weingut,
0fe656ed-0a44-4b03-9731-2f5fd839463d,Laffeaty,Laffeaty,,land|weites verbotenes land,
b231f605-608b-4e1a-b06d-c21cbfa7a080,Laffin,Laffin,,islam fanatismus,
75ab6f52-e3b1-48ca-a1af-02fcccc7f198,Lafon,Lafon,,kommunistin,
3cbe94f2-aaff-465b-bbba-723c75545dd4,Lagerloef,Lagerloef,,wunderbare,
2afee7da-778e-4d75-ae80-3f59dbd33855,Lahm,Lahm,,feine,
0f37aef6-4f99-4200-9dad-a49e415ec45d,Lahnstein,Lahnstein,,spuren,
fdf2a588-37cb-4110-b5ec-8feae32bc2aa,Lama,Lama,9783451282539,Der Weg zum Glück: Sinn im Leben finden|glueck,
e41d1d64-be08-4970-b5d9-899d2f887af4,Aaker,Aaker,9781439188385,managing brand,
ea49b992-ac3c-4cb3-aea2-af06a1b26959,Alef,Alef,,biester,
34250d1c-5e4a-431c-b9c1-f5107cac8f01,Allianz,Allianz,,naturparks,
9afc73d0-fe1b-42d2-ac30-cb8ac7323df7,Lamb,Lamb,,frueh|musik,
ff1e3216-1f18-41ee-be9f-982e2be64b3f,Lambkin,Lambkin,,dunkle,
71693e7f-4868-48b8-af1d-d3dcffb988f1,Lanchester,Lanchester,9783453410992,Kapital,
03785fee-5a11-4820-9fc7-fa378bdb22e4,Landorff,Landorff,9783502110668,Der Regler,
867ffac0-f66f-4890-abec-cd827eb09593,Laner,Laner,,Sagenhafte Bergwelt,
46f128a2-094c-4b09-ad51-729cb42708f6,Lang,Lang,,aquarellsommer|intelligenzquotient|wilden wassern mooren,
02b0152b-7861-4a1b-9392-d5131b76be19,Langa,Langa,,tenderness,
c75de96c-f7ef-4d13-9d91-9bff94051578,Langbein,Langbein,9783462015645,Bittere Pillen,
2a509823-c625-41a5-8532-bc76f3add732,Lange,Lange,,erotic food|halbe helden|piaf,henning v. lange [tmp_authors_csv(nur Nachname gleich)] | henning v. Lange [tmp_authors_csv(nur Nachname gleich)]
38cd5bf2-72d7-41d4-ad00-02867226f6c7,Langholf,Langholf,,lebensbilder,
7013c66d-499e-4158-bf04-e144921790a3,Lanier,Lanier,,gehoert zukunft,
246a2b79-36d5-40d1-a8cf-d821ab46b2cf,Lansburgh,Lansburgh,,wiedersehen,
cbcab1c3-8cba-4598-9860-2efaf7b0a22e,Lapierre,Lapierre,9783442089291,Stadt der Freude,
69a45071-dcf0-4e28-9eb6-37930c53c981,Laqueur,Laqueur,,westen,
8c016830-4e44-41c6-949b-60ae756eb1da,Lange-Mueller,Lange-Mu.,,drehtuer,
ef59c3a8-1725-4930-965d-a4b94ee631c1,Amos,Amos,,knaurs strom,
28ecb19e-a505-4c33-85a8-8859dcf38abf,Apitz,Apitz,9783746614205,Nackt unter Wölfen,
30e029b8-90b9-47dd-bae9-cd0cff9ee82a,Benedict,Benedict,9781569479674,Sand queen|papaya,
717f4c58-e04c-442b-8776-49ae3884afd5,Aubert,Aubert,9783426634172,cantus,
f88d5abf-eebd-46e3-9363-789925d34f0b,Kerenyi,Kerenyi,,mythologie,
7b7c247b-d398-4811-ab9f-e4af29f01a85,Keret,Keret,,klopft tuer,
aa925d3b-6091-47c5-a631-716d5f15b32b,Kloenne,Kloenne,,eis,
533bf465-dd30-478e-aaa0-0c8c7daa2550,Kloetzig,Kloetzig,,isst,
f01ebaaa-fc9d-469e-85a9-c3fc83b89cad,Kourilsky,Kourilsky,,genetik gentechnik genmanipulation,
f9440543-70de-4252-8e7b-1a6d653f1aaa,Kugel,Kugel,,now,
020eaece-cac9-42bd-a6c9-34dfd73cbb4f,Kuh,Kuh,,koreanische,
3d8be650-1539-44aa-ae7b-f56186a35f51,Koontz,Koontz,,kind regeln,
b28bb07a-5ba1-44f2-b96d-ea5207e89c69,Larsen,Larsen,,untergang,
bbc69802-80cb-4124-8ca6-fffe777a2b24,Lay,Lay,,manipulation,
bab37de7-00d8-4bcb-953f-65172c13f463,Laschun,Laschun,,belagerung,
a6adcbf8-2968-4f7c-912b-b59c175caa77,Lasky,Lasky,,jenseits wasserscheide,
2c51129f-9f71-4a2b-849d-1ee9d7cf6d3e,Lassahn,Lassahn,,tropen,
fb23eff0-a31f-4243-a6ce-916b075e8e62,Latifa,Latifa,,verbotene,
4ce93161-f0f2-4cd3-accb-e8af74fcecf6,Laturner,Laturner,,haie begleiter,
59df7806-e1e0-42db-98f1-301f86ac0739,Lauber,Lauber,,matterhorns,
4b78f020-dcec-4641-b281-170a99ba7704,Laudan,Laudan,9783802523489,"Dr. Quinn - Arztin aus Leidenschaft, Sprache des Herzens|blaue leuchten",
2c3dd4e2-1773-43ab-9c34-5b90bd72f494,Laudert,Laudert,9783405166403,Mythos Baum,
60c100e7-d0fe-4771-91c8-d3d97a44a309,Laureen,Laureen,,tauranga,
9c388485-6112-48ec-b852-fc5d49d76a9b,Laurin,Laurin,,kathedrale,
35e4e094-f9a2-4aa8-bc5f-be3829031e3e,Lausch,Lausch,,planet,
82a92bc9-33ec-4a9a-bbed-d1a11a345be7,Lauterbach,Lauterbach,9783426273838,Nichts ausgelassen,
509ddc99-692f-4e31-8d2a-b4e8a4b8a2e0,Laxness,Laxness,,seelsorge,
216d621e-a78f-4df6-9d33-24a4ba0f72bb,Lechner,Lechner,,odysseus,
4a55b8b6-8c8c-4aaf-b111-0185a4247aa8,Lehmann,Lehmann,9783746615424,Truhen Des Arcimboldo|arcimboldo,
41d2c28b-38c5-4dde-a6ab-cca502fd339a,Lehnhoff,Lehnhoff,,karibikfieber|quecksilber,
b7afe799-f9ed-4428-8aef-be3bd3a2dd89,Lehtolainen,Lehtolainen,,schwarzen see,
b937f3ee-4477-4f9f-acb3-90737e8157c8,Leiber,Leiber,9783518424148,Das letzte Land,
04cedb98-4db7-4180-b133-005e9ec716a7,Leibold,Leibold,,gift,
10e05ddc-aa05-4d13-9da4-a4be57e6f34e,Leiker,Leiker,,kundschafter attila,
b21eaa3e-dc54-4ce6-865c-f1a680eea89f,Leimbach,Leimbach,,goetter lieben,
9fdd9d20-a6c0-42c6-a1e7-33222912dda1,Leininger,Leininger,,soul survivor,
0ed4e0d8-99c6-49f2-9032-b37798546499,Leip,Leip,,bordbuch|große,
3ee253af-4e24-4db1-8b20-f60f4caf205d,Lemaitre,Lemaitre,,sehen dort oben,
e84ec3d1-1470-4f2c-91b1-a796e6ab941f,Lemanczyk,Lemanczyk,,verlorene,
caba73ff-10ad-4467-a3c3-811c3ab5dd5c,Lenhart,Lenhart,9783924661014,Eine Brücke nach Uganda,
f2293f33-f812-416a-b7f6-c22d8ee21e0f,Lenne,Lenne,9783570053652,Zurück zum gesunden Schlaf,
68023339-8c72-4720-b7e2-7d79c3c0b1cc,Lentz,Lentz,,wolken,
1a36bc6d-2dd5-4732-bf30-43928af5a1bb,Lenzen,Lenzen,,verhueten,
03e2bb4d-974c-4cee-8b10-04a2d5d22ded,Albrecht,Albrecht,9783426275948,Patient meines Lebens,
3e4243b1-e48f-476e-80b2-72835ecf0333,Alves,Alves,9783518020319,Versuch einer Vermeidung,
2b38de61-f4e5-433c-844d-bd0a75ba96f3,Arnau,Arnau,,menschen|verbrannte,
6cd2005a-e660-4fc9-8093-cbc8f2d2646a,Aslam,Aslam,9783498000776,Das Haus der fünf Sinne,
37fd9535-0dc4-4f8d-b9d6-0eaa13c55f66,Baitar,Baitar,,unter dach,
967afa7f-ea72-497b-b95d-05834f0343f9,Lequenne,Lequenne,,columbus,
ab35b9fe-72c4-41ae-bec1-8f9b0be81b8d,Leroux,Leroux,,phantom,
009fc668-f60a-4d5f-94c9-f6ddb55a8843,Lesch,Lesch,,menschheit,
2814badc-08fe-452f-927e-d4d56be538ed,Leslie,Leslie,,dallas schicksalhaft,
75b180f2-ac66-4a2a-8a73-82ed7cceea23,Lette,Lette,,bonga,
231205c6-5121-49a7-aa9a-925939c73dff,Levi,Levi,,eboli,
05962d2e-f7b5-484a-b9d8-cbd07534e0f9,Levin,Levin,,boys|sliver,
8d34574f-e672-481d-85bb-1a9f29fe932d,Levitin,Levitin,,wahl,
a5f99027-c1de-40c3-8032-ac16862d4e35,Lindsey,Lindsey,9783442429790,Dunkles Leuchten,
9a6c9e35-e954-4ecc-aaed-aa3164a68842,Lindstein,Lindstein,9783734107856,Die Sekte - Dein Albtraum nimmt kein Ende,
5678236b-9302-4a5c-8bda-377586e5ee99,Lingen,Lingen,,getraenke,
9a7b54d2-84ec-4d61-afde-8767d3c1eeda,Linke,Linke,,weiberwirtschaft,
a20fcdab-9209-4436-b055-92ec0bdb6274,Linker,Linker,,doppelpoker|heldenprojekt,
5ec0dd91-677d-441f-901c-a68f9f637e55,Linthout,Linthout,,antje mustermann,
82b5613d-ce77-45ec-a3c7-eaaeda5d5c4b,Liosa,Liosa,,anden,
f992a779-1ee8-4790-854f-279234180382,Lipps,Lipps,,azoren|madeira,
1403a6f5-93a8-4288-85b7-85a1bca2124b,Liss,Liss,,kaffeehaendler,
c23c1a96-23c1-4b97-9716-754296b26b48,Lissner,Lissner,,abendland,
7a56fda7-6bca-4777-ab2d-99294ff2cbf3,List,List,,150 buchhaendlerischer tradition,
6e941d04-a441-494d-80b9-1bddf597ab50,Littell,Littell,,stalin,
dbdeefb8-b933-4222-8e0b-dc59b14b782c,Liu,Liu,9783641174583|9783641174590,dunkle wald|jenseits zeit,
f90ebc51-3dd9-4931-b4ff-4747da1d461b,Lively,Lively,,spiderweb,
7d8c53c4-a78f-4621-89f4-5e1dbe870e89,Lloyd,Lloyd,9783453180765,Come Again.|china erfahren,
d2fa7595-6e32-40e9-bd8b-addfbf0845ab,Lo,Lo,9783453043930,Das Wok Kochbuch,
b4b26f1a-d573-4081-a422-e1d1cda3d498,Leonhardt,Leonhardt,,noni,
1e8f9545-b4e7-4cb8-966b-24257ce289ee,Lode,Lode,,gesandte papstes|traumwanderer,
bc47c18d-971c-46f7-9621-16fd03433999,Lodemann,Lodemann,9783522137706,Der Jahrtausendflug: Reisebericht vom Mars,
7e3faf55-20be-4dab-9de2-4e22ccb63564,Lodge,Lodge,9783453165182,Therapie,
dcfd0cb8-7681-4f08-ab53-78aa0ed2fdde,Loeff-Basenau,Loeff-Basenau,,pioniere enkel,
a924b70d-9e97-4f08-87aa-1ea3ed92971c,Loehndorff,Loehndorff,,manila,
f30aabfe-6df8-47bf-af56-bd9affdbd5ab,Loehnig,Loehnig,,unselig,
fe3e1170-9503-4993-9f07-18f5e2943044,Loehr,Loehr,,schachautomat,
7f81d452-6da4-4a23-ad2d-dc086c9817bb,Loens,Loens,,gruenes,
3c2832c1-3612-46ee-89dd-6a76e4be43ef,Loewenberg,Loewenberg,,nirgendwo|strasse nirgendwo,
6875015e-492b-48e8-bee1-d4011f1a4c67,Lofting,Lofting,,dolittle,
bcfffdd3-7ce2-477e-bdfa-c6cb8596acba,Loh,Loh,,silvia,
73a655f5-b448-46c0-9dc1-5e02d90cc75f,Lohmann,Lohmann,,luegen,
1a799c3d-d8f9-4105-b0d6-203bcb578f36,Loren,Loren,,iss,
0fd7c8be-a84f-45bd-a74c-188e6454aaec,Lorne,Lorne,,loewen,
aaee4d76-2fae-45cc-90a2-cf9d3c1c61e1,Lothrop,Lothrop,,stillbuch,
4dd03952-891f-4f66-b895-7698f841df23,Lott,Lott,,freund,
6b77b93c-2979-44ba-b1e7-7f9add7f474a,Lourie,Lourie,,wissarionowitsch,
ddb519f7-56cf-4a25-9258-86895582663f,Lovric,Lovric,,venedig,
be6a180a-1b58-4ef0-9d37-ca3f05f9d044,Luetzkendorf,Luetzkendorf,,amerikanerin,
bb558e4a-6563-464f-8b46-bb4ce59f687b,Lucado,Lucado,,schoen,
44bde151-5003-4305-b35a-22deb7aabcef,Lucarelli,Lucarelli,,kampfhund,
46655d45-0f0c-41e5-8d2b-e727b30c3d41,Lucentini,Lucentini,,wohnsitz,
dce663b4-6963-4c0e-ae6b-1a988e22aecd,Luchina,Luchina,,drachen,
d06079a4-b6c5-4170-bbad-9d1df5e32240,Luck,Luck,,isarbulle,
ed21bc6e-19df-40c2-9c86-0653cc389a17,Ludwig,Ludwig,,kleopatra|moderne laenderlexikon|rennsteig,
8f4da422-4ddf-4654-bace-0b7dbdf1afb4,Luebbert,Luebbert,,uganda,
e1757e34-6a40-46c1-8382-f24f78edc5d0,Luetz,Luetz,,irre,
17270fa3-b48e-4bae-8973-22ad2c146eab,Luhn,Luhn,,angst mut freunde,
02f02b6b-7d13-40cf-a8d4-822e73faa7c1,Lukas,Lukas,,hoelle zurueck|orakel stambul,
2976d385-4eaa-47e4-a8d2-ebed34fc3040,Luks,Luks,,gewinnt,
552abd86-ebb0-466c-9e70-0893cc269888,Lundgren,Lundgren,,tiger,
9b876a3c-3bc2-4b02-b245-f6872c082dee,Lundholm,Lundholm,,morgengrauen,
985a7e79-d074-4b98-af33-0e5c1c8bf310,Lurker,Lurker,,symbolik,
db889b98-b4ac-4ee9-bdf3-abe8d66fe1c9,Lutschak,Lutschak,,vogelwelt,
5f77e0c3-1a47-490d-8b0b-dbe6d317fe3a,Lutterjohann,Lutterjohann,,malaysia,
be665ea1-022a-4a62-a967-a6f5bcdb9b79,Levy,Levy,9783426196144|9783426637760,Sieben Tage für die Ewigkeit|Wo bist du?,
e839d68b-28a4-4e38-b1fd-bd4b656a3cb6,Lewerenz,Lewerenz,,crew,
c179b37f-8eaf-4c8a-ad15-bcd933919a0c,Lewin,Lewin,,federico|loewinnen|samoa,
c200d810-8a0b-4cdb-8afa-c561116101a9,Lewington,Lewington,,alte  baeume,
090f0175-7b42-4afc-9ba6-9f85e0c3cac5,Lux,Lux,,rhodos,
e5ff3c6f-6dd7-473e-9ef5-035240c7acb7,Antier,Antier,,flucht welt,
c45e4312-58f5-43e0-966c-bbc83f778a4d,Aurel,Aurel,,grimaldi,
5db5245b-c607-456c-add2-4b4a0e34e945,Ayliffe,Ayliffe,9780756625016,Istanbul,
88192d18-cb81-4b18-b892-b4c4cb0ac5cc,Baillie,Baillie,,muenze china,
b6bf01bf-1811-4d61-b829-c8016a35b42a,Benzoni,Benzoni,,napoleone siegerin herzens,
564107f7-57f7-4347-9fdc-993b490dfd0c,Bernstein,Bernstein,,guru,
e1c767a0-b435-4e1f-a559-9cdb0ce8b13d,Blunt,Blunt,9783426196625,Blutiges Eis,
e527bf24-11b6-41b1-b70e-ee414eee4b4c,Lynch,Lynch,,omega,
b21adc9c-659d-4242-b2e6-546450c73b0e,Lynn,Lynn,,frau  norden,
3bbe94a7-e47b-4026-909a-057b469dd472,Maalouf,Maalouf,,skarabaeus,
3bbbbf04-f39b-454b-aee3-e72d5417e857,Mabanckou,Mabanckou,9783935890687,Black Bazar,
2e401b43-e573-436c-a742-9253ec4559a9,Maberry,Maberry,,lost land,
c2f2e8f6-fd15-4e05-a636-111fbcd4e6ef,Macdonald,Macdonald,,taiwan,
40cd5445-b679-4599-b171-3addc395f2c0,Machiacelli,Machiacelli,,fuerst,
379807fc-96e9-4ef5-9697-64d2f68969ea,Macinnes,Macinnes,,wien,
04588303-0bbf-4b17-8487-af832a43a167,Mackay,Mackay,,neuguinea|neuguinea wildnisse,
f85bd75b-c9e5-464e-a6b7-b616404f57cd,Mackinnon,Mackinnon,9780809420209,Borneo (World's Wild Places Series),
2e8c9344-c62b-4d2d-ab59-2a3a9800ee4e,Mackler,Mackler,,veganerin siebzehn jungfrau,
d1518211-7e6a-4a54-9e35-0133896e6317,Mackrell,Mackrell,,unvollendete palazzo venedig,
2e618fd1-3790-44d1-bc33-9a346b7181db,Maclaine,Maclaine,,tanze solange kannst,
15c98119-53ce-45a5-996d-dc226e367770,Madder,Madder,,bild,
e1015f2d-4c23-44c9-bfbd-6e11d03c1ccc,Maddox,Maddox,,maggie lady,
4e88e479-f66d-4e44-9c46-68ea1d91eaa3,Maeder,Maeder,,alpen,
911c4d7a-63e8-4afe-8459-6b8c16ad58c5,Maerker,Maerker,,gesicht,
a5442582-8b03-42d1-8e25-0511122029c4,Maerov,Maerov,,copykill,
f5d7b354-17d7-491f-9815-82bba6ca5f40,Maerz,Maerz,,lockdown,
56750554-5e03-49fc-be1d-62c429f6bfae,Maffay,Maffay,,ton,
8b0ba61f-5207-49f2-96b9-3a0d14527e7c,Magerer,Magerer,9783763370375,"Bergauf, bergab. Erzählungen mit Hintergedanken",
06200562-752b-4248-8e35-8ffe08010486,Mahapatri,Mahapatri,,thailand,
392c3e3d-b43d-4f20-b95e-d328c6e84c87,Mahlke,Mahlke,9783827011305,Rechnung offen,
a15877cb-b2d9-4e94-a943-61016a2267d9,Mairock,Mairock,,wand,
f409e316-4ee0-4e8c-ad60-aa826a4d95f2,Maiwald,Maiwald,,knochenraub san marco|knochenraub true|spion,
df05db86-84a1-4427-9b09-89a2dc6ed630,Maix,Maix,,berge ewiges,
006420c3-58e0-4dc9-9e36-844683166216,Major,Major,9780373483563,Secret child,
541f8096-0552-4c9e-b6b4-467ed49de455,Juenemann,Juenemann,9783406562792,management,
25467f94-900e-434d-ab2a-b1d4ac1b403a,Malee,Malee,,tigerkralle,
bc98321e-b263-4c18-b5e8-c3ecd2d6c561,Malik,Malik,,fuehren|fuenfundzwanzig,
d2d0fd38-516e-45e2-acf9-877f7e9b577d,Mallery,Mallery,,inselschwestern,
d5ff4c0c-067f-4e3d-a3a3-00baff29f47d,Lewinsky,Lewinsky,,gerron,
f66372d5-7a88-48b4-81fc-4bbb98fda9f8,Malpass,Malpass,,morgens welt ordnung,
adfd4ed0-7219-4d3a-ba79-9c138c6412aa,Joyce,Joyce,9783596513154|9789391242558,The Unlikely Pilgrimage of Harold Fry|ulysses,
ee3fd2fd-6582-4c03-93e2-a86c16ece3ee,Judson,Judson,,kalten|waeldern|waeldern kalten fluss,
11d0f2e5-b87c-4d6e-b0aa-90028e6d3133,Julia,Julia,,schweden,
80a71626-770c-45df-8be0-b99144867075,Kawabata,Kawabata,,schoenheit,
2a045f35-722e-43a0-88bd-648402a4ddf0,Kawakami,Kawakami,,meer waermer,
e284e006-cc3d-46ab-852c-1123cb50f568,Kinsky,Kinsky,,fluss,
1c20e8bf-357d-4b3d-abf3-5a99eda93d49,Koidl,Koidl,,scheisskerle,
434adc68-0844-454f-b288-fc42d6155dbb,Kolb,Kolb,,fatima|indie uk europa,
6a9e4099-c2c4-4f5b-9bfd-6e6428131f12,Kruppa,Kruppa,9783442094226,Kaito,
3feb8f32-3473-4309-b8ba-4d8168ff82e0,Lewycha,Lewycha,,caravan,
938b85d8-4d82-40d0-b733-9aa76313402d,Lewycka,Lewycka,9783423245579,Kurze Geschichte des Traktors auf Ukrainisch,
aabc2942-c272-44b6-ad07-4f38729b83ec,Cogan,Cogan,,gun,
382471d5-3b05-41b9-a1b1-f77dac939bb0,Gordimer,Gordimer,9783596124343,Die Geschichte meines Sohnes,
1f6f014f-e069-4894-9239-ea2ddac77d61,Löbl-Schreyer,Löbl-Schreyer,9783217009035,Traumfahrten durch Italien,
761d92cb-ddfd-4af0-a4d1-a55e55bd8caf,Gumin,Gumin,,mensch gehirn|ueber liebe,
43134d53-9d91-4058-97e5-7da67639207e,Kneifel,Kneifel,9783442439423,Der letzte Traum des Pharao|hatscheput|widders,
8583aa40-45f7-46c4-b588-39aaf7210f98,Lokko,Lokko,,goetter,
6f80b812-a40f-4196-8418-d39bc7815ebf,Long,Long,,zone grauens,stuart long [tmp_authors_csv(nur Nachname gleich)]
97c3190e-776b-4a24-8056-0cce811ed548,Loose,Loose,,"Bali|Malaysia|Malaysia, Brunei, Singapore|Südostasien",
9d0142d7-4800-48d9-aa7c-d87e0c916b9d,Lord,Lord,,letzte,bao lord [tmp_authors_csv(nur Nachname gleich)]
17078334-dc6b-44f2-b91d-0401ca2df130,Aveline,Aveline,,tigerauge,
7f85bb3e-43e5-4952-bd31-c22bcee1126f,Mandel,Mandel,9783426005620,Der Reich der Königin von Saba,
ce27a6de-8200-48f6-8c47-0d90a445bc56,Manfredi,Manfredi,9783822505748,Die Jagd nach dem Wüstengrab. Roman,masssimo manfredi [tmp_authors_csv(nur Nachname gleich)]
02de1fb6-5c34-4d21-a9c0-42fae6b0a5a3,Manicka,Manicka,,toechter,
06db423e-ff42-433a-99db-f3e7ab23773e,Mannel,Mannel,,tochter henkers,
553c442d-fe1d-4e9c-a825-f9762aef684e,Manook,Manook,,mongole,
59183501-01c8-470a-9e34-3ccc4a18eb02,Mantak,Mantak,9783778771808,Tao Yoga des Heilens,
35baac19-146a-4331-9a3d-81d887e197d2,Mantel,Mantel,,riesige,
c99163eb-d313-451b-930c-2f23549bd74b,Manzoni,Manzoni,,verlobten,
153e39d7-b49c-4107-ab0a-d57b920b956d,Kihn,Kihn,9783111642222,wasser,
97fe8fea-6d8a-44f6-9b40-5084190304d3,Malaparte,Malaparte,,haut,
b2b834f8-a0b3-451d-bf92-98658f2868b2,Barril,Barril,,missions speciales,
317bf6c7-ff94-429e-9331-31bf646f6a22,Voss,Voss,,Es ist nur der Wind,
ca44874f-9577-4ddb-bd58-5501e7afb875,Hoy,Hoy,,autobiography,
7d4d68d7-7ea2-4653-bc1b-42cd11015156,Lhote,Lhote,,ahnen tuareg,
e1fe9eb5-c2c1-4abc-b71c-874658a2acd8,Kifmann,Kifmann,,gier adac,
5039ef75-3e4b-4ef1-8623-8f41d64c34e8,Mckinley,Mckinley,,matildas,
8d507c93-41b4-44c4-a8ab-edea25d55f96,Mclaglan,Mclaglan,,niemals,
4e86d055-e397-4669-915e-5ad37867cf92,Spain,Spain,,rajace wal,
b84b2b4b-d7be-4836-add2-bb60b7729fbc,Marai,Marai,,glut,
17b5609b-5863-47c9-baff-42c5dbeda4f4,Maraini,Maraini,9780720608595,Die stumme Herzogin. Roman,
97b8ac31-39ec-4579-971f-8ace0e6af56d,Marben,Marben,9783548364704,Im Schatten des Diktators. Mein Leben im Irak,
a119a18a-740a-405f-a00c-bf0aa9082a3a,March,March,,ringeltaube,
d78619e6-b712-4571-9138-b4a52d0c662d,Margolin,Margolin,,ueberleben alles,
011a0627-72a2-4517-aaf3-7f785a835659,Marias,Marias,,schlacht,
ae01ced9-a377-437d-9261-2cddd510e262,Marillier,Marillier,,stuerme,
3525b9ab-96c0-4834-96f2-124c627a7708,Marinina,Marinina,9783596305964,Widrige Umstände,
fe8e6538-3f98-4bdd-a874-9a51ef3a40b8,Markand,Markand,,myanmar,
9ea07706-4a07-46da-991c-f71d5bdde43c,Markaris,Markaris,,großaktionaer,
a63c0935-8aa1-45db-a2d9-38ed3769f2f0,Markel,Markel,,weg oben,
711489bd-061d-48bc-88ac-4c3f265edd28,Marks,Marks,9781786890030,Mr Nice,
cf4d10b5-b619-4233-a8c9-38ec59c7eb4e,Markus,Markus,,freud,
d165d065-433f-4205-a5d9-05aa186245cc,Marny,Marny,,darjeeling,
3d62f97d-d578-45a2-b147-8310d648828b,Maron,Maron,,sulha,
dcd5f7d0-9dfb-41f5-9c5e-8754023e9c21,Marquez,Marquez,,cholera|einsamkeit,garcia marquez [tmp_authors_csv(nur Nachname gleich)]
07a6eb37-6f66-4efb-b25a-1196189e06fc,Marr,Marr,,plage|posaune,
c0329569-9408-4eef-967a-5e75dd974c95,Marschall,Marschall,,titanic,
7e558e58-c424-41ff-ba69-6d8ac720de86,Marston,Marston,,kuss kurtisane,
39b2ba47-d094-434a-ad99-eebaf16202f5,Marthaler,Marthaler,,durchgedreht,
935ccef2-23cd-4b9a-98b4-f8e5f79ff53d,Marti,Marti,,schnuert mystiker schuhe,
68aa63fb-2cb6-4430-9084-5ef50ba40f97,Martinez,Martinez,,santa evita,eloy martinez [tmp_authors_csv(nur Nachname gleich)]
dfcdc30b-a8e9-407c-998e-60494ea7cabe,Martini,Martini,,outback,
8948f19b-5782-42c7-92d8-1d4a1aec879a,Martins,Martins,,indianer,
4e5be82a-6378-43b1-91b1-c9d48c9e47ae,Marton,Marton,,schenk insel,
649e9ec4-475d-4ed3-aa55-ca13073424b4,Martschukat,Martschukat,9783770156009,Tal der Loire. von OrlÂans nach Nantes,
ecabe3bc-c23c-4f36-9b18-cb26964076c9,Marvel,Marvel,,spider-man,
f302e25c-0368-4cdf-aefd-4891b846455a,Massey,Massey,9783492270359,Bittere Mandelblüten. Roman|mandelblueten,
53d78319-2420-402c-8f9d-4c65a9d37d1d,Masson,Masson,,christina,
6e9e767f-f472-41d8-8abe-b842012aa281,Liebscher Bracht,Liebscher Bracht,,arthrose-luege,
ffece76b-c17d-40e9-9b5d-ad9418f1c6fa,Masters,Masters,,fern gipfel,
58965e20-46fd-4ba9-9bb9-af35375d4c1d,Masuda,Masuda,,letzte,
d720cd9b-65d9-4841-8f42-3fa628cef4d1,Matabane,Matabane,,madiba,
d7d774af-71d8-4302-97bb-4d7c0fb03e84,Matei,Matei,,mariana,
75351061-4858-4654-8a66-2e46d7e53b95,Matisek,Matisek,9783471350744,Nackt unter Krabben,
3652b030-0e46-45ca-a79e-6f258723435c,Matz,Matz,,wildwasserfahrten griechenland,
1ade001c-bfb7-4cdb-b40c-fe32676d2892,Maupin,Maupin,,stadtgeschichten,
5bb9219e-0d05-4ec3-87b3-50315cbba64c,Maurer,Maurer,9783596196975,Felsenfest|felsenfest|tod daneben,
82214b10-a812-4009-aadd-31fdb34f037e,Mauriac,Mauriac,,juengling alain,
456c36cc-7e3e-4250-b800-4ba864312b6e,Maurina,Maurina,9783871640476,Die eisernen riegel zerbrechen,
f0c78d8c-ce43-4641-840b-2d8c49af9902,Mawson,Mawson,,lazarus-kind,
76962011-3968-46e8-8c3f-cdb90f91a9d9,Maxwell,Maxwell,,schimmernder,
a9e0fc0a-1b90-4980-a3e0-c0ff83bca178,Niu,Niu,,traenen,
e478c580-dd5e-4715-88ad-f718a535236e,Mayer,Mayer,,amerikaner|liebesbriefe,
57872e20-dab7-4ebf-8507-507b7ca2c415,Maylunas,Maylunas,,alexandra,
99136331-14ba-48d4-98df-f7802a5a169a,Mayr,Mayr,,steht umgekehrt,
67565d75-c309-4221-9095-0940668b100a,Mcallister,Mcallister,,professional internet,
0b11fe2a-c5c6-49f7-8a0c-bc85c7942db3,Mcauslan,Mcauslan,,cuba,
e60e8904-ec15-440f-80ad-877990ce241d,Mcbain,Mcbain,,judasgift,
ec4ee2e8-ed2f-4015-bef5-3cddecf04037,Mcbride,Mcbride,,timbavati,
af0d0e0c-c97a-40ee-8326-c90174ff6167,Mccaffrey,Mccaffrey,,drachenlied,
e9b321bb-5e55-44e7-b30f-5101b63f2e6c,Mccaig,Mccaig,,schattenmacher,
61b47e95-62a1-4e83-95ae-5ed409669928,Mccrohan,Mccrohan,,peking,
b4bc4a97-12be-484f-97c1-fe40fc7daed1,Mcdougall,Mcdougall,,born run,
5ed0e181-1e15-40ff-8de5-0e34d96fdd94,Mcdowell,Mcdowell,,bibel test,
b576855c-d0d6-4596-97f0-15ddf33e5d86,Mcfadyen,Mcfadyen,,boese,
7fe534bb-f913-49cf-893b-e9a141a41fa3,Mcdonald,Mcdonald,,schriftrolle|wasser,
1a019a2f-249d-4d0a-88b7-b2f9fe02254f,Mcleay,Mcleay,,traueme,
1e277fc3-ee34-4e89-9152-807eeba5e9f0,Mclune,Mclune,,nefertiti sonne,
530832ae-7c73-4d03-9282-4050e9e4808b,Mcmanus,Mcmanus,,of lying,
527a3748-b6f5-43d3-840d-3f24c39506f9,Mcnab,Mcnab,,trans-amerika,
f4230019-38c7-4814-850b-4e3a295e856c,Mcnaughtan,Mcnaughtan,,southwest,
d7b6c279-1561-4717-907b-7e35826fce93,Mcneive,Mcneive,,resistent,
52dd7397-fb13-40c9-a76b-c12b809261bf,Mcquillan,Mcquillan,,safari,
d6473aa9-240c-4f9f-951f-c8e06e0ca3fd,Alliott,Alliott,,gut WAHR sein,
e77cc566-51b3-42b3-aace-87be00683da5,Amin,Amin,9783453601635,modelmacher,
aa015734-5c46-44ad-804a-885fe173a1dc,Beckett,Beckett,9783499018527|9783644438910,flammenbrut|tiere,
9e2e96d0-816f-4028-b8cb-70a5fab60c52,Bedford,Bedford,9783453126305,zeichner,
e4b86044-d690-46c4-b4d5-58c59d3e9834,Meadows,Meadows,,modelabel,
00ef617c-fe82-4009-b9d2-9e7788cb26a6,Medlock,Medlock,,ehrlich,
df16a3b8-47a9-4283-b935-b160c8659a83,Medwedew,Medwedew,,enstalinisierung,
5558a875-7970-49cc-8f43-0e6b90c2f49e,Lie,Lie,,familie,ching lie [tmp_authors_csv(nur Nachname gleich)]
c02e9050-2f6f-4125-b8a5-202147a3d050,Lieckfeld,Lieckfeld,,naturerbe,
dff35bfd-e796-4ac0-b303-b6d57fc3dd85,Liehr,Liehr,,frankreich,
d13b6265-fc03-425b-b0ee-2478a3671fd6,Lies,Lies,,saftschubse,
37dc8939-fc5b-41c1-adb7-9818e9baa1ce,Mehlmer,Mehlmer,,mexiko,
083cc4ab-4246-4711-8375-e48806417279,Mehran,Mehran,,persische,
421f02c5-6f90-42cc-b8bd-e3aaa98068f1,Meier,Meier,9783641200459,now,
3dae9d7f-9010-486b-94ce-20dd4b033468,Meinck,Meinck,,seltsamen reisen marco,
76384cf2-6de7-4646-8221-f1dce023ac21,Meiser,Meiser,,meer,
daa3de0c-06d8-46fd-ae22-aac6b4e98573,Melandri,Melandri,,meereshoehe,
2b6162ed-71ba-4758-b78f-1400f1e60555,Melville,Melville,9783737363228,Moby Dick|moby,
3084bf43-5f9e-4dda-abe0-f3ab011a09dc,Melzer,Melzer,,wolfsgier,
05fda946-b95b-4517-917c-ab507058f803,Memmel,Memmel,,wiesn,
c7732a71-80e4-47a5-8d14-f9d4f2a6a92f,Menen,Menen,,sand begrub,
b2d276e7-ff31-46ad-9ed3-9b94aceb7f73,Meng,Meng,,heilkunst|schmetterlingsbaum,
936c8953-ddfc-43d2-b572-32f399b15730,Mennen,Mennen,,owitambe,
04b3b2bb-41ce-4e75-aad9-ae083291b269,Menzel-Tettenborn,Menzel-Tettenborn,,geheimnisse natur,
f9099c74-6bcd-46da-8d2d-8fe25be0a47d,Mercier,Mercier,,nachtzug,
df543729-cc03-4e59-8b9e-f755daab1f76,Merico,Merico,,mafiaprincess,
e234485e-59be-433a-8c83-5790f43a50fe,Merkel,Merkel,,erzaehlen,
f3dea26e-6bdf-4cb8-9d42-65e078474996,Mertens,Mertens,9783662083710,Lexikon der Wirtschaftsinformatik,
d89faeab-50ba-40e5-8233-58ec3dace469,Mertz,Mertz,9783405148171,"Reiseführer Natur, Kanada",
1226d116-b7ee-4d45-97b1-2125ccedf3a5,Meryn,Meryn,9783800037551,Der Mann 2000,
8c73ef5e-aa89-4937-aeb0-975f01b78e95,Metz,Metz,,abgefahren 16 welt,
12f17058-271b-496d-b3b4-1ba8f107812c,Meurois,Meurois,9783453144811,Essener Erinnerungen.,
aabe3266-e0dc-4443-9101-78dfbeb04d34,Mian,Mian,,panda,
647b51cb-ecc0-4514-8008-4dde97ea46ea,Michaelis,Michaelis,,habe dies leben,
f68bafad-812b-42e3-a7de-e3d212ee31d0,Michel,Michel,,krebs,
dfff5560-15f8-4c96-ad91-cb1838de0e1c,Michell,Michell,,hindu tempel,
f565e1c9-907b-4506-bc0a-3078998109dc,Michelmore,Michelmore,,sexualitaet schoepfungsplan,
4849dc57-c66b-4641-af29-0ab882711e77,Michie,Michie,9781489099235,The Dalai Lama's cat,
b0c545b8-abb1-4c9f-952d-a783976ec95b,Mielke,Mielke,,attila,
5ab8fa8a-2e75-4cba-9035-25aa76dc9008,Mies,Mies,9783434530848,Globalisierung Von Unten: Der Kampf Gegen Die Herrschaft Der Konzerne,
b2a6e6ce-b1a4-408f-ac0a-4765b439925e,Lind,Lind,,frau  bedarf,
b35f3175-3552-4ed3-823b-cd9b57871ed1,Mika,Mika,9783442157204,Die Feigheit der Frauen,
f1cd3ed9-bbf6-45ab-90a3-2efc821ce81d,Mikes,Mikes,,inimitable,
e5ba5485-8cbf-45c0-b576-841257f730eb,Milford,Milford,,zelda,
2511731a-0be3-435a-afee-fb33f2a2f646,Milgram,Milgram,,milgram,
ea36da85-9303-4404-9248-d040cedd3932,Millerd,Millerd,,pathless,
24ade659-91ad-4883-a15d-4a0e0566babd,Alireza,Alireza,,leben tausenduneiner nacht,
ef97879e-f1be-4ea0-94b7-817c434dbe22,Arkina,Arkina,,kaiserin,
0f6dafdb-0c01-465c-a601-8783285f9b4b,Lieske,Lieske,,isabel,
91a5b35b-a781-464d-b674-c20c1457fd79,Liessmann,Liessmann,,alltaeglichen,
f22f2f28-732f-499f-8d3f-16b7ba343811,Ligensa,Ligensa,,dr. frank|feuersonne,
bb22a591-59b7-4fa9-a53a-e35c9e91d754,Lim,Lim,,feng,
cf2eb210-9ef0-4f1a-8742-69ae21969cf8,Michael,Michael,,bagdad|zwillingsschwestern,
760c5863-1105-40e9-b714-bacd9c33c8bf,Limmer,Limmer,9783426515532,Saucool|reste meer,
089bbd03-74e2-4cbf-b611-b894789e6996,Lincoln,Lincoln,,gral|gral erben,
899e0746-5502-4c52-9c81-4748d4bd91aa,Lindenberg,Lindenberg,,panico popstar,
685dfbec-da95-4398-9ab1-587993552143,Mina,Mina,,blut|goetter,
c508341b-8ae2-4152-b27d-eebccc973ffc,Minai,Minai,,schwestern halbmond,
9431b566-18d4-4d27-8925-126c5a1d793b,Mintz,Mintz,,amerika,
216d9056-5439-4bb6-868c-523d29589687,Miquel,Miquel,,pharaonen,
3cfbe5fa-8ea5-448a-b49a-c9a3a69840e2,Mirembe,Mirembe,,fatima,
7bab38ae-17ab-4515-808c-366b1531db44,Misch,Misch,,langobarden,
10db4463-c792-42cc-9d51-10dff88df712,Mischki,Mischki,,namibia,
0cc78860-545b-4e44-b040-4afc3a43a75f,Mishani,Mishani,,vertrauen,
21c5d3cf-a33c-4002-83ab-560f144c7260,Mitchard,Mitchard,,ozean,
e6861563-5ff5-4aa9-982a-0c5e102ef452,Mitchell,Mitchell,9781856190121,A woman to be loved|verweht,
e495679f-b1a9-46ef-994a-fd5ec93da189,Mitnick,Mitnick,,taeuschung,
7cc35680-c87e-42d3-aa83-dc13406c6e40,Minte-Koenig,Minte-Koenig,,fluesternde,
bc9bbd28-9e21-44da-aa51-32ad64919882,Moccia,Moccia,,drei meter himmel|himmel,
ea0b8e5c-5b16-4912-8686-257ed8769334,Moeller,Moeller,,schulhof,
2fe7fd9e-c6d3-4ea7-b5e5-799ddfb5cd91,Moestl,Moestl,9783426788646,Denken wie ein Shaolin,
eb5408b9-bb32-464f-80b3-6b2f49a62668,Moffat,Moffat,9780858358140,Handbook of Australian animals,
fde1af2d-5db9-42e9-8abb-060787ed7e35,Mohl,Mohl,9783925761300,Im Banne Buddhas,
4e78b125-5d96-40d7-aeb5-776918108675,Mohr,Mohr,,calais|soldatensender calais,
16bc264e-39e0-4390-97c6-f735e69978e4,Moix,Moix,,kleopatra's,
47186e47-6d08-4e5f-b8cf-da01f21cb482,Moliere,Moliere,,eingebildete,
54be6e25-0013-407c-a7b2-ce0976f17e6c,Lindholm,Lindholm,,raeder,
6e83f962-0cd4-45c6-bfe1-bb54c90d8193,Lueck,Lueck,,suedschweden,
3e52c92e-bb0a-4eb5-be90-b0379b87381f,Luedecke,Luedecke,,fit top,
2928516f-46b5-4789-9c4f-a1fe7d963ca2,Luehrssen,Luehrssen,,stecker,
506cc5d9-a5e3-4ff4-9c05-e8a5ce869ec4,Luetgen,Luetgen,,nordwestpassage,
f5395f5e-b088-4a3b-91fd-32e4982084e8,Maier-Krafft,Maier-Krafft,,altbayrische,
4eab6770-06c1-423e-9f67-cc7ac4ed8322,Maillart,Maillart,,bittere,
fd0e79b2-b929-4bca-80c2-8194d630f9a3,Moeller,Moeller,,faule,
0c004686-76b5-4fc6-930a-22af5518c72a,Mechtel,Mechtel,,arm reich,
2459794d-0f58-443a-9c86-455aebc71861,Medearis,Medearis,,muslime jesus,
41b28b1c-c503-4b56-91bf-00447c16f26b,Minelli,Minelli,,ueberlebenskuenstler tiere umwelt,
1b16f4f4-bd55-472f-96b1-a461b6b219c8,Mings,Mings,,said,
60b8827c-4d02-44e0-9ef2-ffeb9aeb4b1b,Molist,Molist,,testament,
1eea59cd-d744-466b-adf1-b8fa17edd070,Mohamed,Mohamed,,seelen,
a17521e9-ccd7-4267-8050-46a850720609,Murphy,Murphy,9783641162764|9783720523066,Die Macht Ihres Unterbewußtseins 2003. Abreiß- Kalender|loewenkoenigs|together forever,
9ba382d5-53c4-4f59-956d-c56f213d68c4,Murr,Murr,,sand,
9935999f-5fbc-4d8b-a953-a8781ea409da,Musso,Musso,9782266258487,Central Park,
3a090a89-5d14-4cc3-a0ac-0e52e7f5a115,Moitessier,Moitessier,,verschenkte,
f56bcdd7-9c0f-4283-b172-0710a9f5fff2,Myron,Myron,9783828996946,Dewey und ich,
2ceabbc1-6b35-48df-b5fb-7d8956541105,Arnothy,Arnothy,,wind,
e2d18e04-7733-497e-8f8c-ba08478ba7df,Bok,Bok,,flucht sklaverei,
f9c5f0e9-fcf1-4dba-892b-d48b6502c12f,Nack,Nack,,aegypten,
cdf01140-7a08-49fd-9cc7-cf0673791ac0,Nadal,Nadal,,vermaechtnis,
1b8aa95c-c87a-4400-83f3-d518a6e4c4a6,Nafisi,Nafisi,9781587244872,Reading Lolita in Tehran: a memoir in books,
c808c00a-cb42-4a04-b3b3-37bcf37aad1f,Modignani,Modignani,,giulia,
7837fbc6-0fea-4043-aab0-09f062d9a5f4,Namu,Namu,,toechter,
ecd7e8f9-80de-4b86-8576-965aa686f346,Nasaw,Nasaw,9783453432017,Angstspiel,
19dfb4bd-967c-4d0d-8e00-2d127ed1bec6,Nasiri,Nasiri,9783641017798,al-qaida,
6e5451c2-b75b-485c-82ea-ffc5771663fd,Nau-Klapwijk,Nau-Klapwijk,9783924592653,Tango-Dimensionen,
9ee65290-9e34-4c33-a244-e0b64ea03921,Naumann,Naumann,,denkst,
35eef877-5387-4616-9275-11391123e2b3,Nawrat,Nawrat,,unternehmer,
0b746087-93a4-4f28-b69d-82ec7809eacc,Mollat,Mollat,,armen mittelalter,
738dfe18-cbe5-4d46-95b4-1303bce8bcd9,Molloy,Molloy,,bekenntnisse,
6319bac3-4d53-4afc-b45c-60cbe282fb71,Moltke,Moltke,,kaempfe,
25999e8c-c409-44c0-b91d-5e0b8a03fa4a,Neder,Neder,,90,
ba6d10ac-41fb-4bac-b18f-06275530da71,Nedjima,Nedjima,,mandel,
f5833dd2-d242-48cb-aa5d-ff43c4896da8,Nelson,Nelson,,galgenlied,
517a49cd-b3ba-4c3b-a078-679fcf785bf3,Nemeth,Nemeth,,faellt,
877f2e19-7903-4eca-b926-33c05aa909ee,Nesboe,Nesboe,,erloeser,
6e003b5a-54c5-4f5b-93bb-af320365de51,Nesser,Nesser,,kallmann,
4dcb3111-66cd-4490-8e7c-a23f1b8034be,Neudeck,Neudeck,,anamur,
37856fef-fd11-473f-92fd-03b8de0db8dd,New,New,,shanghai,
dea19713-3af5-4e21-b54e-60982649a9af,Newcomb,Newcomb,,indians,
b702596f-5c8a-4519-af88-bb2ed93c91c1,Newitt,Newitt,,nostradamus,
02b9b95a-fde3-45d2-bcce-955066701d7c,Newland,Newland,,schueler  side,
3f95c116-45f6-4bf5-b68e-787d240b1aad,Newman,Newman,,quorum,
459bf5c8-b761-47c9-816d-b82b5faa3600,Niazi-Shahabi,Niazi-Shahabi,9783492264181,Nett ist die kleine Schwester von Scheiße,
082b14d9-6a88-4566-9d8a-fb61307dfdb0,Nichol,Nichol,,ausgesetzt,
8e2a1afc-2fd2-49d2-a109-fac05d4b83da,Nicholson,Nicholson,,indien,
efa6e20e-23cc-4b75-8a97-4a8a71ce4460,Niebler,Niebler,,worth keeping,
d518594d-a5ad-4d57-b995-133414592f3c,Niehaus,Niehaus,9783426503140,Die Tochter der Seidenweberin,
934b3ae8-6756-43ca-a5f0-31ef74625af2,Niel,Niel,,spuren,
6d572b17-c8e2-4274-8a53-c8611d970fa0,Niemi,Niemi,,populaermusik vittula,
315c75ae-6f63-4364-87d3-bde271bb7b83,Niessen,Niessen,9783896029911,Schauen Sie sich mal diese Sauerei an: 20 Wahre Geschichten vom Lebenretten,
d54259ba-f28a-48ca-b48c-433f252ec468,Newcomb,Newcomb,,firma,
14634f80-201d-48b2-96fd-1e9b0c21ccd2,Niven,Niven,9783453215320,Der Splitter im Auge Gottes|amateurs,
9da8b2b0-50f7-4424-8f9b-325e3849a3e3,Noellke,Noellke,,managt natur,
f8b10cee-ce63-4135-88af-c4a51cfc2389,Noelter,Noelter,,erfuellbare traum,
76660221-0c12-481c-bb5d-271c0b3365ba,Nolan,Nolan,,troika,
3544b565-24b3-4022-9b95-ab0324eaf385,Noltze,Noltze,,operation,
24dedb57-1738-485f-80c6-9e89488c7c25,Noor,Noor,9780753817568,A Leap of Faith,
25d910e7-c946-4ca1-9adb-481c27d188e4,Norden,Norden,,fliegender,
9b460220-78c1-4e39-8d04-028a9e531249,Alt,Alt,9783596169474,Weras Talent,
537245b6-0314-4a1e-a12c-840cc26ea4dc,Antunes,Antunes,,gurdel,
8d63a36d-d42f-429e-8eb3-28a65082e785,Nordhoff,Nordhoff,,meuterei|meuterei bounty,
1d67709b-c2d2-4f04-9608-663320da0d05,Noretta,Noretta,,prachtstueck,
97c10cb9-68a2-40d8-8f5b-6d9194a4cbaf,Norfolk,Norfolk,9783442720132,Lempriere's Wörterbuch,
9be10384-e43a-4b91-9654-7b835d5beaa1,Noske,Noske,,bastard|lohengrins,
bf664d0f-0d9f-4ea0-9cfe-f8a3639b6ffb,Novak,Novak,,Das grosse Bilderlexikon der Pflanzen,
fc935d64-4692-48d2-b659-a9ac6de7256d,Nowak,Nowak,,petersburg,
6d18485f-45a6-46d3-b5a2-a7978f0b2a4f,Nowel,Nowel,9783770143825,London. Kunst - Reiseführer,
eb6a6e7d-c855-4bea-a63a-1db3ccb88d4b,Nuebel,Nuebel,,zuletzt,
d24b4dd1-9383-4059-b657-7b67a17ce580,Nuhr,Nuhr,,intelligentes|nuhr sendung,
f6b7149a-6aca-48c6-bcbf-b84f90321362,Nunn,Nunn,9783770150731,Wo Legenden sterben,
3df2248f-005e-4781-a21c-a1018b46d3c0,Nyary,Nyary,,vinland saga,
c5a4ea29-6e0a-4be6-94e9-4ee2e2d8aceb,Nygaard,Nygaard,9783897057203,Sturmtief,
62ced5d4-c48a-4a63-8727-246686813b43,Neville,Neville,,koenigliche|montglane,
27c3b25c-439f-4d74-af41-9c56757fe131,Obermaier,Obermaier,,kaiser herr,
cff1472e-92e8-4d13-a605-5f5fada69b7e,Obermeier,Obermeier,,kaiser herr|torquemada,
5c6ec7e8-9560-4f93-948c-f801d015b5ad,Obert,Obert,,raender,
082e209b-3562-43e5-85bd-e9a30b5bb030,Obst,Obst,,Florida,
2a93de2b-2cf8-47b4-b7e9-f0d660d22702,Och,Och,,affaere|paradeplatz,
902c43b8-8902-4f9b-ab5b-2149d1b435d1,Oddie,Oddie,,enkop,
b42c7c05-e25f-46ae-bb15-47204a66299f,Odersky,Odersky,9780981531687,Programming in Scala: Updated for Scala 2.12,
2e9cdb35-4fbf-49ef-8a9d-f85e914834a0,Oelsner,Oelsner,,sibirische,
d44c2c9b-4325-4e35-b2a5-8fa58b82c03e,Olsen,Olsen,,erloesung|erwartung|schaendung,
0c837d16-ae55-4f30-9456-74f409ed6fe6,Oezdogan,Oezdogan,,nirgendwo,
aeafdd21-cc9c-4f50-aea9-8623a22e1eaf,Ogawa,Ogawa,,schwimmen,
ffb7adcb-6ed2-4b2d-835a-8f5065643382,Ohara,Ohara,,terrasse,
94231137-6c8c-4eec-a9f8-4a5d5f808a1b,Ohle,Ohle,,dicke berta ski,
38cbd7d2-abae-4145-bb76-087db4343400,Ohlsen,Ohlsen,9781741041729,Stockholm,
81995390-33c1-4ce1-aaf5-3d4880912246,Olafsdottir,Olafsdottir,,island,
5b2b5de7-b64f-43be-8586-b6dc2cd22006,Oliva,Oliva,,survive 3,
eb580525-8aa3-4df1-871b-001625b380d5,Olivier,Olivier,,legionaere,
acda90ad-1bd6-48a3-a0fa-954ae37503d2,Olsson,Olsson,,netz,
f21778c3-d643-4377-9d93-bb67f5088fd5,Olvedi,Olvedi,9783426617878|9783641165918,Wie in einem Traum|yogini,
3221ff23-9ef3-4af3-97f3-e1084a33226e,Nazer,Nazer,9783795118013,sklavin,"Mende Nazer [backup_20260213,enriched_import.isbn]"
b88459bb-c244-4ec9-800e-3f40dc23cf91,Onken,Onken,9783442150267,Die Kirschen in Nachbars Garten,
b576a13f-35af-4435-b74b-c452acf296dd,Opitz,Opitz,,befreite ernaehrung,
f4a0905d-6242-4ed4-9398-2bb25c4c67c8,Orczy,Orczy,,scharlachrote,
15ceaf99-71f8-419b-b133-028419245059,Orringer,Orringer,9783462034844,Unter Wasser atmen,
a311192a-b794-403b-9e85-dabb2988486a,Orth,Orth,9783890294544,Couchsurfing im Iran|couchsurfing,
3d16c42c-96b0-4cec-a99e-4b94bbefa597,Orths,Orths,,tarnkappe,
a87e05dd-3d56-4099-bdec-1dddb3d0b60e,Osenger,Osenger,,adragars,
24ccac98-56e1-4d0c-84f4-9501e77230f2,Osmond,Osmond,,saladin,
bf80ddcd-4f90-4450-af9b-3ddd0320f438,Amend,Amend,9783936994889,bushido,
99717437-6fb3-40be-b64d-093ac46c896a,Bah,Bah,,kaempfte,
ed84e3f7-a285-4e81-b894-7ea0e91071ff,Barr,Barr,,handbook artificial intelligence,
8dfb1b10-b169-462e-a32b-cf274f283b9c,Barth,Barth,,groenland,
ce93fada-0784-4eab-8a6b-9cce0535fae2,Bastos,Bastos,,wald ufer flusses,
065c9f8d-e435-4009-934e-a4769654e03f,Baumgaertner,Baumgaertner,,loewen,
29d064fa-dd17-4e41-b469-49000e0ff367,Benndorf,Benndorf,,1001 nacht,
ae57dba6-51af-4097-82de-1bb71d528eaa,Bluem,Bluem,9783641054458,ehrliche arbeit,
ecffa4e5-a397-4717-bce0-650e6b606cbf,Brandenburg,Brandenburg,9783831711369,provence,
faf6fa68-0992-40a5-ae12-f01009cfba99,Bre,Bre,,gruenen,
3131c402-d9c2-495c-905e-a43755f5de5d,Cato,Cato,9780708984321,All the rivers run,
a685b92d-d76d-4b25-817b-52d852074a7c,Catton,Catton,9783641158965,gestirne,
84386c74-d1ec-40a4-9bb7-fa5466e20140,Mommsen,Mommsen,,roemische,
57927149-c13f-4fc3-8bd9-107c5b50384f,Downham,Downham,,bevor,
b3e26650-44b3-48d9-be1f-96c563b5ba6d,Ostby,Ostby,9783641262211,ozeans,
efbc79bf-5606-4a57-8abd-ac76740b1374,Ostrander,Ostrander,,super learning,
598f5b99-aee3-4b12-b2a8-2c24ea620cbf,Ostrowski,Ostrowski,,onkel,
8865733d-a2d2-45cd-9702-82aeeca53ba7,Ott,Ott,,haie,
f29a563a-7182-4b1d-a545-119cc2b9d6d4,Overholt,Overholt,,gigant zukunft,
b07966a7-3c48-44bc-9277-36bd6b8b1ae8,Owen,Owen,,40 kriminalfaelle|zweite chance,
f6494bd2-5ec1-4b55-b2b9-0ec8d1c980a2,Owens,Owens,,gesang flusskrebse|hundefluesterer,
95d04f7a-bf75-4c9c-8ea6-5f61df5439c0,Packer,Packer,,abwicklung|leopardin,
ea2a7235-9f3c-4f4a-b9d0-c48731976873,Paes,Paes,,perfekte welle,
1d48948c-e00a-4c0a-8d88-a6d9491a89a9,Paget,Paget,9783442163434,"Der perfekte Liebhaber. Sextechniken, die sie verrückt machen",
04652a41-9bd7-4e1c-bd75-2f1e42132e5d,Pahlen,Pahlen,,torusk,
27ac5025-19c0-4536-91a2-200d781bf4aa,Paini,Paini,,vagus,
db6373a0-5274-4dd4-be9c-6550a6876609,Palacio,Palacio,,wunder,
48789745-2bde-4fa1-a875-d3c296eb9f95,Palin,Palin,9780297854296,Pole to pole with Michael Palin,
7a9547b6-f4e5-437c-9503-46123a6cf0bb,Palm,Palm,,toechter malers,
406e0bdc-1726-493b-89a8-3c4f906615d2,Palma,Palma,,landkarte,
e0008bc3-eb61-4636-a7dd-667221ef2aa6,Palmen,Palmen,9783257062724,Die Erbschaft,
6fc33555-460f-497b-9eff-a56ba93c9a59,Pampus,Pampus,,autobahn,
54b17f86-5d8b-4c71-872f-1449c32a9bd9,Pancol,Pancol,,gelben krokodile|mann vater,
a8519a0e-d41b-4ac2-931b-79dfa290efe6,Papini,Papini,,teufel,
c408427f-e98a-4622-a0ec-7e8fa5a15a4b,Parangi,Parangi,,majestic,
92d58a67-c890-4edb-9755-fcd21756b55c,Parigi,Parigi,,suedrussland,
db9850e6-de2f-4278-a92f-b9696d02fdca,Park,Park,,stilettoholic,
219272a5-4d56-4cbe-8203-607162666507,Parker,Parker,9783426702390,Die Farben des Stahls 1. Stadt der Schwerter,
cfe3d79b-c73b-4fa5-8055-0728ccf48d45,Parrado,Parrado,,hoelle,
eed4dd50-1373-4304-a571-0b48c8591291,Maaser,Maaser,,giovese,
0306186b-f5bf-4fcf-bef5-5398b826fbe8,Matthews,Matthews,,natuerlich,
fdf9a7f1-52e9-4617-9270-e2cde8ce84aa,Matthias,Matthias,,kehrseite,
ddeeb519-085f-4fff-8d1b-1354de0bc25f,Matthies,Matthies,9783423219570,Der Wald ruft,
504cad59-badc-4c26-be74-a8cd5b43a5e6,Matussek,Matussek,9783100489227,Wir Deutschen,
1c9887da-03c3-41bc-84b4-3f84be6c76a1,Meisner,Meisner,,stern kalifornien,
120b0361-ea9b-465b-8824-eba8490b85b5,Oufkir,Oufkir,,gefangene,
fee45af6-8897-4da8-9c41-43791340b85b,Paul,Paul,9783895331862,--und auch nicht anderswo!|schulmeisterlein,
2b847c76-7b65-40a1-9a87-cb3e76fb1ecd,Puertolas,Puertolas,,unglaubliche fakirs ikea,
debec28c-db80-4ec8-8360-7f72070db931,Reichelt,Reichelt,,kirchenknigge,
e82c0ac7-8e73-4ebf-a59d-117e639a3a55,Reichert,Reichert,9783803137111,Krypto-Kunst,
725c0c37-a2f0-4cef-9d11-a96f6733765e,Percy,Percy,,roter,
05cb1d1e-8f0c-4b63-9640-b030195ac932,Perez,Perez,9783570553381,Kokainmeere,
bc491e01-9214-4422-9591-c9b92ebf1e6c,Perowne,Perowne,,hadrian|reisen paulus,
83d9f4b9-c950-4da8-942e-c36091979d4a,Perthes,Perthes,,aufstand,
e38e6713-30e2-48c1-8a46-f612a0224640,Zeh,Zeh,9783630875729,Neujahr,
f068bb1e-5ca4-4080-a0d6-3992accbf060,Peyer,Peyer,,mexiko,
bac038c4-7ce6-4ccb-aa91-71dcf868e5c6,Peyrefitte,Peyrefitte,,alexander,
b16d4a56-b765-4767-af87-6e1f23c1defc,Pf√Ľger,Pf√Ľger,,gewalt warum,
e4cb4a9c-7c37-4a3a-8ec0-2f0489031fe9,Pfetzer,Pfetzer,9783401049274,Der Everest. Zum Greifen nah. ( Ab 12 J.).,
5f4b4bc8-77da-41a5-97f8-260c435746f2,Pfrommer,Pfrommer,,hindukusch,
28bfe94d-b8e9-4a6e-9613-46a8de84ab98,Pham,Pham,9783442151714,Mond über den Reisfeldern. Auf den Spuren meiner Familie durch Vietnam.,
60fba4b6-a836-4403-8bd6-cec0e5045f14,Philbrick,Philbrick,9783473581474,Freak. Verfilmt als 'The Mighty'|herzen1 see,
37ce88a8-677b-4a4d-8570-dd4169e3b024,Phillips,Phillips,9783442369126,Aus Versehen verliebt|fruehstueck,
26b6e41b-1caa-4fbe-98fc-d21ff809a185,Piccard,Piccard,,spuren,
76e170e0-7f6e-41fe-b572-23380bd4adbd,Picoult,Picoult,9783492263764,Das Herz ihrer Tochter,
4f13df0f-7445-4849-b66c-55bebb0a7da2,Pieper,Pieper,,minnesaenger,
921d4cf8-8d03-4063-bb09-0aa3f07a0378,Pierce,Pierce,,schwarze,
272cf5d7-5cd6-4012-a654-0b281a870cb3,Pierson,Pierson,9783455093469,Frauen und Pferde - Eine Leidenschaft,
be2f4c93-09f7-4fe5-8a29-7624b3fab3f9,Pietzner,Pietzner,,camphill fuenzig seelenpflege,
ed8ce650-dba3-49ef-a05c-b1648f5141d1,Piggott,Piggott,,vorgeschichte menschheit,
1ef1a61d-4089-4756-acfa-c48611111cc1,Pileggi,Pileggi,,casino,
3652b3cb-a808-40c6-9b66-878272480f97,Pilgrim,Pilgrim,,muttersoehne,
2589a3af-e7d2-42ad-809a-e25ca97cc7e7,Pinaud,Pinaud,,segelns,
b65540da-98ff-44bc-9826-87d4bea1f071,Pinch,Pinch,,florida,
63d8da92-1bf4-4c32-9d98-31754872beb5,Pinson,Pinson,,abenteuergeschichten,
1162fe6e-4c24-422b-a175-0f5727cda746,Piper,Piper,9798887142821,Something Like Lust|denkanstoesse,
fa5ea134-8cd0-4c33-b6e3-97f2db942e6d,Pirjevec,Pirjevec,,tito,
1e2083f6-806c-4ba5-8455-25c9c163e1ea,Pitt,Pitt,,schlacht atlantik,
d68867c0-a7d5-448d-82df-48ad6b56ca28,Pittorru,Pittorru,,tod tiber,
aecaa365-3df1-405e-b616-09d30f3a3e81,Plack,Plack,,luege,
f1b19a9f-3563-45ea-b457-3572ef13724e,Platon,Platon,,parmenides,
889c13f4-7339-4f6f-b1eb-96a5c9caccfd,Platowa,Platowa,,taufbecken,
6d00c20f-2747-42cc-a861-d7ec2b252bc0,Plenzdorf,Plenzdorf,,werther,
2c3e78d4-7689-4737-b40c-7f16a2947eb8,Ploenges,Ploenges,,brandmal,
d3026cd1-f4ca-4bd3-8680-c1ff7ff44697,Plueskow,Plueskow,,firmenwechsel,
3f7ce833-8d0b-40bb-bfbc-c971dab264d0,Podschun,Podschun,9783827319296,Assembler,
43a1566e-9126-437f-834b-6bf33dca633c,Rohde,Rohde,,freizeitland bayern,
dca3147d-a806-4a3e-9beb-12221bc0b244,Rohrbach,Rohrbach,,jakobsweg|koenigin saba,
e2c85bfd-3209-4a02-8488-cd7906682b1e,Poehm,Poehm,,vergessen rhetorik,
e584dbe8-d30f-4988-8501-14d159869041,Poetzl,Poetzl,,barschel,
360ff115-17d6-43c5-b8db-1ff087b76dc4,Pogacnik,Pogacnik,,brasilien,
2a909342-45e2-4eee-95fa-44ce11070aa1,Pohl,Pohl,,finanzgeschichte geschrieben|suedengland,
8a2b4844-ba33-4fa9-937e-43351c156eb9,Pohlmann,Pohlmann,,krawatten knigge,
93fbc2b4-2f07-4141-b50f-fa226d419df1,Poiret,Poiret,,koerper,
9ef88e25-40d7-447d-a45f-761e23568f05,Pokos,Pokos,,tiroler skitouren,
b9b2005a-e84d-4ae2-9ed5-55bec1dd2dee,Poles,Poles,,traeume,
3bcad460-9d43-4213-99a1-7cbc9a85fba7,Pollak,Pollak,9783426261842,Knaurs grosses Gesundheitslexikon,
b2115efd-e019-41c0-9971-f367fc90c4aa,Pollmer,Pollmer,,ernaehrungsirrtuemer,
4ec4e860-3c28-415f-abfc-1c7fa06a050d,Polyglott,Polyglott,,italien,
922e339d-a860-4a46-a8d9-25e287dc7bff,Ponthier,Ponthier,,phoenix,
b8f40825-1dd1-4f17-9a24-f8a5cc0b9a36,Poole,Poole,,reiseflughoehe,
813b18fc-551b-4a38-b700-2806f434c3a5,Pope,Pope,,nelsons,
aa2a146e-0125-4afa-b7dd-d1e14ee7110b,Popovic,Popovic,,birne,
91f55185-e77d-4e96-af3b-a3adb0959e87,Popp,Popp,9783791819952,Die Grossen der Liebe,
53689bd7-9d30-48bc-aadc-4e015d118ab8,Potocki,Potocki,9785300010317,Die Handschrift von Saragossa,
24bea2cb-3d88-419b-bb75-2a625fe0cd39,Potter,Potter,9783442464364,Der Wunschzettel,
5f5c8c4f-8e2d-4e56-a1a7-9b7a58e7bfa5,Power,Power,9783442309412,Der Sushimeister,
255f7524-cf2a-4010-a7fc-765c2ca0732c,Powers,Powers,,klang zeit|zeit,
2e87bcb8-bc38-4f02-a420-00561e117af5,Praeauer,Praeauer,,kochen jahrhundert,
21870064-7b44-4fee-a2e9-6640b1ab1bab,Prasske,Prasske,,kuesse moschee,
a49f64d0-2ef4-4e73-a925-87f87dc274ce,Prause,Prause,,ausgelacht,
a4aae285-1974-4125-8016-afe41e9f7f30,Prechtl,Prechtl,,titanic,
ac87820a-c335-4f2d-904b-3c09bf317d3b,Prejean,Prejean,9783442435425,Dead man walking,
795e645a-6a25-431b-b6fe-6f14d30502d1,Pressburger,Pressburger,,bridge lehrbuch,
89e6ac1d-7d03-48d5-bf24-6f973ac1580c,Pressler,Pressler,,bitterschokolade,
d255fb05-09a4-4e95-8e71-0bd15211b8e7,Price,Price,,cash|feind,
5f7fd3a0-0865-459e-a729-9612a2df7b25,Priol,Priol,9783896673565,Hirn ist aus,
0085ca89-e11c-4436-b6a9-a91ae6974ee8,Proese,Proese,,jahrhunderzeugen,
c16806ef-4089-4354-ae8c-c34673f0ddeb,Proeve,Proeve,,orientalische reise,
dd97f374-3280-4614-8f1f-86963ea38145,Pronzini,Pronzini,,schattennaechte,
e4234e9d-0ecb-467f-a328-4954cd3d1089,Proulx,Proulx,,schiffsmeldungen,
14238aa1-50ab-48e8-b743-5ef2135de6be,Pronay,von Pronay,,mars venus,
21639104-3009-4bcb-ad72-f387e4eb436b,Prus,Prus,,pharao,
3484ebe1-2675-496a-a19f-37350e7548d2,Prutz,Prutz,,christlichen ritterorden,
a9ffa9f6-53ed-4b72-b69d-e004c620fdbf,Pearson,Pearson,9780340406755,All This for Love|Der Potemkin-Verdacht|Nachtjagd|Working Mum,
a5f3c5d8-f4ad-49ad-93fb-e0f33136ca22,Peters,Peters,,europ|inka|u.,
1c90170b-cb43-47c7-96aa-43ce95c98e65,Puig,Puig,9783518039755|9783518221082,Der Kuß der Spinnenfrau. Roman|Der schönste Tango der Welt.,
795d318e-1c5e-4ac3-ac88-2138999b4f6e,Puls,Puls,,lateinamerika,
2368135a-3e45-475b-a5cc-e9da747e2e9f,Purdy,Purdy,,amerika,
2c380fdb-9b9f-4cc6-a5d5-2f46aad232d8,Pusch,Pusch,,beruehmter,
8ead9e56-b5ca-419f-a902-7cd9313547c5,Pym,Pym,,vortreflliche,
477da230-a77d-4943-905a-0fd27afe390c,Pyper,Pyper,,nachhilfestunde,
2d9660f5-5bc3-42e7-9ab1-31e9a9431555,Said,Said,,ali nino,
b2bfe308-79da-4868-864a-d5a845e06b0c,Quack,Quack,,usa,
50add9a2-cb18-42a3-97da-f076e6af2d14,Queen,Queen,,fuchs,
3c0b8da8-611a-4050-82d5-2bd0faef3770,Rabanne,Rabanne,9783776618457,Das Ende unserer Zeit. Aufbruch in das Wassermann- Zeitalter,
ba5ee71f-75b7-483f-bc73-7e5261bf69da,Rabey,Rabey,,kelten,
878633b0-239e-4965-bfc8-f795417fed96,Rabinyan,Rabinyan,9783596152261,Unsere Hochzeiten,
844f3430-1079-47ec-b16f-01765fb5cc20,Rachmanowa,Rachmanowa,,studenten tscheka tod,
16a64727-8856-4904-953d-53a320979cc7,Rademacher,Rademacher,,koenige,
287ec84a-33aa-4106-8825-379fc6ee3eaa,Radsinski,Radsinski,,geheimakte,
67501a52-5b61-4cd9-a273-7698abeabb2b,Raidt,Raidt,,rom,
96ce1f0e-047d-4360-bd6d-e8dea2a35117,Rainer,Rainer,,lockruf macht,
19e09109-f0e9-4579-b478-62704dde19d3,Raittila,Raittila,,canal grande,
8642fd7f-2b5a-4d8a-a498-3da883e9ff9c,Ralston,Ralston,,canyon,
252141e1-7deb-44e6-bac5-50b54f754667,Ramadan,Ramadan,9783551312914,Der Schrei des Löwen,
a7986744-b594-41ec-b60b-3cc71d374c63,Ramge,Ramge,,flicks,
03b69dab-02ec-41b5-aadd-948d5a8a04d8,Rammstedt,Rammstedt,,abenteuer ehemaligen bankberaters|kaiser|kaiser china,
9158b717-389a-4e77-9c9e-3a28efbf6de7,Rance,Rance,,sonnentochter,
3487669a-0253-4171-8ff3-42c4e5d2cb65,Rasiel,Rasiel,9780070534483,The McKinsey way,
c2b5b5e2-abe0-4c35-882b-c114f7d249a4,Raspail,Raspail,,heerlager,
22a4d87e-6633-49a1-a03f-4fcc4b3e29f7,Rasputin,Rasputin,,matjora,
35bada49-1478-495d-a26b-d212edf89764,Rassinier,Rassinier,,wahrheit juden reich,
c8f21179-17d3-470f-8c7a-bde1afb20d4d,Ratelband,Ratelband,,feuerlaeufer,
665b2f55-3eb0-4a51-9081-b298348d2df0,Rath,Rath,9783805250122,Was will man mehr|kann,
d6a1bd22-1c96-44d9-8154-2f7cad1397d0,Rathbone,Rathbone,,spiele,
e07da04a-5c26-4f3c-8637-a0174cda9bee,Rau,Rau,,down under,
7c49fb7a-71e8-45cc-a437-cdad63ebf6ea,Rauchwetter,Rauchwetter,,usa,
679b6e6e-a92c-4d25-b73b-ecc1f8ede9bd,Rauen,Rauen,,seidenbaronin,
11f41f59-81e9-48af-9f7f-743abbcdb062,Rausch,Rausch,9783629008312,Die verborgene Welt der Geheimbünde|falsche prophet,
c06feb80-9df9-4bc2-9524-9915f5f9ba00,Raworth,Raworth,,donut,
83ced91c-c644-4e0b-b3d5-6d26dde32314,Ray,Ray,,vietnam,
a806a3fc-718f-468a-88a5-54779ffcb821,Rayner,Rayner,,hoehere,
0ecd2178-845e-4219-9842-5ce6dc6ba846,Readers,Readers,,sammel,
74e3ce66-0c11-41d2-adc9-b54b73f1cd3c,Reage,Reage,,roissy,
c0f59243-dce2-4aef-8379-9fb48e1fd609,Reay-Smith,Reay-Smith,9780709029038,Living in Spain,
25a1bf56-0ddb-4403-8664-0e096416923b,Redline,Redline,,ich,
5f7840a3-d4da-43b7-ac59-8ab0bbfc7f0d,Redmond,Redmond,,musterknabe,
058158b1-6452-4924-a9e4-e842e2128ca9,Reemtsma,Reemtsma,,haette verhalten,
aafb7aad-ff19-4be0-944a-45891213ea14,Rees,Rees,,piraten,
b8357a16-9cc7-43f2-a8c2-8fe8b6716923,Reeves,Reeves,,kennedy,
a0b0cddb-f19a-4b31-b49c-6c113f6bd940,Regnier,Regnier,9783442721689,Damals in Bolechów,
c1c7c2d4-3edd-4d0c-a3a2-fd9b7c103f17,Reh,Reh,,asphaltspringer,
feeaac6b-f365-44d8-a9d6-f702b60aba43,Rehfeld,Rehfeld,,zitadelle,
6b3763cd-fd1a-4d99-be0d-97ddb7d612b4,Rehn,Rehn,9783426516850,Die Wundärztin / Bernsteinerbe|wundaerztin,
ba78f73e-ed7b-4ebd-a0e0-02463af8f43a,Rehrl,Rehrl,9783629021014,Die Diamantenkinder,
2484100b-e9c5-4fc8-9d27-d7b09177b8d6,Reichel,Reichel,,grau|maenner staubsaugen sex,
8cb7c5ad-dfc0-47c3-85f1-966dbf944a83,Schi-Dscheng,Schi-Dscheng,,Djin ping meh =|djin,
ddb10351-eb28-44e4-84bb-f9c615a8e32a,Schieder,Schieder,9783550085260,Friedrich der Grosse: ein Königtum der Widersprüche,
1effa5b1-55ad-42b6-a237-f250320d61e8,Schier,Schier,,tod beginenhaus,
101828cd-d9c4-41b1-bc0e-67bfb46f6880,Schlamm,Schlamm,,glanz jahrhunderts,
44562372-5186-4c3a-9561-7a90eada887b,Reif,Reif,,hexen,
b59e157c-f010-47ff-bb17-3b918fb56e31,Monteilhet,Monteilhet,,neropolis,
7151570c-77ed-4095-834a-607e37a4a534,Montet,Montet,,leben pharaonen,
c7898637-fa4c-4636-bfe1-640ffcdde0eb,Moog,Moog,,lebenslaenglich,
c436eb2a-12ac-4243-bc6c-68af925bedd8,Moor,Moor,,wir brauchen nicht,
1054d771-5ba1-41fd-a7aa-8980d8d9959e,Reilly,Reilly,9783548252834,Der Tempel,
2ebbbd91-76e7-46d9-bd43-ff0ebce3d02b,Reinke,Reinke,,yachtbau,
e4907728-35f4-4de0-8593-924aa4d7e639,Reisfeld,Reisfeld,,prinz william,
ea0c991b-d94e-432f-aaa1-1489297d6565,Reitz,Reitz,,hitchhikers,
9b9db804-a9f6-4984-92dc-f45513b92128,Reng,Reng,,englaender|traumhueter,
bacab4ac-93ea-442f-9e6b-82c129c730d9,Renn,Renn,,nachkrieg,
bb1831df-dd95-4bec-a0e6-aad4b86236df,Repplinger,Repplinger,,sachnins,
359ec3b1-5656-4f2e-95ef-0ba1b5acd0ad,Reski,Reski,9783426784990,Von Kamen nach Corleone|corleone,
dd5a8d79-d35e-4d4b-b40d-fbec255e5936,Ressler,Ressler,,jagte lecter,
8a1364ee-28cf-4ff0-9e8c-7facd1f4849b,Revkin,Revkin,,chico mendes|mendes,
d61f2b9a-6e3b-4103-bbcb-282019339184,Rey,Rey,,grieche|knaurs tundra,
1ca5acc7-0a5a-4788-b3a4-9024bbb30be6,Ribeiro,Ribeiro,9783462051629,Lost in Fuseta,
9193a1aa-670e-4267-af2b-4013bbb5cb65,Ricciuti,Ricciuti,,menschenhai,
931d3b21-55a9-4d63-8d9f-175c73d4769a,Richard,Richard,,pfeiler gluecks|showgeschäft,
51bd4221-e65c-4b55-b8e2-9a64b52f9669,Richards,Richards,9783426614341,Ich war ein Kind in Afrika,
9b016e1c-4e45-47b8-9dd0-396c29c8595d,Riches,Riches,,festung,
884cf8a3-0a22-47c0-b9c9-a3a0a7e1c48c,Richmond,Richmond,,cape town,
36f19fc3-5be7-4743-b13c-0b13b96a7a78,Rickman,Rickman,,fuenfte,
b7d39325-fb84-4be6-b35b-4c767bd9f1a0,Riebe,Riebe,9783426194058,Schwarze Frau vom Nil,
11735f31-260c-40a7-a78d-e073e223af7a,Riedel,Riedel,,feuerland himalaya,
7a3fe970-54e1-4be3-9d7f-c32e68f9d6a3,Rieger,Rieger,,unbekanntes asien,
f42c261f-4e19-4318-ada7-1a0724f41ca6,Riehl-Heyse,Riehl-Heyse,,jugendwahn,
19f7023a-83cf-445a-8e0b-9e82298d5188,Righini,Righini,,florentinerin,
69d6c54b-54aa-48d0-aa68-251562e49eff,Riis,Riis,,jerusalem conspiracy,
b89be062-dc68-4609-8f67-94375b9c1df3,Riley,Riley,,orchideenhaus,merkle riley [tmp_authors_csv(nur Nachname gleich)]
62d0ea31-1b3c-4bc4-a98e-d5cfb2bf2a03,Rilke,Rilke,,musst leben verstehen,
8bb28197-3c3a-4c7a-a03a-3267fa238ab2,Rinpoche,Rinpoche,,oeffne lausche|tibetische,
e84ea656-2c2a-4e53-89fc-255bd3752208,Ripley,Ripley,,Scarlett|charleston|charleston true,
2b7b12dd-0fac-47c2-b5bd-e8d5a533b718,Robb,Robb,,kaemmerer|lordkanzler,
587c1ebd-0b6d-4449-944b-36a79797e99e,Robotham,Robotham,,erstgeborene,
a51c45ce-4797-4975-a498-5fc7b7cc5220,Rochford,Rochford,,bibliothekarin,
b4a95ce1-0f22-4235-8a2a-3c9e21c9d27f,Roda,Roda,,streiche,
a5c45811-4c86-4b8e-bc59-5206eb7c771c,Roeder,Roeder,,arbeit halbe,
3257cb88-5571-4b81-9151-f6136fe5771d,Roeder-Gnadeberg,Roeder-Gnadeberg,,aysche,
f86645f7-6b72-47e1-9ada-049b3374bedc,Schrottroff,Schrottroff,,exegese,
8f4df19f-7f64-4b33-870e-1b2414247309,Roehl,Roehl,,amazonen|kopplung,
5628569e-35be-43d5-bf6f-932bde3d5d22,Roehrig,Roehrig,,freiheit|lamm|lamm loewen,
649721c9-b763-41a9-8828-551f120f76fd,Roeser,Roeser,,himmel wagen,
b7f67918-cddb-4d73-9536-9dad17011d85,Roesler,Roesler,,beste,
c51edcf7-0124-4e6f-9044-0b536933f23a,Roetzer,Roetzer,,labor,
b299c352-c952-4a23-9ff7-e083c12cac0d,Rogers,Rogers,,hoax,
3aeda885-395e-4c0f-b414-93614ae51612,Rogge,Rogge,9783499615399,Lauter starke Jungen. Ein Buch für Eltern.|eltern grenzen,
8b33fc0c-0ad9-4e4b-98fd-6d7dcbc44ebf,Rohrschneider,Rohrschneider,,bewerbungsmuster,
b8c4b108-e39d-4f3f-a61e-5bf2b6fe7fac,Rollins,Rollins,,ice,
40c98385-03a2-46c3-a8de-912058f9b1fd,Roman,Roman,,kreativ reichtum,
c8f505d3-7b9b-439b-91a9-cc83d1a7c295,Romer,Romer,9783641212766,dornental,
529655ab-bad7-4031-acc5-70fd3fe5641e,Rong,Rong,,zorn woelfe,
820929f0-ccd3-409c-9da1-07f92296bd72,Root,Root,,wachtel trueffel,
9b6d14a1-b829-4dbf-96ce-95e939b7b537,Rose,Rose,9783401053868|9783442726257,Die Schamanin|Lab 47. Gefahr aus dem Labor.|todesbraeute,
05c2ae4c-fab7-4aa3-9b2e-50f2bbbfacd8,Rosenberg,Rosenberg,,strauss,ta. rosenberg [tmp_authors_csv(nur Nachname gleich)]
24c6cd18-6551-4a64-af51-eff8e8af2bd8,Rosendorfer,Rosendorfer,9783423115445,Die Nacht der Amazonen,
7be7408c-fd06-46a7-853e-4081d27606fe,Roskelley,Roskelley,,tochter,
235cf556-d4b2-431e-980c-4d7163dc859a,Rosling,Rosling,9781250231987,Factfulness,
70da0095-feac-4c4f-9b82-cfeea64af1dd,Rossbach,Rossbach,9783426871072,Feng Shui,
0aeeaf8e-3ec7-441b-a2c1-78b34a042279,Rosser,Rosser,,woelfe,
a3dd38af-2ef7-409c-8bd0-9b79c2c99721,Rossmann,Rossmann,,neunte|oktopus,
6956759e-0a10-4959-b650-2d9bedbfae2f,Rost,Rost,,arbeitstechniken,
b6eed366-da67-45ee-8896-7bde5657a2e9,Rothkamm,Rothkamm,,flucht hoffnung,
60d98161-41e1-4983-a829-58f74df24c1d,Rotter,Rotter,,companion|venus,
170219a0-7c5d-4dff-90d2-bef599338eac,Rouilland,Rouilland,,nordindien,
5f2ddf01-b30b-4272-b797-ca4a549d265d,Rowe,Rowe,,gefahr,
b9474b7e-d19d-4645-8197-8a02ed6ecbb6,Royaumont,Royaumont,,wirklichkeit frau,
39002f60-0d4c-42c1-8649-570d61268b21,Ruark,Ruark,,arm,
a59971a6-5b82-4276-8a65-137defb7cef5,Rubin,Rubin,,familie,
3960ae05-f951-410a-abac-1dfd9dc5ace7,Rublack,Rublack,9783596135752,"Magd, Metz' oder Mörderin",
c7de593e-1b5b-41a1-b818-86ee2d43f388,Rucka,Rucka,,dschihad,
8584556e-df1d-49ba-9a4a-c889ac7a39db,Rudschies,Rudschies,,koenigin jerusalem,
9b1c5405-e8fa-45e4-8e4a-d6c861f0f69b,Ruede-Wissmann,Ruede-Wissmann,,satanische verhandlungskunst,
08d134a6-d145-4b90-919d-778f9c1dd0ec,Ruegg,Ruegg,,tal dorf,
d4a16410-4cbe-4de0-8322-4898bf0135b0,Rufin,Rufin,,abessinier,
44d257f9-b3de-4fbf-b1d9-0664cfbc6bd0,Ruiz,Ruiz,,vier versprechen,
6909e03d-bd35-46ab-8e36-ad0264d08dda,Rulfo,Rulfo,,liano,
15d5c100-83ae-4c1c-a9ba-299ebccd60d0,Ruscher,Ruscher,9783746629834,Fuck the Möhrchen|moehrchen,
a34570b5-fea9-422e-ba03-fdaa5353082e,Rushdie,Rushdie,,children|mauren,
b8891700-3f4e-4816-8d6d-868cf152c098,Russel,Russel,9783826609268,Die Hacker-Bibel,
4c864554-6ff7-4666-9f59-e45615b2414a,Russo,Russo,9783832198244,Diese gottverdammten Träume,
e4e2ff7f-2e0e-482d-9d45-3ac665bc918d,Rust,Rust,,amazonas,
c310d395-727a-4a46-ac66-74b8838cb793,Ryan,Ryan,,feuer glenallen|schattentanz,
6828b3d7-00b0-449a-b9ca-cbe2bf0d8c61,Ryder,Ryder,9783453018945,Das Genessee-Komplott,
0b024108-e83e-4660-af36-f10ad10acdba,Sa,Sa,,bitterer|go-spielerin,
958b1648-f7e5-45bd-bb6d-228ca8840787,Saalfrank,Saalfrank,,ok,
e6be153d-a4fb-47c2-8c4b-5776d75ded26,Sabatina,Sabatina,9783426777541,Sterben sollst du für dein Glück.,
b241e1f1-40c8-4a01-80e5-d3f2db8811fa,Sabbag,Sabbag,,pandablues,
884730b9-bc9e-4273-b1b0-9f9d0fe0fd7a,Morgan,Morgan,,beauty america|flamme|traumfaenger,
63aaa3ed-316f-4a0c-88e0-78dd4153e19d,Sendker,Sendker,,herzenhoeren,
b5663632-6c9c-4b5d-97f4-433c8e392c89,Senger,Senger,,sinnenfreude,
8c0a0efc-92ec-4fdc-9576-88a9dd291f30,Sack,Sack,9783492276115,Gebrauchsanweisung für die USA,
2244e041-ebd2-4105-879b-05d5eebf4202,Sadat,Sadat,,aegypten|gerechtigkeit,
f86253f0-7135-4c60-b1cd-06854553559c,Sadler,Sadler,,Managing Diversity in Global Organizations,
d26aa8f5-5078-421f-a09b-a4c537d44671,Sagan,Sagan,9780320066436|9782253009023,Aimez-vous Brahms...|Bonjour tristesse|kosmos,
9e8847cc-82af-4ca5-84bc-3814372a93c6,Sager,Sager,9783770110513,Schottland|night,
1a20a7a4-e6f6-493b-a8f3-1af9a3dddb3e,Sahgal,Sahgal,,memsahib,
a8dd47eb-1f0b-45d4-a03c-432df392867c,Sailer,Sailer,,goetter,
1fc8d817-0119-405d-95fa-c0f461db2065,Sainsbury,Sainsbury,,cuba,
4e873bc1-4a86-40d2-a8dd-b30ec11e25a8,Saint,Saint,9780689117350,Memoirs of an invisible man,
fa2a8cc3-aac4-4f69-8596-6f90d73f2348,Saint-Exupery,Saint-Exupery,,rose,
84a79fe4-4aca-47a0-94f5-7fb9292dde4a,Salgari,Salgari,,korsar,
0fd0751c-0903-49a8-96a8-dfa566f9d2b2,Sallis,Sallis,,gekuesst,
7320b7c8-b52d-4063-8a9a-7c8385f02247,Salmei,Salmei,,morgenland,
2b2c539c-b985-446a-8cf4-0bd23a0ddc7d,Sampedro,Sampedro,,etruskische,
e79fbe16-dbb4-47fd-afc1-beea00d31187,Sampson,Sampson,,brandt report,
0788a8a4-f67a-4da3-8ad5-f99a20b05e7b,Samson,Samson,,traeumer,
437100ff-e1c5-43cb-bb71-a11734f92841,Samuel,Samuel,,azur provence,
7f086459-df14-48ba-bda0-9eaa38a7fe75,Sanchez-Canton,Sanchez-Canton,,prado,
6f20f5fe-50f8-47c5-9632-7e1d6112da58,Sand,Sand,,majorca,
d0f7a532-fbc1-4fce-8d34-f93868a34c30,Sanden,Sanden,,welt tausend  voelker,
996c863f-b452-4638-a4ae-ff3f54110e6f,Sander,Sander,9783328606673,Alles richtig gemacht,
86726bce-9f63-43c9-8797-200f2f686f8b,Sanderson,Sanderson,,Die Völker Nordamerikas,
0063aa94-a8f9-4bba-8cf3-5cf633f61d2d,Sangal,Sangal,,identitti,
e6dd9ebf-b1b7-4bf1-ae14-31d6d2d10550,Santiago,Santiago,,inseln,
38bc5e62-f8a8-4016-86f3-b72719011ff8,Santini,Santini,,pompeji misteri,
7f47a165-2533-4fe6-8b3c-ce86832b5590,Sapir,Sapir,,2000,
14cb85e0-6bb0-40d9-8f2c-934f6354d1fd,Sappl,Sappl,9783612650269,Erde in meiner Hand. Die Geschichte eines rebellischen Lebens,
b60841e0-e2b9-43d0-a33f-612feaa6b730,Sargent,Sargent,,birma,
150eb843-7af5-4ef7-9e6f-3916636ed15d,Sarif,Sarif,,verborgene welt,
8d4a8dd1-731b-455b-964a-004a65b8e1d5,Satyananda,Satyananda,,entspannt hier jetzt,
40c635d3-098d-4df1-a26f-fb7d3c8134ff,Sauer,Sauer,9783442468164|9783894256081,Der Geschmack der Tollkirsche|Der Stern der Theophanu,
b5d0bfe6-88c3-4199-b187-09464bab78e9,Saviano,Saviano,,gegenteil tod|gomorrha,
f5f6d356-fa76-4d44-bc26-1049d0078dfb,Saxer,Saxer,,erfolg,
94cdc7ce-1f57-4a6b-b026-0ff46398c8c7,Saylor,Saylor,9783764511197,Das Lächeln des Cicero,
8457d680-9eaa-441a-bf09-0bf0ee8f7e9f,Scalzi,Scalzi,,kalifen|planet,
0fa5be0c-c529-4437-9825-cff5293542c8,Schaab,Schaab,,house hypochonder,
bdb58a9b-5e3d-4ba3-a556-ed4c9a9ee65d,Schache,Schache,,geheimnis spiegelpartners,
5c7ce43a-edf6-4ec8-8232-9b919226d618,Schachner,Schachner,,bewegte,
db236edb-58b1-46e4-8f04-21a94d5b71a2,Schade,Schade,9783453312098,Der genetische Krieg,
5141d608-4b36-41db-81a5-987575a3d0ec,Schaefer,Schaefer,,25 letzte sommer|cowboys einsam|finanziellen,
5ccad47c-5b21-419b-ba1a-884814d78914,Schaeffer,Schaeffer,9783777002569,Adolf-Hitler-Strasse 14,
c166e932-3756-47b1-a579-ebad5281ed64,Schaeffler,Schaeffler,,urwaldnot,
6c803030-e9b8-4996-9486-38eecfd0a49f,Schaeuble,Schaeuble,,sein reich|vertrag,
4cf4419a-f262-4000-a7f9-2ddffbf21b53,Schalansky,Schalansky,9788074322778,Der Hals der Giraffe,
ff7431d2-6031-43eb-8b9a-5eec0593be36,Morrissey,Morrissey,,dornenhaus|wasserfalls,
ab8fd012-184e-4a5d-805d-3bc44d053a6b,Morillot,Morillot,,orchideen,
9bdc907e-0165-4bdc-b2a5-b1843fdfcc5b,Afheldt,Afheldt,,wirtschaft arm,
3e3185a5-68ca-4252-a74d-62f6fc268f9b,Ambrose,Ambrose,,8,
f83dc16b-1f85-4f18-902a-cf08522b7014,Ba,Ba,9783596237463,Der scharlachrote Gesang. Roman,
0c907a55-31c1-42c1-85ba-097f66625b68,Barry,Barry,,tricky,
164ecff0-df90-4cdf-93ab-3d3d7f74c0e1,Scharf,Scharf,,sisis,
f110d3b6-f79b-45c1-b25c-6b1f60f9175d,Skuballa,Skuballa,,usa kalifornien suedwesten,
311aa382-b1c3-41ab-8ffd-578a40af6060,Slesar,Slesar,,siebte,
8887b475-be43-4257-98e4-d73bcd93ce4d,Scharlau,Scharlau,,drachen mekong,
4f08e327-376e-4700-b542-3c01284bb053,Scharnagl,Scharnagl,9783796201523,Franz Josef Strauss,
164b88b8-5b36-4711-a93e-1dc577f74b7a,Scheffel,Scheffel,9783518423547,Bevor alles verschwindet,
05703607-ee6c-4d62-be16-c143ba62ce2b,Scheibler,Scheibler,9783442067541,Der Bergdoktor|Der Bergdoktor III|Ewig fließen die Wasser des Nil,
6bd578d8-a234-4453-b57a-ee54e9f1e21d,Scheidacker,Scheidacker,,verliebte,
0465cf69-eb77-407b-8153-36793c46615e,Scheider,Scheider,,radtouren alpenvorland,
d8092fb3-38b1-4c81-9a82-95bd1d2ae170,Schellenbaum,Schellenbaum,9783423085809,Das Nein in der Liebe. Abgrenzung und Hingabe in der erotischen Beziehung,
7e145f5b-9c6a-48f4-9eb8-0f5b5d48f648,Schenk,Schenk,,80000,
3aa6ca0f-1849-4b3b-8ee8-6680fecf10f2,Schenkel,Schenkel,,kalteis,
04f2b953-eedc-4bb1-af9b-91a698339ce4,Schepping,Schepping,,maedchen,
aba56185-75bd-45d4-8332-aae9ba0fab42,Scherer,Scherer,,jenseits mittelmass|sichtbar,
fb221626-ec84-4970-8d8d-52886f6e2834,Scherf,Scherf,,revolver,
a7923100-7c2b-41fc-8b94-e9ccc3ce3bfd,Schetar,Schetar,,namibia,
cdc4bd94-6a96-495a-96cd-73d598605dfd,Scheunemann,Scheunemann,,dackelblick,
63c159c9-f65e-4e92-8b6f-e2cb04e657d6,Schilling,Schilling,9783406700699,1517,
cd62ae1e-b9b7-40b4-a237-dcbd2d4996e6,Schimanek,Schimanek,,suedsee tropenwelt,
333f010d-0698-479c-9ea4-0e557d541fd5,Schimmang,Schimmang,9783832147808,Zentrale Randlage,
a4022d17-b011-4e6c-a8ce-fafda6645e9d,Schindler,Schindler,9783570209554,Geliebte Brieffeindin|heilkraft gleichgewicht|verweigern,
c97ba8ee-9b78-4d03-a39e-bf714a734594,Schlegel,Schlegel,,yucatan cancun,
728a5bd5-c490-478b-b8e3-0899723f2773,Schlender,Schlender,,mitsukoshi,
1821c5d4-a3c7-47eb-9a84-1592f59618c0,Schlierf,Schlierf,9783475531880,Mein steiler Zahn in Himbeerrot. Münchner Roman der 50er Jahre,
08fd6458-718c-4d80-b811-30d55f9a2b57,Schlieter,Schlieter,,juwelenbucht,
bce66308-29de-44f7-afb6-5ec5d0cd0f59,Schlingensief,Schlingensief,9783442745067,So schön wie hier kanns im Himmel gar nicht sein!,
bb85082b-3ed3-44e8-aaad-6fbd06b7f0a6,Schloegel,Schloegel,9783446267442,imperien,
e2ba93c6-7e56-4991-a3c7-efd5820cb78a,Schloetterer,Schloetterer,,macht missbrauch,
3655bbf7-611e-42f5-bd5d-aa71cb2d175c,Schlueter,Schlueter,,fernsehgeisel,
99372288-14db-4e2d-9229-0a9a58352d37,Schmalenbach,Schmalenbach,,afrikanische,
ad0bad73-0073-48f7-8f16-4633afc6e2e2,Schmaltz,Schmaltz,,kindermoench,
76c28768-be21-4ffe-aeb6-2ac366850104,Schmehl,Schmehl,,siegelring,
034c502f-1b41-40a9-a650-172a3da29f9f,Schmeling,Schmeling,,aus,
e718d835-1416-465c-baf4-a5be716b4031,Schmelzer,Schmelzer,,faehrte steppenwolfs,
b88fe7ab-797f-4d76-8a9d-e36ee88e312d,Schmid,Schmid,9783458175209,Liebe|suedwestfrankreich,
f0fa9e5d-4d10-4259-8099-b047170e6c90,Schmidbauer,Schmidbauer,9783498061234,Die hilflosen Helfer|hilflosen helfer,
763ec672-c12f-41ce-aab9-aa0996d7acd5,Schmidt-Aleman,Schmidt-Aleman,,katharina,
fc2137ac-1909-4cd5-bf51-7b52e9ed183e,Schmidt-Bruemmer,Schmidt-Bruemmer,,suedstaaten usa,
16b61b21-1088-46f8-813f-83ad8479c85d,Schmidt-Polex,Schmidt-Polex,9783453006249,Der Patron,
2ec7c897-ad9b-445e-b351-778c1d77df6b,Schmitz,Schmitz,,schneller lesen verstehen,
84b2cd59-888b-45a7-b2c3-8d34d5e7256e,Schmitz-Draeger,Schmitz-Draeger,,perfekte,
cfb92c4d-d8de-4590-b6e9-6723aa6e86de,Schmitzer,Schmitzer,9783903005259,Die Stille der Gletscher,
54d13405-a2cd-4ae3-b8e0-a203833ccb83,Schmoelzl,Schmoelzl,,nicht war noch,
adab4663-1e24-4c62-b89f-7c90b50eac3a,Morrain,Morrain,,harris,
e350a7cd-7c57-4d06-9a5d-e3091efde3e9,Morrilot,Morrilot,,orchideen,
bd61f393-0193-4c4a-bd12-9d9562c5eee0,Morrison,Morrison,,anden wildnisse,
aef49f99-4f52-4a9b-a749-2123e599e4ad,Schnack,Schnack,,hauptsache,
fb86196f-d467-4cb8-a993-0006be9842c6,Schnare,Schnare,,entraetselte tierwelt,
7b3972ba-2fa2-4a47-bdd3-d64e11e51819,Schneyder,Schneyder,,leben,
2e54ee14-4bdc-4b8c-b21a-3b0a4fc2fe30,Schnurre,Schnurre,,vaters,
21a9e069-5dd4-4bed-ace5-9ab636ab9459,Schoeller,Schoeller,,afrika first,
72d2af9a-09bd-4d17-a381-cb2e019ba72a,Schoellgen,Schoellgen,,brose,
bab7b2af-00ae-4930-be8c-467b6af20fa7,Stachniak,Stachniak,,letzte tochter versailles,
61663d27-ca22-41a1-aec9-28f3429ee9d9,Stadtmiller,Stadtmiller,9783765520594,Meine 100 Elefanten,
7a591534-3e7a-4651-a40c-d3a7f0462d08,Staecker,Staecker,,nana,
27d2a565-48a0-483d-9c75-8c19d8865d8c,Staemmler,Staemmler,9783518377710,Die Federn des weissen Adlers,
33558c4e-9d14-4ae9-8cdd-97929dc5d19d,Schoenau,Schoenau,,tibers,
d8111986-3855-4bd3-bc58-0d825076db9b,Schoenberger,Schoenberger,,worry fifty,
aeb50a0f-1f92-4176-8d43-c950c990ec3a,Schoenfeldt,Schoenfeldt,,sonderappell|tons,
15a5d00c-084a-4032-891d-86177c79b18e,Schoenherr,Schoenherr,,blutroten morales,
8bfe563e-84c9-4a7e-ad30-86e538a5fb85,Schoett,Schoett,,boot,
21a99365-b750-4027-848c-75f03a36a26b,Scholder,Scholder,9783426506509,Oktoberfest,
2f0c0805-3a60-4076-b696-3ffc3910e16a,Scholes,Scholes,,regenkoenigin|sturmfaengerin|traumtaenzerin,
21123f2e-ac8c-4789-8297-ee73c30957c0,Schoy,Schoy,,heimat vermisst,
b471e0bc-cd35-4549-966d-81dd2e07e12a,Schrader,Schrader,,elyas,
aff4eaee-2a2c-43ab-8931-05de9705964a,Schranner,Schranner,,fehler|grenzbereich,
5d042df0-6811-40f8-a0d9-d7bc4d550e84,Schraven,Schraven,,deutschland,
8ed7e611-b9e5-4974-913e-118955af78bb,Schroem,Schroem,,hilfe braune,
a603bcff-788f-4025-b4b2-dd0aab3bd2a3,Schubert,Schubert,,christus|zypern,
edb31b4f-d8c4-4ffd-aa78-5bdfab816401,Schuetzhofer,Schuetzhofer,,tochter advokaten,
d7597023-0723-4d6c-8706-d1c2df53ad60,Schug-Wille,Schug-Wille,,byranz welt,
6658dbe5-1ab8-4336-80d5-c24ce49db7ed,Schuh-Tschan,Schuh-Tschan,,geräderte,
8f32af6a-fa90-4a2b-a29a-c67f1913b315,Schuhbeck,Schuhbeck,9783453863989,Liebesmenüs. Raffinierte Köstlichkeiten für sinnliche Stunden,
81045f75-3f03-4cb3-8287-6e17efac3fd8,Schuhmacher,Schuhmacher,,filmte 1000,
9afb6989-4e46-4904-a9c8-47705a65651a,Schul,Schul,,geld,
12ab2a78-850f-4277-946f-650550d16b88,Schuler,Schuler,,recht,
95652834-85d4-4aa8-9a59-c052fb05cef7,Schuller,Schuller,,katakomben,
60e0ce6d-2b42-4c2d-964c-b1765511b28a,Schulte,Schulte,9783492006705,Das Karl-Valentin-Buch|kontrollverlust|nofret schoene|schnitz,
26fb74a5-fa90-4e12-bd25-bdd31ccdd6dc,Schulte-Peevers,Schulte-Peevers,,california,
0f63a24d-9496-4719-af66-192184c633d4,Schultz,Schultz,,story,Patricia Schultz [tmp_authors_csv(nur Nachname gleich)]
b7fd3e2d-29f3-481a-a523-944637503a5a,Schulze,Schulze,,heilkraefte natur,
68af3561-9a16-4c85-9997-f253b96f9b00,Schulze-Marmeling,Schulze-Marmeling,,bayern,
23988028-67eb-48e1-aa35-6988a5deebaa,Schumacher,Schumacher,,anpfiff|survive radfahrer,
655241af-5e7a-4646-95d3-038501860dfc,Schumann,Schumann,,python|schreibkunst,
48cff12d-c707-4434-b888-a6f747424016,Schunk,Schunk,,heilpflanzen,
4cc85b64-8b01-4ff1-bbd1-a301f17ff3a5,Schur,Schur,,wahnsinnskarriere,
ac45f421-04ba-46be-bc22-def58f4fe028,Schuster,Schuster,,open book management,
203952d2-0ce0-47d5-a05d-a4643aa6e93d,Schwab,Schwab,9783442005000,Die schönsten Sagen des klassischen Altertums|leben,
2281eb2f-0b83-49bd-8802-1e40b8d6eab9,Schwaegerl,Schwaegerl,,gesundheit alter,
63f15f0a-9a8a-4af8-b26a-8b28ab4a5bbc,Morrow,Morrow,,rain-man,
edf282e8-55cc-455c-8f74-8759ac1acf8b,Schwan,Schwan,9783426273104|9783570011805,"Besiegt, befreit--|Der SS-Mann: Josef Bl osche - Leben und Sterben eines M orders",
776edede-263b-4243-9947-56f75824de51,Schwartz-Nobel,Schwartz-Nobel,,vertauscht,
78421562-6e1e-4c54-8d89-7db6af10658a,Schweder,Schweder,,mutterliebe warum stark,
1fb379c3-b565-464b-abca-8468a8795bf4,Schweighoefer,Schweighoefer,,heineken eineken,
349ca06a-c648-4106-aed7-1b4840ead260,Schwerla,Schwerla,,polizist,
d80d863e-761d-4392-9631-378cf3664e32,Schwitzer,Schwitzer,,heilen naturelementen,
e6a2fb4f-5aba-4d24-8cc9-76d414762695,Scofield,Scofield,,Die Tibet-Verschwörung|Gelber Kaiser,
66e0ff02-c029-42ca-b494-70b785d61d04,Scotson,Scotson,9783426023884,Doran und seine Schwester,
c22b8309-82f0-4673-b986-aeee4bc4f43c,Strieber,Strieber,,day|war,
68cdcbcd-cdc7-4ee6-ac7b-3451dc4c684b,Stripp,Stripp,9783426010686,Rote Erde,
525868a8-7c39-467b-8703-6780993de8e2,Seagrave,Seagrave,,aufgehenden,
4ba2149b-134a-4b9d-b09d-1cff16eaceef,Seale,Seale,,nidal haendler todes,
f60fec94-c16a-495f-bff9-e14d928639a1,Searls,Searls,,bord,
f61274e6-355a-4157-bbc2-293d47139d16,Sebald,Sebald,,austerlitz|unbekanntes fuenfseenland,
855e711b-604c-4dbe-aa0f-d202d019909d,Seder,Seder,,vollmond erdberg,
420dc545-1453-470f-92e4-ab106fd77967,Sedges,Sedges,,westen,
05bfa836-7179-476e-a7d5-cc7d401e0b9f,See,See,9783426616499,Auf dem Goldenen Berg. Die Geschichte einer chinesischen Familie,
08c28cab-de5a-4565-bd7a-b6ce5a64506a,Seerbanenco,Seerbanenco,,mailand,
c64c9c3a-b3c3-42d8-aff2-452d42aa34df,Seethaler,Seethaler,,weiteren aussichten,
db68391b-6ec6-4d55-916b-b2168cecd199,Seibert,Seibert,,zweitausender,
f4aa606d-f664-4f02-9c7d-14c38125cf79,Seidl,Seidl,9783800410859,Ins rote Reich des gelben Drachen|marke|schoen junge welt,
de1b9262-4f57-4c0b-9407-a5e7de38c5a3,Seiler,Seiler,9781681378534,Stern 111|stern 111,
668cd347-7b18-40ee-9628-6fd9cfcd8599,Selio,Selio,,desiree,
fceb348f-4ae9-4534-a489-a9dc16c5e298,Sellers,Sellers,,sternennaechte,
5b074778-5c02-4dc2-a17f-66f3a51aaad8,Sellor,Sellor,,freunde,
b1f97715-e760-42fc-a008-a321ad4fc0b7,Sellou,Sellou,,einfach freunde,
9f184f7d-4a8b-4004-a618-fd20512c568b,Servan-Schreiber,Servan-Schreiber,9783442153534,Die Neue Medizin der Emotionen,
bfe7e516-674f-4dd7-898a-836128ba26e2,Seth,Seth,9783453165151|9783596164738,Eine gute Partie.|Tianchi,
215a9ca0-0334-47f8-a2aa-552830e8fa7e,Sevell,Sevell,,black beauty,
9a30f3d5-69e1-4ea5-be33-67b821d6eac4,Sevindim,Sevindim,9783548263670,Candlelight Döner,
b82d21fd-b8c2-4edf-b7e0-26d6f875ac8c,Sezgin,Sezgin,,artgereicht freiheit,
b8fe03a2-9c32-4671-af54-63cb2000d951,Shalev,Shalev,9783833302695,Mann und Frau.;|liebesleben,
22a8e491-7f09-4507-8883-4afb215e1c9e,Shamsie,Shamsie,,verbrannte|verse,
ef542b73-eed4-4782-9880-b1c1acc69aaf,Shane,Shane,9783641125844,paranoia,
2be96c8f-853c-4633-9f4c-b93b220b03b1,Sharpe,Sharpe,9783548202020,Puppenmord oder bis dass ihr Tod ihn scheidet|river violence,
9f6598bd-bef1-4de2-9c34-4b0e05afbd21,Sheehy,Sheehy,9783596234059,In der Mitte des Lebens|lebensphasen,
f1b9b619-9de9-4ca3-bdee-6684f3faf06a,Sheikh-Dilthey,Sheikh-Dilthey,9783770111701,Kenya,
2b7b00d9-c796-46fa-9e4f-954f4f2b8abf,Shelby,Shelby,,finsternis,
7f2a40c5-aae0-4bf2-a253-3ea42473257f,Shem,Shem,9783437456107,The House of God,
89354939-04eb-480b-9535-9726472b861e,Shin,Shin,,please mom,
e35743b7-d280-421a-a772-eb9ef8a20d99,Moser,Moser,9780809424849,"China - Burma - India (Time-Life's World War II, Vol. 9)|dschungel mittelamerikas wildnisse",
60f717ac-8e58-4084-b8f1-3f19692b740b,Shoneyin,Shoneyin,,geheimen frauen segi,
93345fdd-aefa-4429-a8b2-329f3e427a27,Shostack,Shostack,,nisa,
5b05f28f-8a2b-40a7-a75f-a4f19bccd10d,Shostak,Shostak,,nisa erzaehlt,
b8581f8d-110c-4042-9e81-62871c936198,Shpancer,Shpancer,,psychologe,
3a74d61b-c80e-4374-a1f2-0d7bc595eace,Shreve,Shreve,9783492039536,Das Gewicht des Wassers,
8b885eb3-fc66-4d70-bbf3-d83fe269e862,Sick,Sick,9783462034486,Der Dativ ist dem Genitiv sein Tod,
833d80c5-31d5-426f-a0ce-2c1b33bb4151,Sidebottom,Sidebottom,,krieger roms,
765d7304-15dc-4fc6-8444-5100cf1472b6,Sidhoum,Sidhoum,,adhd overthinking,
933478a7-8d74-42f9-a081-494395c7cc86,Siebert,Siebert,9783779576068,Roter Reis im Paradies,
75381fc6-45e8-4216-ae51-cb4c5b588e5c,Siebold,Siebold,,takeda altona,
efd6dd6d-ddb8-4ab1-984a-868af2bf0033,Siege,Siege,9783407800640,"Sombo, Das Madchen Vom Fluss : Erzahlung|fluss dorf",
daec368c-94aa-431b-98aa-ffc35c22dc11,Sienhiewicz,Sienhiewicz,,quo,
99d767d8-8f1f-46c0-b3c9-c0988cd90717,Sienkiewicz,Sienkiewicz,,quo,
dfbc3a44-0e91-42ce-a7f3-5c1fb5e11fcc,Sieren,Sieren,,nachbar china,
dbed6da4-c9d3-424f-bcf5-b62a57a499d6,Sievers,Sievers,,bauernkrieg,
5b99dc46-2104-41b7-9ccc-957072f0db19,Sigmund,Sigmund,9783800037773,Die Frauen der Nazis 2,
ac6cb68a-ccd3-4185-b8c8-b19b1a816ecd,Sigurdardottir,Sigurdardottir,,abgrund,
3563b345-e109-4219-884d-487db1ddffe9,Silber,Silber,9783548353340,Ist Amerika zu retten?,
59807e2b-75b6-4680-80ea-2ae11059127a,Silja,Silja,,feuertaube,
69be758a-13a2-426e-a311-1823dcc9e94a,Silverberg,Silverberg,,majipoor|meer kleine fische,
48bceebd-5541-42f5-b041-3808e8b2a8a4,Simmons,Simmons,,diana,
38e1c2c2-9815-4afe-a319-134e9f7adcda,Simons,Simons,9783980674638,Gesund länger leben durch OPC,
7a097d58-6961-46a6-9697-a29ecf197250,Sindani,Sindani,,paradies,
b406266c-45a7-49b9-9535-0418f716b886,Singer,Singer,,geliebt gequaelt gehetzt|kraenkung|seidene,
e41da0a2-e7f7-4340-af17-abd536f6df51,Sinoue,Sinoue,,aegyptens|isfahan|oelzweig,
7c518a33-2bce-4c48-a5f2-57e0b2c2b089,Skidelsky,Skidelsky,,genug,
cbe89e92-2c7a-4a54-a114-b31004b63839,Skimin,Skimin,,chikara,
71f2ce6f-e8ab-419f-89b2-bb0f465d6da7,Slocum,Slocum,,allein,
05b1d64d-da42-4d05-8dac-2f1d07f149b0,Slovo,Slovo,,roter staub,
1066d812-409f-4997-b98c-b1c7af475cb7,Slywotzky,Slywotzky,9780755361809,Demand,
c76b9f8e-4a4e-42ef-b215-4cdd41d44c7f,Small,Small,,versuchung,
1c559690-2f78-411d-831b-8f5be7fef504,Snowden,Snowden,9783103974829,Permanent Record,
18c5bd62-2473-4b2c-9a0f-4c36f4b3368c,Sobisch,Sobisch,,havanna umgebung,
45d682b9-b47f-435e-a91d-c85759bc3d3e,Sobolewski,Sobolewski,,bundestag,
aeb84aed-de71-407f-890c-00fae7efaeca,Soederholm,Soederholm,,hellesta,
8069ebaa-62c0-46f5-8b9e-bd2cf7db077d,Sohn,Sohn,,prospect,
5077426b-44a7-413e-9652-7f4e8ecdc92b,Sohre,Sohre,,Die besten elf reiter,
7f2b21ee-ecd2-454c-bb8c-4d52beb63810,Solomita,Solomita,,crack|pur,
29e70d08-359f-42ba-8f7a-42b0c13210c1,Somtow,Somtow,,wolfsruf,
d545c3c4-4b30-400f-9eaf-9b53b5881ce3,Souad,Souad,,Bei lebendigem Leib,
765a0cce-8da0-41a2-bd28-3585582bb74d,Souljah,Souljah,,kaelteste|winter,
f18455a0-d9f0-49bd-9cef-23fc2e3f9d3d,Souter,Souter,,dealer,
680cbab2-c25d-4d84-8692-4ec5acf4f9d8,Soyener,Soyener,,meister siebten siegels|siegels,
0188f4d4-d54f-4cee-aef8-30db3c1ddc4e,Soyka,Soyka,,kinsky,
f27fa0a2-f4c5-4811-a51f-7220a4ea8032,Sozio,Sozio,9783492057967,Das einzige Paradies,
c0ce1938-7b35-42f8-be3c-bd2a8892c6a0,Spachtholz,Spachtholz,,stress,
bbbb9987-3cfd-4c64-ae7f-d50f0a575633,Spang,Spang,9783426520239,Die Frauenburg,
87c4a383-ad11-4f26-87aa-f576eeb8fed0,Spannbauer,Spannbauer,,finanzcrash krisenvorsorge,
2920d089-45c7-4af6-8418-25066e5beb5e,Spark,Spark,,mandelbaumtor,
3578d27b-117c-42aa-8481-ff6909156a62,Sparks,Sparks,9781448134557|9783453503823,Das Leuchten der Stille|The mind of South Africa,
d121e932-26e6-4aaa-bbc5-8585679722b5,Sparnon,Sparnon,,terzito,
7b7feb78-c3e7-46cb-85a6-30f0be637b5e,Speck,Speck,9783596703661,Bella Germania,
ceea7a0c-14d0-491f-9554-0094730d5628,Speer,Speer,9783548035130,Spandauer Tagebücher,
169ef3a3-f35e-411b-9fa1-eb4131f3a47f,Spencer,Spencer,,lennon beatles,
2f92fba3-2d01-4fa6-b925-ecd3b3c9f487,Spender,Spender,,zypressen,
787d1bea-bdab-4ab1-9154-48d5aeacb1e9,Sperber,Sperber,,wassertraeger,
fea10d16-43f3-4fdf-a520-2c5ca7ee642f,Spiegel,Spiegel,,yunus,
70173027-42a6-4009-83e6-9b875a496536,Spiegler,Spiegler,,purpurfeuer,
625731cf-9aac-488b-a932-2eff26d998c7,Spielvogel,Spielvogel,,anangula,
ce05980d-bf69-4b20-9b67-0572b81b052f,Spignesi,Spignesi,,titanic,
e4060835-71a8-4b00-a564-cf8f84f6172f,Spinney,Spinney,,1918,
daa8b710-990a-42e1-8e51-3272dda5e79f,Spitzer,Spitzer,,einsamkeit,
77f00b66-f74d-41a1-814d-905b555c68b9,Sprenger,Sprenger,,vertrauen,
050fda16-e56e-48d1-8a81-300db97966ad,Springer,Springer,,geht’s arabien|klick,
81b2b13a-0b21-4d1f-b8ff-aad1ff0d4cc3,Spyri,Spyri,9798671119602,Heidi,
d6da2edd-ef87-428c-b0e0-e9b6df3157e1,Sr,Sr,,centurio|diebe|efeubaum|enchantment|erbe|lawrence,
1762acdd-1a32-4879-a1d2-12955776a94c,St,St,,anleitung,
137008aa-954b-45bf-9709-ac0245cd243f,Stableford,Stableford,,schlange,
f30d7c5d-068d-47d9-9c1d-a55379d42176,Staffel,Staffel,,heimweh,
98d8fe5a-113e-4688-8c83-ba4bc356b715,Staller,Staller,,magd haus,
6d4cc043-ef5d-4ffb-9d17-beda627777dc,Stalmann,Stalmann,9783492115414,Champagner und Kamillentee,
9041e593-4f00-4651-800b-6d35b8447e01,Stammel,Stammel,,gebrandmarkt deutschstaemmige mason|whiskey goldfield,
987eb801-6d0a-48cc-a74e-48326d8cefa0,Stancioff,Stancioff,,callas,
e6a0cb0f-d228-4fa8-a79d-77b15ca467c9,Stanley,Stanley,,livingstone,
7a71d30d-ccae-4a1c-96fc-7e60804a64bd,Stannard,Stannard,,tunesien,
e77bd6e4-283e-4c6c-a8bc-8add4af80636,Starling,Starling,,messias,
c1d1b1ae-edc5-4177-8c2f-50b684041e54,Staszko,Staszko,,grosse buch  kletternattern,
40babd13-73bb-4b8b-bbc3-65e758bafb5a,Staut,Staut,,bain,
84a8f8dd-cdd0-456a-8a04-1c9e04803a8e,Moshammer,Moshammer,,mama ich,
5a396d11-0210-4357-882d-6b8c94c0d0ad,Soellner,Soellner,,freiheit weh,
fee88a3a-9eaa-4b76-ae3e-6ded3ff3a53f,Stecher,Stecher,,ausdauernd erfolgreich,
7290e94a-ca13-4006-9878-7e4b2de5782a,Stefanides,Stefanides,,odysee,
a7f5664c-f027-4b3c-a90c-9c63272b69a2,Steffens,Steffens,,ueberleben,
0c36055f-cbfa-4166-aca9-9bf84486fdfc,Steiger,Steiger,,erkauftes,
7c55923e-79df-4cb1-8fb5-15db9002ce7e,Stein,Stein,9780377660885,Der grosse Kulturfahrplan|zweitausendeins,
345e1e28-c5f7-4d5a-896b-d76f2f911949,Steinbach,Steinbach,,gefaehrdete heimat,
e4c32e4d-deff-47cf-bb88-adb1a58d08ac,Steinberg,Steinberg,,gegenoffensive pazifik|wellen wir,
f8d37fa8-9c55-442f-9aa8-b55672570578,Steinbichler,Steinbichler,9783475532153,Berge erleben,
d74e9571-c65f-49ff-bd68-32e15a5317da,Steinert,Steinert,9783421061133,Tausend Jahre Neue Welt,
2a3fc177-d259-4eac-9448-5b9834b4276d,Steinfeld,Steinfeld,,sprachverfuehrer,
b6383bba-8dff-4d35-ab0a-a1b17b769828,Steinfest,Steinfest,,batmans,
8fff958a-5cde-44fb-9d08-763ffc4039cd,Vanpelt,Vanpelt,,remarkably,
f994f26c-ac48-45dd-8825-68c7336d475d,Varesi,Varesi,,bartholy,
b4000392-340f-4b6d-8385-ffb78797048e,Steingart,Steingart,9780071641593,Weltkrieg um Wohlstand,
c6693eee-b86a-43d2-90ae-7445ee8f3d7d,Steinhauer,Steinhauer,9783453266100,Der Tourist,
7ff84d18-576b-45a2-ad0c-71c0921ccc6b,Steinhoefel,Steinhoefel,,mitte,
93c5e624-8d9d-413a-8c5e-00ddfbcadee9,Steinhoff,Steinhoff,,stunde|weltkrieg,
02676173-aab3-4003-b0b1-f64251918611,Stelocke,Stelocke,,portugal,
72844348-988b-4b3d-99b1-9f634d4aebfd,Sten,Sten,9783462043020,Tod im Schärengarten,
6b2c8b39-9948-448b-8cf9-ff6cbb12fc37,Stenebo,Stenebo,,ikea,
850066ed-310b-4343-9766-a4b93460ada4,Stenger,Stenger,,schaf,
58c8b6e0-d626-426f-b2f5-2e775c6a92b4,Stephens,Stephens,,rush,
301e03d7-1373-4efe-98ff-b8ef645b2d03,Sterling,Sterling,,amazonas wildnisse,
8b54ded7-f0d8-4037-b26e-da0e3dbf4675,Stevens,Stevens,,immer ausweg|perdido amulett kartenmachers,
7711fc42-b409-4f3d-8895-6715df76f9ce,Steward,Steward,,rod,
cc0ba4bb-dde3-4f06-9b0f-cab66326ec2c,Stierlin,Stierlin,,welt griechen,
9789aa6a-a988-4635-bd5e-7fd4b297ae3b,Stine,Stine,,kuss|silberne,
64c22225-9e8c-4462-b8f4-622e60f87d9b,Stingl,Stingl,,taifun,
954aa545-0289-47cb-b7d6-f112a9734cc5,Stirling,Stirling,,schatten,
4b419066-de91-48ff-af99-27c941552bb6,Stockett,Stockett,9783442714506,Gute Geister,
8584e6c4-bc7d-4a39-840a-2cb1a41924ee,Stockheim,Stockheim,,empoerer,
9df2b530-2db8-4f0e-b4d6-5d455d8589a6,Stoewing,Stoewing,,bloeder prinz kannst,
a38f660c-72c1-47b6-929d-2841108025ea,Stoker,Stoker,,dracula,
c1bd26e8-2640-422f-950b-087d5cc28cde,Stokowski,Stokowski,,untenrum,
dc47ff44-6e21-4ac8-8015-da6d1b7d3a7a,Stout,Stout,,delikatessen|fluch boesen tat,
7a657cf0-b900-4f6c-846e-43ff1af21d9a,Stratmann,Stratmann,9783462043952,"Sie da oben, er da unten",
bd4a685b-dde3-4545-917b-512c465ea4c5,Strayed,Strayed,9783442158591,Der große Trip - WILD,
82694b24-a5fc-4da9-82cb-a8a79cf19ad9,Striano,Striano,9783492237789,Die Portugiesin,
c8ce1523-0399-4a3d-8002-cba3c949c175,Stromberg,Stromberg,,essen,
a2e10a71-a233-439f-895a-a06c9f817177,Strotmann,Strotmann,,sonst,
5c1445ea-5f83-450c-8d40-d833c4d6f52d,Stroud,Stroud,,batimaeus,
0af28f5b-1282-416a-a1a0-ef82d06cb77d,Strout,Strout,9783442742035,Mit Blick aufs Meer: Roman|an meer|meer,
f1474a71-2e14-40fd-b056-f389384eb7ff,Strunk,Strunk,,fleisch gemuese,
ecf365e2-0053-485e-b701-29f12dd53e2f,Strunz,Strunz,9783423340045,"Forever young, Das Erfolgsprogramm|gesundheit",
d4de2494-bedc-4d6a-bfe4-390d868efea2,Stuart,Stuart,,australien,
ef87fb96-5c75-4a17-be12-924a0da23b55,Montefiore,Montefiore,,schmetterlingskaestchen|stalin hof zaren|zauberlied,
2769ab43-17ea-4b4a-aa40-8c2f99fac813,Motram,Motram,,myron,
fbe264d6-b55f-46c9-b16f-2e8bf44a98e0,Stuart-Fox,Stuart-Fox,9780909188894,The murderous revolution,
320c0df0-05b4-4e93-a2a1-39ba94e890e5,Stucki,Stucki,,lob schoepferischen faulheit,
4ada1b27-f856-4a64-8b0b-95895fb9d7c8,Stulin,Stulin,,freibad,
28dd1ef5-7712-49be-b9ed-20c2029d96de,Stumpf,Stumpf,,kinder natuerlich,
0d333142-b453-4a06-820c-a5f6cdf3d40c,Styron,Styron,,feuer,
3b8b991b-f0e1-4045-8233-423277c27c29,Suender,Suender,,ja tante inge,
1c5c5eaf-1c93-492e-9a4e-1090be615886,Suess,Suess,,verwirrt,
2c087636-b151-4a04-803f-d7b2277cb61e,Summ,Summ,9783442165377|9783806848113,Die Summ- Trennkost. Das Original|Trennkost,
6d337139-bcb9-48d8-968f-030612bf7b97,Sundaresan,Sundaresan,9783596157372,Kaiserin der Rosen,
64199be4-8386-406e-9ffc-608350431928,Wambaugh,Wambaugh,,zwiebelfeld,
548ab931-db61-43d6-ac0b-33315a1bcb16,Susann,Susann,,einmal|puppen,
c161df56-cc15-462d-8824-dc6428ecdbfa,Sutcliffe,Sutcliffe,9780140272659,Are you experienced?|falsche,
3b37b641-524c-4abc-8edd-871944e1d004,Suter,Suter,9783257062311,Die Dunkle Seite des Mondes,
d09ec030-5cdf-4dd0-81ce-01f2eadb055f,Sutton,Sutton,,knaurs wald|voyeur,
8bdea772-682a-4aa0-9f1f-a38dbe14d2d1,Suzuki,Suzuki,,kultur,
8bf839d3-0c6e-487e-848a-c742598038a3,Svensson,Svensson,9783451708107,Neue Abenteuer auf Island mit Nonni und Manni,
7f97425f-be76-47a3-aab5-251df94c7d82,Swaan,Swaan,9783770138173,Die GroBen Kathedralen (German),
4c5e8dac-3558-4838-8113-6185c2c3bdd2,Swain,Swain,,river,
854bfae9-1271-4d4f-ba42-7c2939066acf,Swale,Swale,,pferd chile,
f0f53a66-3028-4222-97ba-72a2daf760f0,Swanson,Swanson,9783734103599,Die Gerechte,
aa3a49c0-89d8-47b0-84bd-3d81411da089,Swarthout,Swarthout,,bless beasts children,
12798293-b2c5-45f0-997e-f081206af5b6,Morehouse,Morehouse,,prinzessin,
e1e04b61-23f4-4583-9175-1258bd51a43d,Swift,Swift,,Le Sahara|gullivers,
e38a2001-8ff4-40fd-8b65-f82b476561a0,Swoboda,Swoboda,,muetter maennern,
9b4f72b4-cf1d-4362-afc9-a7e10ed721ce,Sydsaeter,Sydsaeter,9781322197319,Mathematik Fur Wirtschaftswissenschaftler Epdf,
f0f96f86-bcc2-402d-b6f0-d9f53c616bf0,Sykes,Sykes,,klick,
c48f2b1e-988c-4240-adfb-79399c6cba59,Swann,Swann,9781641296823,Glennkill|garou,
cba7e12b-f1cc-4a84-ba63-8c416455f2ab,Szava,Szava,,syrakus,
0106758c-7224-42d5-abe3-a70e5fdc9826,Szerb,Szerb,,antoinette,
f28042a1-ae84-4229-98d4-d2eb578c3826,Tacconi,Tacconi,,hanis|sonnenjungfrau,
0b3fc5d0-b5b1-4f94-8b65-117bf3314bb4,Taeschner,Taeschner,,erotic drinks,
eec28e86-61ef-4b07-9e47-a01072a0cc8b,Talan,Talan,,manchmal,
e1a2f218-3fe9-40ab-80c2-8dcadd77b890,Taleb,Taleb,,schwan,
b8d2a81f-f70c-440a-9d88-f0ceb1f6e8e1,Tamaro,Tamaro,,flehen,
bc712b8d-6d11-4c44-8d8b-41f4091d08cd,Tanner,Tanner,,wildnisse neuenglands,
ee775046-de82-4041-9bfc-211cf7e1a457,Tapie,Tapie,,gewinnen linie4,
4af7ccd6-d06e-4525-832b-ef2800ae0ea9,Tapscott,Tapscott,9783864703881,Die Blockchain-Revolution,
077e2b6f-7dc0-4074-99c4-e4742c006a06,Tarara,Tarara,,indien kennen lieben,
a344985e-dbcf-4255-a571-61d8fad2cb51,Tarawneh,Tarawneh,,jordanien,
ff83f6c5-08dc-4ec3-b5fa-0ba617a927fd,Teale,Teale,,herbst,
a53e2a4e-f21f-43f9-9be6-ff4fdf713be5,Sullitzer,Sullitzer,,green|hannah|kate,
92037882-ffa6-4f06-8d4f-1a791850a522,Mowat,Mowat,,faehrte|fährte,
f30db976-430a-4e61-90a8-0684e0e1e7be,Moyes,Moyes,,haus wiederkehr,
f073ccb8-4eb8-4de0-a41d-31eaaeeb1e1c,Teeuwisse,Teeuwisse,9780753559697,Fake History,
ff9b5f84-3dfd-413d-88ff-6a3b1a74841b,Teipel,Teipel,9783518397718,Verschwende Deine Jugend: Ein Doku-Roman über den deutschen Punk und New Wave,
d752e3fc-a147-433a-bc0a-33470f37c873,Tell,Tell,,kabul,
6376f31d-dd60-46ab-94a9-a7a3b0f975cd,Tellington-Jones,Tellington-Jones,,umgang tieren,
7baf9d7f-6b58-4367-a44b-032c323c7c8b,Temple,Temple,9783492274425,Im Land des Silberfarns|wahrheit,
dc35db60-09a4-49c5-b53f-58d21cc4d351,Templeton,Templeton,,maenner normale wahnsinn,
cafa8ef4-79ee-49cb-a43d-bf177da193ba,Temudschin,Temudschin,,tschingis,
b5eddc99-eafe-41db-bb3d-292c8f6db5f7,Tenberken,Tenberken,,tibet,
d2628bf9-1255-42c9-b72b-3ce260af1091,Tepperwein,Tepperwein,9783478087896,Krise als Chance. Wie man Krisen löst und zukünftig vermeidet,
80c7f4ed-f228-4f12-b59d-3d85ad310778,Terray,Terray,,toren himmels,
d66ffafa-5614-40dd-9cea-1e48397bccb6,Terzani,Terzani,9783426779569,Noch eine Runde auf dem Karussell,
9405e27a-d3b6-4de5-9f91-a07fd70f3171,Tesch,Tesch,,zwillingsbruder,
936db221-0956-46fc-bf23-541edfe98cb1,Tesche,Tesche,9783894872908|9783894874933,Das grosse James Bond Lexikon|James Bond,
a1b3dd7d-6b58-48c3-95ce-97be609d6f62,Texier,Texier,,manhattan,
ea9f173f-7c17-42cf-be7c-92e4cb6eda28,Thal,Thal,,puppenspieler flore,
759c96f1-0330-4686-ba93-0d447c6bcdd1,Thamm,Thamm,,trotzdem weiterleben,
11a68d40-3704-480a-9066-5147af8747c1,Thayer,Thayer,,jahrhundertmann|woelfen,
ba51b551-270e-4ae1-8e26-cdf87a65084a,Theis,Theis,,einstieg .,
15fe373b-05a0-4301-b11d-c1f87ba26cf8,Whittle,Whittle,,wilheim,
ecb6c968-cb3c-4331-b3f2-e4baab71935b,Thelen,Thelen,,buddhas sieben uebungen|frank|schaefer tausend,
863babf5-1ddd-4d6d-b2f9-f04fa96eaab9,Thieck,Thieck,,sandwolken,
51e3c487-0866-48f9-813c-f324c94fe124,Thiele,Thiele,,definitionen,
336fb517-9814-4b1a-89f8-d5f64704ae62,Thiemann,Thiemann,,stell schergen gut,
27571cd5-160e-40da-9460-02a56a91a272,Thiemeyer,Thiemeyer,9783426632307,Medusa - Roman,
8f67083c-7c5c-4fcd-887c-d448eeaad9b3,Thijssen,Thijssen,,cleopatra,
2857b274-1ad2-4f0b-bb2c-71baa98825c8,Thiong'O,Thiong'O,,fluss dazwischen,
e9809450-17eb-4304-9740-b5c3fbfbc6dc,Thirwell,Thirwell,,strategie,
c9726759-e8e3-461e-84b6-849953dd7c4a,Thoene,Thoene,,zion,
1c33c5f2-dfef-4f9c-8066-65936849448d,Thor,Thor,9783551351043,Eine Insel im Meer.,
a651117e-a8a4-4ddb-984c-4e1bb702a422,Thorn,Thorn,9783898972703,Unter dem Teebaum|frevlerhand,
fa431bc2-4c33-4394-94c9-c631f3a85489,Thuermer,Thuermer,,klinsmann,
be8199a9-f537-4bb3-8f20-cb121e4f1d10,Thunberg,Thunberg,9783103974805,Szenen aus dem Herzen,
2920dca7-023b-4b4a-a9ee-94c698b6c000,Thyvold,Thyvold,,suedpol,
bc1c736a-7f20-46c6-9c53-d18308b83d28,Tidyman,Tidyman,9783934872370,Shaft und das Mordkomplott,
f9323c7c-974d-48cc-8242-caa834ed50a9,Tietz,Tietz,9783548282510,Rattentanz,
7a13b6dc-21be-4a8e-85ab-b74fe42c522a,Tietze,Tietze,,abschied dir lebenskrisen|essen|organsprache,
7e3f57e8-f78a-4aa7-9e8b-49d7b1e33790,Toman,Toman,,juan,
b47b7735-89c5-4ca3-9846-8ef34cbb952f,Tomiak,Tomiak,9783426782613,Drachenwind,
64919178-6cba-4290-af18-53a8cfec6012,Tomizza,Tomizza,,bessere welt,
71afc24d-ec93-49d9-98da-a0f8a2eecdaa,Tong,Tong,9783499226953,Die Opiumfamilie.,
fc89a367-4ee5-4a3e-a073-67ec0090f226,Torrigrossa,Torrigrossa,,olivares,
9ae4a892-137e-4a1c-bbd3-1421d5067e7b,Torwesten,Torwesten,,ramkrishna,
11f3aaf4-7e9b-4f7f-b92c-e6630ef6db29,Tracy,Tracy,9781523084692,Eat That Frog! Cards,
ecec0bf1-af63-4ad2-a627-5018989bb050,Trainito,Trainito,,tauchplaetze,
851cb199-b7a4-4086-a1d6-fb8146563ef2,Travers,Travers,,mary poppins,
a95a87d5-ec40-4104-a4b9-49f2d5785e1f,Treffer,Treffer,,traumstrassen abendlandes,
c1163bb2-8bfc-4707-bad0-19edcf264939,Trevisan,Trevisan,,ana,
f668bc12-6cc9-43a7-b178-aeba90c38a02,Trinkwalder,Trinkwalder,9783426277843,Zukunft ist ein guter Ort,
f8e98b1e-ec22-40cc-8b9e-041a16d1d6d6,Trojanow,Trojanow,,entfesselte|weltensammler,
b8d95c66-24d7-4e25-9d31-b11a27aef7c7,Trooger,Trooger,,kriemhild,
e7d310dc-c469-479d-b14f-719a351bbbc3,Troost,Troost,,verlockungen suedsee,
8009673a-1fdd-45ae-85df-335149201ed4,Tropper,Tropper,,fast perfektes leben,
75e27122-ec38-461d-b40b-01ab4fe1a8b0,Trowell,Trowell,9783453440524,Afrika und Ozeanien,
539c63d1-a200-43b9-8e9f-0a154cb5a1ce,Troy,Troy,,pforte himmelreich,
17562e36-d8cc-416d-a5bb-0b94742fa9c9,Troyat,Troyat,,katharina,
8e81c412-5711-43bd-ac70-4c6fce99ee13,Woods,Woods,,ruht,
0f39d125-edd4-4241-9a88-ba394614c232,Woolrich,Woolrich,9783257216271,Der schwarze Pfad. Roman|nacht,
dccd2e9b-45a9-41e7-9505-6be126e09c90,Truksnis,Truksnis,,jurmala,
ef521aa5-3956-46bc-8f79-2777fb45cca0,Trump,Trump,,rich,
83094a46-b1ab-4fff-a60e-1deaa00e8c4d,Tschenze,Tschenze,9783641175962,vetucha,
15474f4d-b2dc-4740-9d0e-4b54ac42584c,Tschinag,Tschinag,,altai,
325a4dc1-7e8d-45a2-b918-f5e7a22a9ead,Tsokos,Tsokos,9783426519707,Zerbrochen,
ebce3dd8-3b57-48e4-bc68-9b80cf510f63,Turani,Turani,,italienische,
91aef0b0-284a-4786-8a20-243aa0650ba5,Turhan,Turhan,9783426511916,Kommissar Pascha,
e0166468-0727-48e3-bfe4-e8d780baee5c,Tweedie,Tweedie,,briefe unbeherzten,
29cece51-317d-4653-8cc9-1b2b9224b6f3,Twilfer,Twilfer,9783862652198,"Schantall, tu ma die Omma winken!",
1664207a-699a-4e03-a719-5e4268478735,Tyler,Tyler,,krieg|reisen leary,
7445f2f7-8e00-4b6e-a181-b47bc63926a3,Morton Robinson,Morton Robinson,,kardinal,
d197a69f-eabb-4c05-84a8-5b140b34077b,Ueguencue,Ueguencue,,gelassene,
3806311a-6c26-48cb-9730-5e1e10e3653c,Ufferfilge,Ufferfilge,,kippa,
1da0c62d-b597-4473-8c5b-021596de203e,Ugolini,Ugolini,,poverello,
a7158660-167d-4282-a4a6-f1401d28b683,Uhlig,Uhlig,,sumerer,
bbe42058-5cf0-4079-9187-d59df6f2fdc0,Ukena,Ukena,9783764505257,Der Eismann,
e7384b0e-3006-491f-93c2-89334e44604f,Ulbrich,Ulbrich,9783927940529,Die geweihten Nächte,
19097319-e0c1-4542-868d-2e04d8bbed67,Uli,Uli,,hoellenritt|sehen,
71266589-db6c-4976-b240-340fea76710e,Ullenboom,Ullenboom,9783836215077,Java 7 - mehr als eine Insel,
3905562e-edc1-464d-8773-0bfe774ce5c7,Ullman,Ullman,,tonto,
ab3240f7-f3ed-4987-acb3-0deed5a40ef5,Ullmann,Ullmann,,luegnerin,
0e5882da-2b43-418d-b2b9-badb5e6d14ed,Ulrici,Ulrici,,landarzt,
e0f46839-3e58-424d-971b-94d3e2eaaf40,Ummen,Ummen,,immobilien jahrbuch 2012,
40365448-9273-4a7a-9eb4-6160852f8ea2,Unser,Unser,,uno,
a7ddd7fd-b0aa-41ce-88fb-45d1a3120e4c,Unsworth,Unsworth,,sklavenschiff,
02e4100d-0c92-4f4f-ad89-53dc424e6cd5,Updike,Updike,,museen,
f09659f4-cd0c-4a8c-b9f5-8acc720a77e6,Urban,Urban,,Wie alles begann und wer dabei umkam,
31106985-1496-4c95-ba5e-7997b641a029,Urquhat,Urquhat,,papstes,
c671c6b7-89b7-455d-b3e4-ec7fcf087ca6,Uschmann,Uschmann,9783596172481,Wandelgermanen,
958d9c28-ff40-4d8d-99ad-d6a3676ecd36,Vachss,Vachss,9780330293242,Flood,
2bf77f35-6a86-4319-967d-872b155f7915,Vance,Vance,9780062469670,"Elon Musk: Tesla, SpaceX, and the Quest for a Fantastic Future|entschaedigung",
b8c15783-7d9e-4d38-9864-8f3a91a84aba,Vandiemen,Vandiemen,,dinge,
05573b9c-f4c1-4f1e-9385-60f43c817266,Varma,Varma,,indian,
e29267df-bf1f-48d1-9d2f-6dd23951b99a,Vasas-Brown,Vasas-Brown,,blutmal,
0b2e153a-7146-4e25-8340-49fa87070a55,Trevanian,Trevanian,3426005352680|9783426010648,Der Experte|Shibumi|shibumi,
1e6f2c73-5c33-4bf3-8562-0d7ed3e1c0cc,Munro,Munro,,happiness,
fca350a6-b676-4048-88b3-c7b118934f8a,Munson,Munson,,vision,
ce8e9ca9-5cce-419c-97ab-c85c324a05e2,Munthe,Munthe,,san-michele,
2c37576c-2660-404e-a98e-53f26e7513eb,Mueller,Mueller,,Einführung,
64b9fa2e-504c-4d1c-884b-2dca1e8cceb2,Murphy,Murphy,,loewenkoenigs|macht unterbewusstseins|statthalter,
b047f67e-36a9-47ad-9d9f-f439f48c0271,Noack,Noack,,drei zuviel|handvoll,
20033b02-d0ce-499a-85d9-6371b7602544,Silver,Silver,,erde retten,
d00966ba-28a2-41ee-a9ff-7e3c0dbca75b,Spengler,Spengler,9780140173819,Lenins Hirn,
a68b7776-9794-4c59-9496-8a0d2c53bd63,Thomas,Thomas,,eroberung|himmels,
46493b4d-9def-42d5-a9e4-2802a1cc6eae,Tillmanns,Tillmanns,9783957524508,Das Daimonicon,
29a117fd-9253-47ba-ba5e-966eaf625545,Tin,Tin,,perestroika,
e147ef63-ff49-42f8-95b5-1095489386a3,Tine,Tine,,bodyguard|cop|heat,
44bfc5ea-a5fc-41f8-ae3f-4bd5b0f0d927,Tingler,Tingler,,barcelona,
fbb4c30d-2d20-43f4-8318-0120aaa92f9c,Tisserand,Tisserand,9783748538479,Aroma-Therapie,
0628223d-0218-4130-93ed-104b044a6bac,Tobias,Tobias,,nervenkitzel,
38264f23-98c7-4fe0-ae02-71eeac0e96d9,Toepperwien,Toepperwien,,braunschweig johannesburg,
1746bc4a-d42d-4b92-9e6a-baecda468e2c,Toffler,Toffler,,zukunftsschock,
0106084c-77e1-42f1-b5a8-993f8e2e58ac,Tolle,Tolle,,new earth,
b8d1c93f-cb57-4893-af7f-2e586c68df14,Venturi,Venturi,,licht sterne,
ea3809d5-7be3-4dd1-a544-46c60a919e2b,Paschke,Paschke,,weltgeschichte,
ebee12e2-bc82-4e9b-a2b5-38296550e4e0,Pascoe,Pascoe,,fuechsin,
89b1da94-22a8-4c3e-a80b-0cb79e005f38,Pasha,Pasha,,aischa|schwerter,
efe06e68-d49a-4260-9afc-2447ef5e9cd0,Patzelt,Patzelt,,manager,
ad1d25ba-dcdc-4791-8401-c5c52026870b,Paulin,Paulin,,Das Leben Andreas Hofers und der Tiroler Freiheitskanpf 1809,
27bdd362-6a3e-4b75-9b5c-26c336b19fe8,Paulsen,Paulsen,,fluss<,
d539b324-3624-4c62-a4c3-e0c4c48475eb,Paura,Paura,,zwoelf maenner jahr,
f07bd178-991e-471b-a223-e620413d4865,Wagamese,Wagamese,,trommel,
40394882-d443-491b-a19b-4f5d129ec2c6,Wagner,Wagner,9783442107810,Ich verweigere den Wehrdienst|knaurs wueste|ost-kanada,
f079b1fc-604d-43ae-abc8-d68cdf034ab7,Wahl,Wahl,9783446246409,Wie ein flammender Schrei,
ca576447-591e-4621-a787-d85a0fe86552,Waigel,Waigel,9783765427213,"Tage, die Deutschland und die Welt veränderten",
d04a9553-ed40-4fb0-a7c1-d4d1ce81a2e9,Wala,Wala,,meine marke,
7bf9bae2-d2be-4ef1-aa43-5495844a5c8f,Walb,Walb,9783746613970,"Ich, die Alte--ich, die Junge",
72975893-fbc4-4eb6-8935-f4cffc35867b,Walden,Walden,,tal geysire|traumdeutung,
00da048d-2a14-4a40-976f-d95d2dbbd7a9,Walker,Walker,9783596125661,Amazone,
a86ede91-f721-4cf3-bf49-b43d354ed104,Wallert,Wallert,,tropenparadies,
903807f6-7fe2-4d3f-a41c-b0a4ad65562a,Wallis,Wallis,,vogelmaedchen,
7cc7013e-3a16-4b87-875d-612909f1d7d0,Wallner,Wallner,,gezeiten,
525d12dd-7020-4f08-87a3-a7995ae28922,Wallnoefer,Wallnoefer,,lebe richtig bleibe,
6567483b-adb1-4627-b6bd-42955ce2815e,Walsh,Walsh,,casablanca,
4a6cb362-54d4-4957-a84c-aafd7a83d13a,Walter,Walter,,sommerwind,
f0532e9e-4f5d-4ea9-8637-cf2b321750fe,Wandl,Wandl,,erfolgreich,
a5a06335-2f8f-435e-8f01-f90dca527d17,Wandmaker,Wandmaker,,kochtopf,
ae74d22a-6575-474b-be41-afcda6c51a5b,Wanninger,Wanninger,,schwabenfilz,
ca4afccd-0cd7-4dbf-9a20-909c3f3533d9,Warden,Warden,,steiner 2,
e340033f-47f5-4164-aef2-f7df1852a6bc,Wattles,Wattles,,grossartig,
e3936178-c770-487d-a9b8-5d271e0abb80,Weaver,Weaver,,moerders,
46c91f4d-8c48-433c-9ab7-d232cfa877bc,Webi,Webi,,anatomica,
be7a6198-05ba-416a-a28f-86083cf1cb20,Webster,Webster,,delphins,
358198eb-2a2b-460c-9f2b-240aa6d1fa7b,Wedel,Wedel,,gier,
ff1de657-27bd-4a2f-b694-f694a563147d,Weisberger,Weisberger,9783442541454|9783442542871,Der Teufel trägt Prada|Die Rache trägt Prada. Der Teufel kehrt zurück|tiffany,
e501360c-991d-4884-b9a5-e4812ec92781,Weggel,Weggel,9783406480928,China,
5c91de0d-81d1-4c96-92e8-bbd8dca8592e,Wegmann,Wegmann,9783405160227,Freizeit- Spaß mit Hunden. Spiele. Sport. Tricks,
19bb5b84-8bce-4a53-be1d-2b5964ea63b4,Wei√Ü,Wei√Ü,,arznei,
624bf971-eb61-4c6b-85f1-a6fdcd4c5052,Weichmann,Weichmann,,venedig lagune,
44993b19-2eaa-4451-8e15-7f2cd3cb8984,Weidenfeld,Weidenfeld,,besser reden schreiben,
cd1318c2-08dd-4bac-af59-d126eabbc864,Weidenmann,Weidenmann,,junge,
7242e1c7-fd14-4d23-8b87-01a6521e37bc,Weidmann,Weidmann,,bitter moon,
9bb2bce2-3567-4c18-99ac-b089adfe8854,Weil,Weil,,weg  grenze,
e88d66df-e771-4780-8185-2971b42e3c79,Weiler,Weiler,9783548364865,"Maria, Ihm Schmeckt's Nicht",
0b48d903-90d6-453c-9a70-7bc007682052,Weimer-Langer,Weimer-Langer,,bretagne,
10d19b44-580a-4a0d-abdd-6a02a456df76,Weimert,Weimert,,griechische inseln,
2098bc4c-899d-48af-bd4a-896b3848d374,Weingart,Weingart,,erlebtes erfahrenes erforschtes,
67e8b989-8736-47a7-9627-a070530ed741,Weinstock,Weinstock,,ungenuegend,
86fb4906-430f-4ae3-bc49-774ca285a47e,Weise,Weise,9783442141883,"Entschlackung, Entsäuerung, Entgiftung. Das Praxisbuch zur Körperreinigung",
838fd6ab-1432-4515-932f-8a619ca62be8,Wekwerth,Wekwerth,,hebamme,
604164c0-ad93-4cba-9379-c15330390ee3,Weldon,Weldon,,spa|teufelin,
503437a8-ed94-42c5-80b7-ad70e87bc7ab,Wellems,Wellems,,luege,
e4f3fe95-7223-4e45-819d-5c0ddadcb518,Weller,Weller,9783785517390,Der grosse Augenblick in der Zeitgeschichte,
ac0e828c-f67c-4272-ab6f-8189c3a50b92,Wells,Wells,,finderlohn,
6a72001b-e4d8-4ee3-875b-3781babc0677,Welsh,Welsh,,ecstasy romanzen chemischen|trainspotting,
a09f5c24-f293-476c-94bb-77c96022ca22,Welter,Welter,,maenner wollen,
22988881-c169-4542-a3ab-c84ac68398a2,Wenter,Wenter,,laikan,
d1380191-2c8c-4e1f-a2c3-c3c9dfa7bf68,Wentworth,Wentworth,,elfenbeindolch|zwoelf,
3aaa6088-f161-4ef9-9c61-0656d08c8c60,Werfel,Werfel,9783351004408,Die Geschwister von Neapel|musa-dagh,
b16b0a87-2e63-4955-bcc9-44354148c961,Wernstroem,Wernstroem,,sonnenaufgang,
4b0c6c3a-d910-490d-a5da-47daf2f87b69,Wessels,Wessels,,massage,
63b924a5-e577-40dc-b1ef-dc8ff8077baf,Westall,Westall,,windauge,
c428aed5-e6e8-41e5-8abd-10a03866bb18,Westerwelle,Westerwelle,,zwischen welten,
c8493f17-1ecc-4cc9-9560-389276d99ac1,Westphal,Westphal,9783453181243,Die Scream-Trilogie ... und die Geschichte des Teen-Horrorfilms|azteken,
217d4291-6440-41ba-8f2a-1da39c76f490,Wetscher,Wetscher,,9 Monate voller Sicherheit und Genuss,
5202017d-6558-4cba-9e3a-e5b9ac7b21c3,Weverka,Weverka,,waltons,
bd86c124-a677-4b8d-8a42-5bf72ddc546b,Whitaker,Whitaker,,farben dunkels,
4f48abdc-24cf-4dcc-83e3-8aa012bae881,Whitelaw,Whitelaw,,yoga,
411bcb40-ef71-459a-a3c6-8d63d040e6dc,Whittock,Whittock,,koenigs,
eb7c82f9-c3c1-4a31-b50a-5fcd93ad9771,Wich,Wich,,geheimnisvolle,
58867fd1-99c7-43a5-9112-919756c13fc7,Wickenhaeuser,Wickenhaeuser,,wetter,
b8cfe189-2885-4f4e-96c3-937c8f9defee,Wickham,Wickham,,heiratschwindlerin,
e7a4e3ed-caee-4295-881a-f8ad552e2087,Wiechert,Wiechert,,jeromin,
130ee0d7-c9cb-42c6-98d0-4c359f33eef6,Wieck,Wieck,9783596113125|9783783108804,Maenner Lassen Lieben|Männer lassen lieben,
7597065f-552f-4c90-9ef4-e71aaa8e9d0b,Wiedeking,Wiedeking,9783492049498,Anders ist besser,
770ebddb-3684-4ee5-935d-30eec261b06c,Wiedemann,Wiedemann,,psychologie,
7b882e40-e09a-4af3-851b-80e47f62b089,Wiener,Wiener,,bagdad,
0aaeb940-124b-4925-a707-c3db2f319b87,Wierz,Wierz,,haus sieben frauen,
a4040376-8137-4d3b-88cd-c4610fbf847c,Wiesemann,Wiesemann,9783417121964,Mission und Menschenrechte,
f4266097-c86f-4b04-8b9f-2aa53e7fde2c,Wiest,Wiest,9783492071598,"101 Essays, die dein Leben verändern werden",
ec5a6f72-a9f9-4438-8c91-f473406ed633,Wigge,Wigge,9783462041811,Ohne Geld bis ans Ende der Welt,
fd9b729e-5034-4fc5-baff-0d1ce99852c8,Wiggen,Wiggen,,dunkle,
148ce1e4-8cef-464e-9220-6e965e2c4bf4,Wikstrom,Wikstrom,,unsinn,
98d7d4bb-3233-4849-a001-174d94652428,Wildenhain,Wildenhain,9783880227729,Die kalte Haut der Stadt,
d30fc675-3264-4648-b448-3d21aad71c0d,Wilding,Wilding,,pfad traeume,
75b4bc1c-9aab-4ed9-9b10-c32b65d20c24,Wildung,Wildung,,sudan antike nil,
b3ef5a87-6b1d-4d28-b429-eb557e7ee07e,Wilhelm,Wilhelm,9783475534409,Der Brandner- Kaspar. Roman,
2247b220-62b3-4466-9f43-defd763065ad,Wilkerson,Wilkerson,,messerhelden,
18a1e62c-9fe1-433b-a6f0-438c5e077a15,Wilkinson,Wilkinson,,rom,
e2c6b032-49f0-4759-bbcb-0393e9c6f5c2,Will,Will,9783724516897,Bad banker,
4e091f10-7e99-4fec-af2f-652cfea7f1ce,Wille,Wille,,new york,
7bd525c6-f983-418d-a561-906cfebcd384,Williamson,Williamson,,westwaerts,
51f0bab6-2b53-4d44-9f89-eeeb9b1ae826,Willingham,Willingham,,Die Gestrandeten,
0a697807-a1c6-4255-b0a6-9a0570aef55b,Willmann,Willmann,,finstere tal,
fcec802b-d813-4e87-85f8-4a07718e7f58,Willschrei,Willschrei,,gefaehrte,
e2a52d03-1be3-462a-b0d7-86fb73c0f415,Wimmer,Wimmer,9783423508223,So rechnen Banken. Entscheidungshilfen für Geldanlage und Kreditaufnahme,
cf607e90-2fff-4033-953f-83771a82d4d4,Wimschneider,Wimschneider,,herbstmilch,
468db295-568d-4f39-a2d5-a9f8e745414d,Winchester,Winchester,,china liebte,
eca2e8df-6296-4841-8973-dfb09792d7e7,Winnemuth,Winnemuth,,grosse los,
6cd4db7e-afe0-4136-8711-059375a5d977,Winsloe,Winsloe,,uniform,
d26f9164-3f36-4072-85e5-059aa7d79334,Winslow,Winslow,9783426304297,Das Kartell|pacific private,
1d1e3012-43d4-4548-bb62-95508d7e7853,Winsor,Winsor,,amber,
7f577894-5aca-4b50-aacd-39e018d5d3f4,Winterfeld,Winterfeld,9783570270325,"Abenteuer aus dem alten Rom. Caius ist ein Dummkopf / Lukios, Neffe des Kaisers|bali lombok",
92661672-2aa8-430e-9044-fe7380b756cb,Winterhoff,Winterhoff,,kinder tyrannen|tyrannen,
4235e223-f686-499b-b341-d0ea8b907878,Winterhoff-Spurk,Winterhoff-Spurk,9783608944365,Unternehmen Babylon,
a1f54ff4-4a05-45dc-952c-faa1d04ffc07,Winzer,Winzer,,kulturgeschichte europas,
d74fd008-a8bb-474e-b187-8a0dcaf24995,Wisnewski,Wisnewski,,2023 verheimlicht,
d44a77a3-0b75-4986-93ec-c1a1008618b5,Wittmann,Wittmann,,aerztekind,
dff66e17-93e7-4fb3-946c-52f14fc5aed1,Wlodarek,Wlodarek,,geh|richtigen mann finden|uebersieht,
dc12e615-0626-4e79-aec2-6183856c280f,Woelk,Woelk,9783406734496,Der Sommer meiner Mutter,
d724f681-f3ad-45a2-acbd-be3c9eb8e2a2,Y,"Y,",,verde|western,
b69d41a1-1133-4ed1-a24b-3c9bcf9a18ec,Wolfe,Wolfe,,eitelkeiten|fegefeuer,
ba54f7ba-ca19-4f31-a670-b7dc9134157f,Wolff,Wolff,9783596143252|9783981346909,Arm aber Bio!|Im Schatten des Pferdemondes|feuer,
326f91ee-0f6c-4803-928e-da9de1870624,Wolick,Wolick,,sue maedchen mandelaugen,
44fc5b40-a464-4d29-a59f-0b89f750be93,Wollenhaupt,Wollenhaupt,,urlaubsparadies leseferien feinsten,
d50249eb-743c-442b-a0d2-d80c67f58fb0,Woller,Woller,9783492024105,6mal Kanada,
c5a32df8-2c75-4297-bba1-1254e1f9f798,Womack,Womack,,revolution autoindustrie,
7384faf7-4d29-4e36-80c6-dfed7b2ddfb9,Worell,Worell,9783811203648,Amerikas Naturwunder,sky worell [tmp_authors_csv(nur Nachname gleich)]
6ad655d4-ef54-4351-9eef-0740449bc022,Woulf,Woulf,,cordoba,
85fd5163-3ff1-45d6-8912-250a44b982c6,Wrba,Wrba,,australien,
7ab7c8bc-ea9a-4bd3-8d21-06f666ff4886,Wroblewski,Wroblewski,,geschichte,
28966b78-6756-47b3-8ef8-a50565f2747f,Wu,Wu,9783426781791,Feder im Sturm|feder sturm,
d354861e-a236-4a3c-a51c-a3c1475f0a95,Wohlgemuth,Wohlgemuth,,kabul|kundus,
0fdd8d8d-3093-47d5-a454-29f09f0b1ceb,Wuendrich,Wuendrich,,hochglanz,
b2076a05-fe30-4d9f-a912-08ea243e0616,Wuensche,Wuensche,,sehen hause,
fed03b19-f738-4111-a821-d64eacdc3d04,Wulf,Wulf,,auge fatima,
c32a8df2-0473-4276-9c0a-64e3303bd33a,Wulff-Braeutigam,Wulff-Braeutigam,,bhagwan,
20af6303-9962-4d6b-9cf3-af8ec4466a56,Wunsch,Wunsch,,verwoehnungsfalle,
c01d9634-6edb-496a-a10f-95b29f885fa9,Wurlitzer,Wurlitzer,9783770125852,Mecklenburg-Vorpommern,
f8d84132-9a49-40e2-97aa-bc54780822b2,Wustmann,Wustmann,9783770903344,Candida,
8e552279-be6a-4d99-a207-9a5dbe022ea7,Wyden,Wyden,,iacocca,
c49c66c2-f631-43b5-b8c6-7764a5cf98ac,Xingiian,Xingiian,,seele,
3b9def18-60b9-47fa-88a4-997cfa28f751,Xinran,Xinran,9783426273609,Himmelsbegraebnis Ein Buch fuer Shu Wen,
a2ec0ad2-feee-4bc2-82ee-6c8be244787c,Xinxin,Xinxin,,pekingmenschen,
92d78714-ab40-46d0-be89-8a5e67cd4bc5,Xu,Xu,,tochter,
7bd20002-a1e7-4312-a215-4fc52e33c3ea,Yalom,Yalom,,henker,
1dceb62b-089e-4ea1-944a-df8b76d8f915,Yamamoto,Yamamoto,,kauai,
d3fc6ea5-dd52-4f94-82bc-3220a3f2d936,Yanagihara,Yanagihara,9783446255586,wenig,
fd65a275-fc1a-4ea8-9d59-59710fe249bf,Yanagiharra,Yanagiharra,,costa,
dec1770c-77e9-45d0-98f4-0e29d767b55a,Yarger,Yarger,9780596150747,MySQL and mSQL,
87e167d9-bb0f-4126-8dda-af9dd756f65a,Yi,Yi,,kaiser china,
c5dea112-d731-4d58-911d-cc83ce983c82,Ying,Ying,,chinesische,
262cf2ab-217e-40fa-b8f2-36f507b7c7a5,Yiwu,Yiwu,,reisepass,
95b99b10-8c7a-4d6b-b6ab-ed191037302b,Young,Young,9780920620588,The forests of British Columbia,paul young [tmp_authors_csv(nur Nachname gleich)]
760414fe-1c01-40df-9175-83fbe4b6b538,Yogananda,Yogananda,,yogi,
5911f683-a824-416d-b4ba-a230cb9eb31a,Zoller,Zoller,,schatz hose rutscht,
8fc8b6ba-8fe1-4a54-9034-b0d651984eb4,Zurhorst,Zurhorst,,liebe  egal heiratest,
d6f192b8-e303-4a4a-ba1e-269a3142d830,Zusak,Zusak,,buecherdiebin,
c4c32168-0441-4bbb-b37c-cfcf41030d70,Zzz,Zzz,,zzz,
e4913d38-dd41-4510-bf0d-36c7994ef220,Zeffirelli,Zeffirelli,,gefangene|schatten,
baf7875e-7bdd-47df-aecb-1068bf18ee31,Tuck,Tuck,,diktators,
7ac641ec-f183-4bf1-81d6-2a20a95b9176,Tuiavii,Tuiavii,,papalagi,
258def0d-d9d0-4f48-b9d2-ecb2941d680b,Tukur,Tukur,9783103972733,Der Ursprung der Welt,
13f657e1-9054-4f9f-a624-0ad22b73faee,Tulavii,Tulavii,,papalagi,
0229b0c6-dccf-4eba-b155-dc6409bb740b,Tully,Tully,,jesus prophet rebell,
0d3748ab-7f57-4be6-9be8-da4aeed76188,Zargaran,Zargaran,,perser,
e166bb1b-5ac9-4ac2-ad17-41823d9d8ba8,Zaroulis,Zaroulis,,tanz,
8ebc1668-d4c5-4c63-9a6d-f71d70dcb652,Zebothsen,Zebothsen,,ararat,
8178b255-755c-42ad-ae3c-010dec2310dc,Zechmeister,Zechmeister,,sternstunden weltgeschichte,
923129b9-059f-4f62-9be5-4184e0c67602,Zeffirelli,Zeffirelli,,jesus,
bc198f2b-5606-4605-90f7-f1e798325726,Zeller,Zeller,,gesundheit,
bf23ed55-1bd6-4a0d-bb2b-0970b0f74ed7,Zeman,Zeman,,pinocchio,
62348afc-d4a8-43e2-89ec-354ca1b72015,Zencey,Zencey,9780340657218,Panama,
2d3e348b-24fe-451b-97a6-3e7e188bb518,Zevin,Zevin,9783453870345,Uncool. Oder die Kunst erwachsen zu werden,
